{
    "name": "",
    "properties": {
        "type": "AzureDataLakeStore",
        "typeProperties": {
            "dataLakeStoreUri": "",
            "servicePrincipalId": "",
            "servicePrincipalKey": {
                "type": "AzureKeyVaultSecret",
                "store": {
                    "referenceName": "",
                    "type": "LinkedServiceReference"
                },
                "secretName": ""
            },
            "tenant": "unilever.com",
            "subscriptionId": "",
            "resourceGroupName": ""
        }
    },
    "type": "Microsoft.DataFactory/factories/linkedservices"
}