{
    "name": "",
    "type": "Microsoft.DataFactory/factories/linkedservices",
    "properties": {
        "type": "AzureBlobFS",
        "typeProperties": {
            "url": "https://.dfs.core.windows.net",
            "tenant": "f66fae02-5d36-495b-bfe0-78a6ff9f8e6e",
            "servicePrincipalId": "",
            "servicePrincipalKey": {
                "type": "AzureKeyVaultSecret",
                "store": {
                    "referenceName": "LS_KV_LOCAL",
                    "type": "LinkedServiceReference"
                },
                "secretName": ""
            },
            "subscriptionId": "",
            "resourceGroupName": ""
        }
    }
}