{
  "name": "AzureBatchLinkedService",
  "properties": {
    "type": "AzureBatch",
    "typeProperties": {
      "accountName": "batchaccount",
      "accessKey": {
        "type": "AzureKeyVaultSecret",
        "store": {
            "referenceName": "LS_KV_LOCAL",
            "type": "LinkedServiceReference"
        },
        "secretName": ""
    },
      "batchUri": "https://batchaccount.region.batch.azure.com",
      "poolName": "poolname",
      "linkedServiceName": {
        "referenceName": "Storage",
        "type": "LinkedServiceReference"
      }
    },
    "connectVia": {
      "referenceName": "<name of Integration Runtime>",
      "type": "IntegrationRuntimeReference"
    }
  }
}