{
    "name": "LS_ADB",
    "properties": {
        "type": "AzureDatabricks",
        "typeProperties": {
            "domain": "https://westeurope.azuredatabricks.net",
            "newClusterNodeType": "Standard_D3_v2",
            "newClusterNumOfWorker": "1:10",
            "newClusterVersion": "5.2.0.x-scala2.11",
            "accessToken": {
                "type": "AzureKeyVaultSecret",
                "store": {
                    "referenceName": "LS_KV_LOCAL",
                    "type": "LinkedServiceReference"
                },
                "secretName": ""
            }
        },
        "connectVia": {
            "referenceName": "",
            "type": "IntegrationRuntimeReference"
        }
    }
}