
  {
    "name": "OnPremTeradataLinkedService",
    "properties": {
      "type": "Teradata",
      "typeProperties": {
        "server": "",
        "authenticationType": "Windows",
        "username": "",
        "password": {
          "type": "AzureKeyVaultSecret",
          "store": {
              "referenceName": "LS_KV_LOCAL",
              "type": "LinkedServiceReference"
          },
          "secretName": ""        
        }
      },
        "connectVia": {
          "referenceName": "<name of Integration Runtime>",
          "type": "IntegrationRuntimeReference"
        }
      }
    }
  


