{
    "name": "FileServerLinkedService",
    "properties": {
        "description": "",
        "type": "FileServer",
        "typeProperties": {
            "host": "",
            "userId": "",
            "password": {
                "type": "AzureKeyVaultSecret",
                "store": {
                    "referenceName": "LS_KV_LOCAL",
                    "type": "LinkedServiceReference"
                },
                "secretName": ""
            }
        },
        "connectVia": {
            "referenceName": "<name of Integration Runtime>",
            "type": "IntegrationRuntimeReference"
        }
    }
}