{
    "name": "",
    "properties": {
        "description": "",
        "activities": [
            {
                "name": "",
                "type": "WebActivity",
                "policy": {
                    "timeout": "7.00:00:00",
                    "retry": 0,
                    "retryIntervalInSeconds": 30,
                    "secureOutput": false,
                    "secureInput": false
                },
                "typeProperties": {
                    "url": "",
                    "method": "POST",
                    "body": {
                        "value": "@concat(pipeline().DataFactory,',',pipeline().RunId,',','')",
                        "type": "Expression"
                    }
                }
            }
        ]
    },
    "type": "Microsoft.DataFactory/factories/pipelines"
}