{
    "name": "",
    "properties": {
        "description": "Process a cube using TMSL",
        "activities": [
            {
                "name": "ExecuteTMSL",
                "type": "WebActivity",
                "dependsOn": [],
                "policy": {
                    "timeout": "7.00:00:00",
                    "retry": 0,
                    "retryIntervalInSeconds": 30,
                    "secureOutput": false,
                    "secureInput": false
                },
                "userProperties": [],
                "typeProperties": {
                    "url": "",
                    "method": "POST",
                    "body": {
                        "value": "@concat('{\"csv\":\"',\n\t\t\t\tpipeline().DataFactory,\n\t\t\t\t',',\n\t\t\t\tpipeline().RunId,\n\t\t\t\t',,\",',\n                                '\"object\":',\n\t\t\t\tpipeline().parameters.tmslScript,\n\t\t\t\t'}')",
                        "type": "Expression"
                    }
                }
            }
        ],
        "parameters": {
            "tmslScript": {
                "type": "string",
                "defaultValue": {
                    "refresh": {
                        "type": "dataOnly",
                        "objects": [
                            {
                                "database": "Livewire"
                            }
                        ]
                    }
                }
            }
        },
        "annotations": []
    },
    "type": "Microsoft.DataFactory/factories/pipelines"
}