{
    "name": "",
    "properties": {
        "description": "",
        "activities": [
            {
                "name": "Wait1",
                "type": "Wait",
                "dependsOn": [],
                "userProperties": [],
                "typeProperties": {
                    "waitTimeInSeconds": 1
                }
            }
        ],
        "parameters": {
            "exitStatus": {
                "type": "bool"
            },
            "logFileName": {
                "type": "string"
            }
        },
        "variables": {
            "dummy": {
                "type": "String"
            }
        },
        "annotations": []
    },
    "type": "Microsoft.DataFactory/factories/pipelines"
}