{
    "name": "SftpLinkedService",
    "properties": {
        "type": "Sftp",
        "typeProperties": {
            "host": "<sftp server>",
            "port": 22,
            "skipHostKeyValidation": true,
            "authenticationType": "SshPublicKey",
            "userName": "<username>",
            "privateKeyContent": {
                "type": "AzureKeyVaultSecret",
                "store": {
                    "referenceName": "LS_KV_LOCAL",
                    "type": "LinkedServiceReference"
                },
                "secretName": ""
            },
            "passPhrase": {
                "type": "AzureKeyVaultSecret",
                "store": {
                    "referenceName": "LS_KV_LOCAL",
                    "type": "LinkedServiceReference"
                },
                "secretName": ""
            }
        },
        "connectVia": {
            "referenceName": "<name of Integration Runtime>",
            "type": "IntegrationRuntimeReference"
        }
    }
}