{
    "name": "LS_ASDW",
    "type": "Microsoft.DataFactory/factories/linkedservices",
    "properties": {
        "type": "AzureSqlDW",
        "typeProperties": {
            "connectionString": "",
            "servicePrincipalId": "",
            "servicePrincipalKey": {
                "type": "AzureKeyVaultSecret",
                "store": {
                    "referenceName": "",
                    "type": "LinkedServiceReference"
                },
                "secretName": ""
            },
            "tenant": ""
        },
        "connectVia": {
            "referenceName": "",
            "type": "IntegrationRuntimeReference"
        }
    }
}