{
    "name": "",
    "type": "Microsoft.DataFactory/factories/linkedservices",
    "properties": {
        "type": "AzureBlobStorage",
        "typeProperties": {
            "serviceEndpoint": "",
            "tenant": "",
            "servicePrincipalId": "",
            "servicePrincipalKey": {
                "type": "AzureKeyVaultSecret",
                "store": {
                    "referenceName": "LS_KV_LOCAL",
                    "type": "LinkedServiceReference"
                },
                "secretName": ""
            }
        }
    }
}