{
	"name": "LS_ADLS_BDL_Prod_gen2",
	"properties": {
		"annotations": [],
		"type": "AzureBlobFS",
		"typeProperties": {
			"url": "https://dbstorageda18p80195adls.dfs.core.windows.net",
			"tenant": "f66fae02-5d36-495b-bfe0-78a6ff9f8e6e",
			"servicePrincipalId": "9a120028-3ccc-44be-be9e-ce85fcfeb421",
			"servicePrincipalCredentialType": "ServicePrincipalKey",
			"servicePrincipalCredential": {
				"type": "AzureKeyVaultSecret",
				"store": {
					"referenceName": "LS_KV_LOCAL",
					"type": "LinkedServiceReference"
				},
				"secretName": "svc-b-da-d-901311-ina-aadprincipal"
			}
		}
	}
}