{
	"name": "bieno-da12-d-901311-adf-01",
	"properties": {
		"globalParameters": {
			"TTS_DL_RAW_DLY": {
				"type": "string",
				"value": "unilever/TTS/raw/daily"
			},
			"TTS_DL_RAW_MTLY": {
				"type": "string",
				"value": "unilever/TTS/raw/monthly"
			},
			"TTS_DL_RAW_STAT": {
				"type": "string",
				"value": "unilever/TTS/raw/static"
			},
			"ROOT_UDL_FMT": {
				"type": "string",
				"value": "unilever/UniversalDataLake/InternalSources/FileFMT/BlobFileShare/SecondarySales/Vietnam"
			},
			"TTS_DL_PRC_MSTR": {
				"type": "string",
				"value": "unilever/TTS/processed/masters"
			},
			"TTS_DL_PRC_REF": {
				"type": "string",
				"value": "unilever/TTS/processed/references"
			},
			"TTS_DL_PRC_TXN": {
				"type": "string",
				"value": "unilever/TTS/processed/transactions"
			},
			"TTS_DL_TRN_DIM": {
				"type": "string",
				"value": "unilever/TTS/transformed/dimensions"
			},
			"TTS_DL_TRN_FCT": {
				"type": "string",
				"value": "unilever/TTS/transformed/facts"
			},
			"TTS_DL_TRN_AGG": {
				"type": "string",
				"value": "unilever/TTS/transformed/aggregates"
			},
			"TTS_PDS_STG_STATIC": {
				"type": "string",
				"value": "processed/TTS/static"
			},
			"TTS_DL_TEMP": {
				"type": "string",
				"value": "unilever/TTS/temp"
			},
			"TTS_PDS_STG_MTHLY": {
				"type": "string",
				"value": "processed/TTS/monthly"
			},
			"TTS_PDS_STG_DAILY": {
				"type": "string",
				"value": "processed/TTS/daily"
			}
		}
	},
	"location": "northeurope"
}