{
    "Microsoft.DataFactory/factories/pipelines": {
        "properties": {
            "activities": [{
                "typeProperties": {
                    "url": "="
                }
            }]
        }
    },
    "Microsoft.DataFactory/factories/integrationRuntimes":{
        "properties": {
            "typeProperties": {
                "ssisProperties": {
                    "catalogInfo": {
                        "catalogServerEndpoint": "=",
                        "catalogAdminUserName": "=",
                        "catalogAdminPassword": {
                            "value": "-::secureString"
                        }
                    },
                    "customSetupScriptProperties": {
                        "sasToken": {
                            "value": "-::secureString"
                        }
                    }
                },
                "linkedInfo": {
                    "key": {
                        "value": "-::secureString"
                    },
                    "resourceId": "="
                }
            }
        }
    },
    "Microsoft.DataFactory/factories/triggers": {
        "properties": {
            "pipelines": [{
                    "parameters": {
                        "*": "="
                    }
                },  
                "pipelineReference.referenceName"
            ],
            "pipeline": {
                "parameters": {
                    "*": "="
                }
            },
            "typeProperties": {
                "scope": "="
            }

        }
    },
    "Microsoft.DataFactory/factories/linkedServices": {
        "*": {
            "properties": {
                "typeProperties": {
                    "accountName": "=",
                    "username": "=",
                    "userName": "=",
                    "accessKeyId": "=",
                    "servicePrincipalId": "=",
                    "userId": "=",
                    "clientId": "=",
                    "clusterUserName": "=",
                    "clusterSshUserName": "=",
                    "existingClusterId": "=",
                    "hostSubscriptionId": "=",
                    "clusterResourceGroup": "=",
                    "subscriptionId": "=",
                    "resourceGroupName": "=",
                    "dataLakeStoreUri": "=",
                    "baseUrl": "=",
                    "database": "=",
                    "serviceEndpoint": "=",
                    "batchUri": "=",
                    "databaseName": "=",
                    "systemNumber": "=",
                    "server": "=",
                    "url":"=",
                    "aadResourceId": "=",
                    "connectionString": "=",
                    "servicePrincipalKey" : {
                        "secretName": "="
                    },
                    "password" : {
                        "secretName": "="
                    },
                    "host": "="
                }
            }
        },
        "Odbc": {
            "properties": {
                "typeProperties": {
                    "userName": "=",
                    "connectionString": {
                        "secretName": "="
                    }
                }
            }
        },
        "Sftp" : {
            "properties": {
                "typeProperties": {
                    "host": "=",
                    "port": "=",
                    "userName": "=",
                    "privateKeyContent": {
                        "secretName": "="
                    },
                    "passPhrase": {
                        "secretName": "="
                    }
                }
            }
        }
    }
}