{
	"$schema": "https://schema.management.azure.com/schemas/2015-01-01/deploymentParameters.json#",
	"contentVersion": "1.0.0.0",
	"parameters": {
		"factoryName": {
			"value": "bieno-da12-d-901311-adf-01"
		},
		"LS_ASDW_connectionString": {
			"value": ""
		},
		"PL_PAUSE_AAS_properties_0_typeProperties_url": {
			"value": "https://s9events.azure-automation.net/webhooks?token=4aI%2fxOY6ZODut%2fIzbtmjXmgULTQ%2fExCKc9kTyyG050w%3d"
		},
		"PL_PAUSE_SQLDW_properties_0_typeProperties_url": {
			"value": "https://s9events.azure-automation.net/webhooks?token=r8AyRg6kdZ8vv%2fH7Ryc7WGr1Yo4351RxBNXcObk%2feLo%3d"
		},
		"PL_PROCESS_AASV2_WORKFLOW_properties_0_typeProperties_url": {
			"value": "https://6f448717-1c7f-4249-8c16-88a41769d9eb.webhook.ne.azure-automation.net/webhooks?token=D1KK5%2fTE2QA6T3cBBWwT028BV9VWjnMWcCTH8dbCnq0%3d"
		},
		"PL_PROCESS_AASV2_WORKFLOW_properties_1_typeProperties_url": {
			"value": "https://6f448717-1c7f-4249-8c16-88a41769d9eb.webhook.ne.azure-automation.net/webhooks?token=D1KK5%2fTE2QA6T3cBBWwT028BV9VWjnMWcCTH8dbCnq0%3d"
		},
		"PL_PROCESS_AASV2_WORKFLOW_properties_2_typeProperties_url": {
			"value": "https://6f448717-1c7f-4249-8c16-88a41769d9eb.webhook.ne.azure-automation.net/webhooks?token=D1KK5%2fTE2QA6T3cBBWwT028BV9VWjnMWcCTH8dbCnq0%3d"
		},
		"PL_PROCESS_AASV2_WORKFLOW_properties_3_typeProperties_url": {
			"value": "https://6f448717-1c7f-4249-8c16-88a41769d9eb.webhook.ne.azure-automation.net/webhooks?token=D1KK5%2fTE2QA6T3cBBWwT028BV9VWjnMWcCTH8dbCnq0%3d"
		},
		"PL_PROCESS_AASV2_WORKFLOW_properties_4_typeProperties_url": {
			"value": "https://6f448717-1c7f-4249-8c16-88a41769d9eb.webhook.ne.azure-automation.net/webhooks?token=D1KK5%2fTE2QA6T3cBBWwT028BV9VWjnMWcCTH8dbCnq0%3d"
		},
		"PL_PROCESS_CUBE_TTS_properties_0_typeProperties_url": {
			"value": "https://s9events.azure-automation.net/webhooks?token=pbNj8QScN5%2feViIkAaOZgwyoAvstRVtsoY5IlRwB4FM%3d"
		},
		"PL_RESUME_AAS_properties_0_typeProperties_url": {
			"value": "https://s9events.azure-automation.net/webhooks?token=peBg2hEuvrd%2bglsWS5LDKkczhebozGRs8YyOD64acos%3d"
		},
		"PL_RESUME_SQLDW_properties_0_typeProperties_url": {
			"value": "https://s9events.azure-automation.net/webhooks?token=JRi9QKLI6HmnwaMGrHQx%2fyi%2be98ADBWhWc5t8UWH4Ew%3d"
		},
		"PL_RESUME_SQLDW_WITH_CALLBACK_properties_0_typeProperties_url": {
			"value": "https://s9events.azure-automation.net/webhooks?token=JRi9QKLI6HmnwaMGrHQx%2fyi%2be98ADBWhWc5t8UWH4Ew%3d"
		},
		"PL_SCALE_AAS_properties_0_typeProperties_url": {
			"value": "https://58aa0e39-9d27-49e5-b6b8-62c34ebca19d.webhook.ne.azure-automation.net/webhooks?token=VdlIPH%2biX3ERduL7vrv7vsvr0T%2fggcyATmwLqN3m8qU%3d"
		},
		"PL_SCALE_SQLDB_properties_0_typeProperties_url": {
			"value": "https://s9events.azure-automation.net/webhooks?token=lriM4WaRsRSMkgcX5klkrgDwj0s%2fF1zUOg1GZ1jBtFs%3d"
		},
		"PL_SCALE_SQLDW_properties_0_typeProperties_url": {
			"value": "https://s9events.azure-automation.net/webhooks?token=lriM4WaRsRSMkgcX5klkrgDwj0s%2fF1zUOg1GZ1jBtFs%3d"
		},
		"PL_SCALE_WEB_properties_0_typeProperties_url": {
			"value": "https://58aa0e39-9d27-49e5-b6b8-62c34ebca19d.webhook.ne.azure-automation.net/webhooks?token=KnHQYVO2QDmSRYcdpEzZ5qo9zVkQm3BhwRimYQ%2bPf5I%3d"
		},
		"PL_Send_Email_Notifications_properties_0_typeProperties_url": {
			"value": "https://prod-39.northeurope.logic.azure.com:443/workflows/485200ab4d0645358146b2ffdc2e6751/triggers/manual/paths/invoke?api-version=2016-10-01&sp=%2Ftriggers%2Fmanual%2Frun&sv=1.0&sig=dMlAOGl8IBs352gv1j4-FlTuWy6hb3bFqlcjkM-43fw"
		},
		"LS_ABLB_properties_typeProperties_connectionString_secretName": {
			"value": "LocalStorageAccountConnection"
		},
		"LS_ABLB_FMT_sasUri": {
			"value": ""
		},
		"LS_ABLB_FMT_properties_typeProperties_sasToken_secretName": {
			"value": "DataSASUriAccess-80140"
		},
		"LS_ABLB_FMT_80140_sasUri": {
			"value": ""
		},
		"LS_ABLB_FMT_80140_properties_typeProperties_sasToken_secretName": {
			"value": "DataSASUriAccess-80140"
		},
		"LS_ADB_properties_typeProperties_domain": {
			"value": "https://westeurope.azuredatabricks.net"
		},
		"LS_ADB_properties_typeProperties_existingClusterId": {
			"value": "0805-100507-ended144"
		},
		"LS_ADB_DELTA_properties_typeProperties_domain": {
			"value": "https://adb-7126608259687071.11.azuredatabricks.net"
		},
		"LS_ADB_DELTA_properties_typeProperties_clusterId": {
			"value": "0805-100507-ended144"
		},
		"LS_ADLS_properties_typeProperties_url": {
			"value": "https://dbstorageda12d901311adls.dfs.core.windows.net"
		},
		"LS_ADLS_901311_properties_typeProperties_url": {
			"value": "https://dbstorageda12d901311adls.dfs.core.windows.net"
		},
		"LS_ADLS_901311_properties_typeProperties_tenant": {
			"value": "f66fae02-5d36-495b-bfe0-78a6ff9f8e6e"
		},
		"LS_ADLS_901311_properties_typeProperties_servicePrincipalId": {
			"value": "9a120028-3ccc-44be-be9e-ce85fcfeb421"
		},
		"LS_ADLS_901311_properties_typeProperties_servicePrincipalCredential_secretName": {
			"value": "svc-b-da-d-901311-ina-aadprincipal"
		},
		"LS_ADLS_BDL_properties_typeProperties_url": {
			"value": "https://dbstorageda18p80195adls.dfs.core.windows.net"
		},
		"LS_ADLS_BDL_properties_typeProperties_tenant": {
			"value": "f66fae02-5d36-495b-bfe0-78a6ff9f8e6e"
		},
		"LS_ADLS_BDL_properties_typeProperties_servicePrincipalId": {
			"value": "9a120028-3ccc-44be-be9e-ce85fcfeb421"
		},
		"LS_ADLS_BDL_properties_typeProperties_servicePrincipalCredential_secretName": {
			"value": "svc-b-da-d-901311-ina-aadprincipal"
		},
		"LS_ADLS_UDL_properties_typeProperties_url": {
			"value": "https://dbstorageda06b80066adls.dfs.core.windows.net"
		},
		"LS_ADLS_UDL_properties_typeProperties_tenant": {
			"value": "f66fae02-5d36-495b-bfe0-78a6ff9f8e6e"
		},
		"LS_ADLS_UDL_properties_typeProperties_servicePrincipalId": {
			"value": "9a120028-3ccc-44be-be9e-ce85fcfeb421"
		},
		"LS_ADLS_UDL_properties_typeProperties_servicePrincipalCredential_secretName": {
			"value": "svc-b-da-d-901311-ina-aadprincipal"
		},
		"LS_KV_LOCAL_properties_typeProperties_baseUrl": {
			"value": "https://bieno-da12-d-901311-kv01.vault.azure.net/"
		},
		"TRG_MappingPromoAll_properties_typeProperties_scope": {
			"value": "/subscriptions/c9462478-f3d6-4345-acd0-feb25ebe28ca/resourceGroups/bieno-da12-d-901311-rg/providers/Microsoft.Storage/storageAccounts/dbstorageda12d901311"
		},
		"TRG_MappingPromoSummarised_properties_typeProperties_scope": {
			"value": "/subscriptions/c9462478-f3d6-4345-acd0-feb25ebe28ca/resourceGroups/bieno-da12-d-901311-rg/providers/Microsoft.Storage/storageAccounts/dbstorageda12d901311"
		},
		"TRG_MasterPromotion_properties_typeProperties_scope": {
			"value": "/subscriptions/c9462478-f3d6-4345-acd0-feb25ebe28ca/resourceGroups/bieno-da12-d-901311-rg/providers/Microsoft.Storage/storageAccounts/dbstorageda12d901311"
		},
		"TRG_MasterStoreSize_properties_typeProperties_scope": {
			"value": "/subscriptions/c9462478-f3d6-4345-acd0-feb25ebe28ca/resourceGroups/bieno-da12-d-901311-rg/providers/Microsoft.Storage/storageAccounts/dbstorageda12d901311"
		},
		"TRG_OldNewBrandCode_properties_typeProperties_scope": {
			"value": "/subscriptions/c9462478-f3d6-4345-acd0-feb25ebe28ca/resourceGroups/bieno-da12-d-901311-rg/providers/Microsoft.Storage/storageAccounts/dbstorageda12d901311"
		},
		"TRG_PERSTRPromotionSplit_properties_typeProperties_scope": {
			"value": "/subscriptions/c9462478-f3d6-4345-acd0-feb25ebe28ca/resourceGroups/bieno-da12-d-901311-rg/providers/Microsoft.Storage/storageAccounts/dbstorageda12d901311"
		},
		"IR-OnPrem_properties_typeProperties_linkedInfo_resourceId": {
			"value": "/subscriptions/c9462478-f3d6-4345-acd0-feb25ebe28ca/resourcegroups/bieno-da12-d-56731-rg/providers/Microsoft.DataFactory/factories/bieno-da12-d-56731-adf-01/integrationruntimes/bieno-da12-d-56731-dfgw-master"
		},
		"PL_PROCESS_CUBE_properties_0_typeProperties_url": {
			"value": "https://s9events.azure-automation.net/webhooks?token=pbNj8QScN5%2feViIkAaOZgwyoAvstRVtsoY5IlRwB4FM%3d"
		},
		"dataFactory_properties_globalParameters_TTS_DL_RAW_DLY_value": {
			"value": "unilever/TTS/raw/daily"
		},
		"dataFactory_properties_globalParameters_TTS_DL_RAW_MTLY_value": {
			"value": "unilever/TTS/raw/monthly"
		},
		"dataFactory_properties_globalParameters_TTS_DL_RAW_STAT_value": {
			"value": "unilever/TTS/raw/static"
		},
		"dataFactory_properties_globalParameters_ROOT_UDL_FMT_value": {
			"value": "unilever/UniversalDataLake/InternalSources/FileFMT/BlobFileShare/SecondarySales/Vietnam"
		},
		"dataFactory_properties_globalParameters_TTS_DL_PRC_MSTR_value": {
			"value": "unilever/TTS/processed/masters"
		},
		"dataFactory_properties_globalParameters_TTS_DL_PRC_REF_value": {
			"value": "unilever/TTS/processed/references"
		},
		"dataFactory_properties_globalParameters_TTS_DL_PRC_TXN_value": {
			"value": "unilever/TTS/processed/transactions"
		},
		"dataFactory_properties_globalParameters_TTS_DL_TRN_DIM_value": {
			"value": "unilever/TTS/transformed/dimensions"
		},
		"dataFactory_properties_globalParameters_TTS_DL_TRN_FCT_value": {
			"value": "unilever/TTS/transformed/facts"
		},
		"dataFactory_properties_globalParameters_TTS_DL_TRN_AGG_value": {
			"value": "unilever/TTS/transformed/aggregates"
		},
		"dataFactory_properties_globalParameters_TTS_PDS_STG_STATIC_value": {
			"value": "processed/TTS/static"
		},
		"dataFactory_properties_globalParameters_TTS_DL_TEMP_value": {
			"value": "unilever/TTS/temp"
		},
		"dataFactory_properties_globalParameters_TTS_PDS_STG_MTHLY_value": {
			"value": "processed/TTS/monthly"
		},
		"dataFactory_properties_globalParameters_TTS_PDS_STG_DAILY_value": {
			"value": "processed/TTS/daily"
		},
		"dataFactory_location": {
			"value": "northeurope"
		}
	}
}