{
	"name": "AzureSynapseAnalyticsTable1",
	"properties": {
		"linkedServiceName": {
			"referenceName": "LS_ASDW",
			"type": "LinkedServiceReference"
		},
		"folder": {
			"name": "LODR"
		},
		"annotations": [],
		"type": "AzureSqlDWTable",
		"schema": [
			{
				"name": "salesforce",
				"type": "varchar"
			},
			{
				"name": "standardised_SPG",
				"type": "varchar"
			},
			{
				"name": "product_hierarchy",
				"type": "varchar"
			}
		],
		"typeProperties": {
			"schema": "dbo",
			"table": "map_spg_to_PH"
		}
	},
	"type": "Microsoft.DataFactory/factories/datasets"
}