{
	"name": "DS_ADLS_TRN",
	"properties": {
		"linkedServiceName": {
			"referenceName": "LS_ADLS",
			"type": "LinkedServiceReference"
		},
		"parameters": {
			"RawFolder": {
				"type": "string"
			},
			"SubFolder": {
				"type": "string"
			}
		},
		"folder": {
			"name": "LODR"
		},
		"annotations": [],
		"type": "Parquet",
		"typeProperties": {
			"location": {
				"type": "AzureBlobFSLocation",
				"folderPath": {
					"value": "@dataset().SubFolder",
					"type": "Expression"
				},
				"fileSystem": {
					"value": "@dataset().RawFolder",
					"type": "Expression"
				}
			},
			"compressionCodec": "snappy"
		},
		"schema": []
	},
	"type": "Microsoft.DataFactory/factories/datasets"
}