{
	"name": "DS_ADLS_TEMP2",
	"properties": {
		"linkedServiceName": {
			"referenceName": "LS_ADLS",
			"type": "LinkedServiceReference"
		},
		"folder": {
			"name": "TTS"
		},
		"annotations": [],
		"type": "DelimitedText",
		"typeProperties": {
			"location": {
				"type": "AzureBlobFSLocation",
				"folderPath": "TTS/temp/sub_temp",
				"fileSystem": "unilever"
			},
			"columnDelimiter": ",",
			"escapeChar": "",
			"firstRowAsHeader": true,
			"quoteChar": ""
		},
		"schema": []
	},
	"type": "Microsoft.DataFactory/factories/datasets"
}