{
	"name": "DS_ASDW_FACT_KPI",
	"properties": {
		"linkedServiceName": {
			"referenceName": "LS_ASDW",
			"type": "LinkedServiceReference"
		},
		"folder": {
			"name": "LODR"
		},
		"annotations": [],
		"type": "AzureSqlDWTable",
		"schema": [
			{
				"name": "salesman_code",
				"type": "int",
				"precision": 10
			},
			{
				"name": "distributor_code",
				"type": "varchar"
			},
			{
				"name": "site_code",
				"type": "varchar"
			},
			{
				"name": "salesman_product_group",
				"type": "varchar"
			},
			{
				"name": "Dt",
				"type": "date"
			},
			{
				"name": "Month",
				"type": "varchar"
			},
			{
				"name": "Year",
				"type": "int",
				"precision": 10
			},
			{
				"name": "trading_day",
				"type": "int",
				"precision": 10
			},
			{
				"name": "country",
				"type": "varchar"
			},
			{
				"name": "actual_outlet_time",
				"type": "int",
				"precision": 10
			},
			{
				"name": "effective_outlet_time",
				"type": "int",
				"precision": 10
			},
			{
				"name": "geo_complied_calls",
				"type": "int",
				"precision": 10
			},
			{
				"name": "pjp_complied_calls",
				"type": "int",
				"precision": 10
			},
			{
				"name": "planned_calls",
				"type": "int",
				"precision": 10
			},
			{
				"name": "total_sales_return",
				"type": "int",
				"precision": 10
			},
			{
				"name": "total_outlet_count",
				"type": "int",
				"precision": 10
			},
			{
				"name": "SM_4P_compliance_outlet",
				"type": "int",
				"precision": 10
			},
			{
				"name": "EB_target",
				"type": "int",
				"precision": 10
			},
			{
				"name": "EB_actual",
				"type": "int",
				"precision": 10
			},
			{
				"name": "redline_target",
				"type": "int",
				"precision": 10
			},
			{
				"name": "redline_actual",
				"type": "int",
				"precision": 10
			},
			{
				"name": "WP_target",
				"type": "int",
				"precision": 10
			},
			{
				"name": "WP_actual",
				"type": "int",
				"precision": 10
			},
			{
				"name": "NPD_target",
				"type": "int",
				"precision": 10
			},
			{
				"name": "NPD_actual",
				"type": "int",
				"precision": 10
			},
			{
				"name": "active_shop_in_pjp",
				"type": "int",
				"precision": 10
			},
			{
				"name": "eco_actual",
				"type": "int",
				"precision": 10
			},
			{
				"name": "calls_to_be_visited",
				"type": "int",
				"precision": 10
			},
			{
				"name": "gsv",
				"type": "int",
				"precision": 10
			},
			{
				"name": "PC",
				"type": "int",
				"precision": 10
			},
			{
				"name": "total_sku_line",
				"type": "int",
				"precision": 10
			},
			{
				"name": "lppc",
				"type": "int",
				"precision": 10
			}
		],
		"typeProperties": {
			"schema": "dbo",
			"table": "fact_kpi"
		}
	}
}