{
	"name": "DS_ASDW_MIDPROD_CAT_CORE",
	"properties": {
		"linkedServiceName": {
			"referenceName": "LS_ASDW",
			"type": "LinkedServiceReference"
		},
		"folder": {
			"name": "LODR"
		},
		"annotations": [],
		"type": "AzureSqlDWTable",
		"schema": [
			{
				"name": "brand",
				"type": "varchar"
			},
			{
				"name": "category_code",
				"type": "varchar"
			},
			{
				"name": "cotc",
				"type": "varchar"
			},
			{
				"name": "brand_cat_core",
				"type": "varchar"
			}
		],
		"typeProperties": {
			"schema": "dbo",
			"table": "mid_prod_cat_core"
		}
	},
	"type": "Microsoft.DataFactory/factories/datasets"
}