{
	"name": "DS_ABLB_PDS_EXCEL",
	"properties": {
		"linkedServiceName": {
			"referenceName": "LS_ABLB",
			"type": "LinkedServiceReference"
		},
		"parameters": {
			"RootFolder": {
				"type": "string"
			},
			"SubFolder": {
				"type": "string"
			}
		},
		"folder": {
			"name": "TTS"
		},
		"annotations": [],
		"type": "Excel",
		"typeProperties": {
			"sheetName": "Sheet 1",
			"location": {
				"type": "AzureBlobStorageLocation",
				"folderPath": {
					"value": "@dataset().SubFolder",
					"type": "Expression"
				},
				"container": {
					"value": "@dataset().RootFolder",
					"type": "Expression"
				}
			},
			"firstRowAsHeader": true
		},
		"schema": []
	},
	"type": "Microsoft.DataFactory/factories/datasets"
}