{
	"name": "DS_ASDW_DIM_OUTLET",
	"properties": {
		"linkedServiceName": {
			"referenceName": "LS_ASDW",
			"type": "LinkedServiceReference"
		},
		"folder": {
			"name": "LODR"
		},
		"annotations": [],
		"type": "AzureSqlDWTable",
		"schema": [
			{
				"name": "outlet_code",
				"type": "varchar"
			},
			{
				"name": "outletsubtypecode",
				"type": "varchar"
			},
			{
				"name": "outletstatuscode",
				"type": "varchar"
			},
			{
				"name": "channel",
				"type": "varchar"
			}
		],
		"typeProperties": {
			"schema": "dbo",
			"table": "dim_outlet"
		}
	}
}