{
	"name": "DS_ASDW_MID_DIST",
	"properties": {
		"linkedServiceName": {
			"referenceName": "LS_ASDW",
			"type": "LinkedServiceReference"
		},
		"folder": {
			"name": "LODR"
		},
		"annotations": [],
		"type": "AzureSqlDWTable",
		"schema": [
			{
				"name": "distributor_code",
				"type": "varchar"
			},
			{
				"name": "site_code",
				"type": "varchar"
			}
		],
		"typeProperties": {
			"schema": "dbo",
			"table": "mid_dist_site"
		}
	},
	"type": "Microsoft.DataFactory/factories/datasets"
}