{
	"name": "DS_ADLS_UDL_Binary_Dataset",
	"properties": {
		"linkedServiceName": {
			"referenceName": "LS_ADLS_UDL",
			"type": "LinkedServiceReference"
		},
		"parameters": {
			"path": {
				"type": "string"
			}
		},
		"folder": {
			"name": "LODR"
		},
		"annotations": [],
		"type": "Binary",
		"typeProperties": {
			"location": {
				"type": "AzureBlobFSLocation",
				"folderPath": {
					"value": "@dataset().path",
					"type": "Expression"
				},
				"fileSystem": "unilever"
			}
		}
	},
	"type": "Microsoft.DataFactory/factories/datasets"
}