{
	"name": "DS_ADLS_Binary_Dataset",
	"properties": {
		"linkedServiceName": {
			"referenceName": "LS_ADLS",
			"type": "LinkedServiceReference"
		},
		"parameters": {
			"fileType": {
				"type": "string"
			},
			"folderName": {
				"type": "string"
			}
		},
		"folder": {
			"name": "LODR"
		},
		"annotations": [],
		"type": "Binary",
		"typeProperties": {
			"location": {
				"type": "AzureBlobFSLocation",
				"folderPath": {
					"value": "@concat('EDGE_Analytics/Datalake/Staging/Incremental/',dataset().fileType,'/',dataset().folderName)",
					"type": "Expression"
				},
				"fileSystem": "unilever"
			}
		}
	},
	"type": "Microsoft.DataFactory/factories/datasets"
}