{
	"name": "DS_ADLS_FMT",
	"properties": {
		"linkedServiceName": {
			"referenceName": "LS_ADLS",
			"type": "LinkedServiceReference"
		},
		"parameters": {
			"year": {
				"type": "string"
			}
		},
		"folder": {
			"name": "LODR"
		},
		"annotations": [],
		"type": "DelimitedText",
		"typeProperties": {
			"location": {
				"type": "AzureBlobFSLocation",
				"folderPath": {
					"value": "@concat('EDGE_Analytics/Datalake/Staging/Incremental/FMT/',dataset().year,'/')",
					"type": "Expression"
				},
				"fileSystem": "unilever"
			},
			"columnDelimiter": ",",
			"escapeChar": "\\",
			"firstRowAsHeader": true,
			"quoteChar": "\""
		},
		"schema": []
	},
	"type": "Microsoft.DataFactory/factories/datasets"
}