{
	"name": "DS_ASDW_DIM_DISTRIBUTOR",
	"properties": {
		"linkedServiceName": {
			"referenceName": "LS_ASDW",
			"type": "LinkedServiceReference"
		},
		"folder": {
			"name": "LODR"
		},
		"annotations": [],
		"type": "AzureSqlDWTable",
		"schema": [
			{
				"name": "country_code",
				"type": "varchar"
			},
			{
				"name": "site_code",
				"type": "varchar"
			},
			{
				"name": "site_name",
				"type": "varchar"
			},
			{
				"name": "distributor_code",
				"type": "varchar"
			},
			{
				"name": "distributor_type",
				"type": "varchar"
			},
			{
				"name": "distributor_name",
				"type": "varchar"
			},
			{
				"name": "dt_region",
				"type": "varchar"
			},
			{
				"name": "dt_area",
				"type": "varchar"
			},
			{
				"name": "dt_district",
				"type": "varchar"
			},
			{
				"name": "salesorg",
				"type": "varchar"
			}
		],
		"typeProperties": {
			"schema": "dbo",
			"table": "dim_distributor"
		}
	},
	"type": "Microsoft.DataFactory/factories/datasets"
}