{
	"name": "DS_ADLS_ANNUAL_TARGET",
	"properties": {
		"linkedServiceName": {
			"referenceName": "LS_ADLS",
			"type": "LinkedServiceReference"
		},
		"folder": {
			"name": "LODR"
		},
		"annotations": [],
		"type": "DelimitedText",
		"typeProperties": {
			"location": {
				"type": "AzureBlobFSLocation",
				"folderPath": "EDGE_Analytics/Output/Masters/Annual_Target.csv",
				"fileSystem": "unilever"
			},
			"columnDelimiter": ",",
			"escapeChar": "\\",
			"firstRowAsHeader": true,
			"quoteChar": "\""
		},
		"schema": [
			{
				"name": "Country",
				"type": "String"
			},
			{
				"name": "Year",
				"type": "String"
			},
			{
				"name": "dist_code",
				"type": "String"
			},
			{
				"name": "original_annual_growth_target",
				"type": "String"
			},
			{
				"name": "no_store_growth_perc",
				"type": "String"
			},
			{
				"name": "purchase_frequ_growth_perc",
				"type": "String"
			},
			{
				"name": "purchase_freq_abs_capped",
				"type": "String"
			},
			{
				"name": "quality_stores_abs_target",
				"type": "String"
			},
			{
				"name": "dist_commnt",
				"type": "String"
			}
		]
	},
	"type": "Microsoft.DataFactory/factories/datasets"
}