{
	"name": "DS_ASDW_DIM_PRODUCT",
	"properties": {
		"linkedServiceName": {
			"referenceName": "LS_ASDW",
			"type": "LinkedServiceReference"
		},
		"folder": {
			"name": "LODR"
		},
		"annotations": [],
		"type": "AzureSqlDWTable",
		"schema": [
			{
				"name": "Country_Code",
				"type": "varchar"
			},
			{
				"name": "Site_Code",
				"type": "varchar"
			},
			{
				"name": "Site_Name",
				"type": "varchar"
			},
			{
				"name": "Distributor_Code",
				"type": "varchar"
			},
			{
				"name": "Distributor_Type",
				"type": "varchar"
			},
			{
				"name": "DistributorName",
				"type": "varchar"
			},
			{
				"name": "DT_Region",
				"type": "varchar"
			},
			{
				"name": "DT_Area",
				"type": "varchar"
			},
			{
				"name": "DT_district",
				"type": "varchar"
			},
			{
				"name": "Salesorg",
				"type": "varchar"
			}
		],
		"typeProperties": {
			"schema": "dbo",
			"table": "dim_product"
		}
	}
}