{
	"name": "DS_ABLB_PDS_Sandbox",
	"properties": {
		"linkedServiceName": {
			"referenceName": "LS_SANDBOX",
			"type": "LinkedServiceReference"
		},
		"parameters": {
			"folders": {
				"type": "string",
				"defaultValue": "bot_extractions/leveredge/spg_dailymap"
			}
		},
		"folder": {
			"name": "LODR"
		},
		"annotations": [],
		"type": "DelimitedText",
		"typeProperties": {
			"location": {
				"type": "AzureBlobStorageLocation",
				"folderPath": {
					"value": "@dataset().folders",
					"type": "Expression"
				},
				"container": "processed"
			},
			"columnDelimiter": ";",
			"escapeChar": "\\",
			"firstRowAsHeader": false,
			"quoteChar": "\""
		},
		"schema": [
			{
				"type": "String"
			}
		]
	},
	"type": "Microsoft.DataFactory/factories/datasets"
}