{
	"name": "DS_ADLS_TEMP",
	"properties": {
		"linkedServiceName": {
			"referenceName": "LS_ADLS",
			"type": "LinkedServiceReference"
		},
		"folder": {
			"name": "LODR"
		},
		"annotations": [],
		"type": "Parquet",
		"typeProperties": {
			"location": {
				"type": "AzureBlobFSLocation",
				"folderPath": "EDGE_Analytics/Datalake/Staging/temp",
				"fileSystem": "unilever"
			},
			"compressionCodec": "snappy"
		},
		"schema": [
			{
				"name": "year",
				"type": "INT32"
			},
			{
				"name": "month",
				"type": "UTF8"
			},
			{
				"name": "year_month",
				"type": "INT32"
			},
			{
				"name": "distributor_code",
				"type": "UTF8"
			},
			{
				"name": "site_code",
				"type": "UTF8"
			},
			{
				"name": "master_prod_cat_code",
				"type": "UTF8"
			},
			{
				"name": "before_transition_target",
				"type": "FLOAT"
			},
			{
				"name": "after_transition_target",
				"type": "FLOAT"
			},
			{
				"name": "insert_ts",
				"type": "INT96"
			},
			{
				"name": "update_ts",
				"type": "INT96"
			}
		]
	},
	"type": "Microsoft.DataFactory/factories/datasets"
}