{
	"name": "DS_ADLS_TCHDBT",
	"properties": {
		"linkedServiceName": {
			"referenceName": "LS_ADLS_UDL",
			"type": "LinkedServiceReference"
		},
		"folder": {
			"name": "TTS"
		},
		"annotations": [],
		"type": "Parquet",
		"typeProperties": {
			"location": {
				"type": "AzureBlobFSLocation",
				"folderPath": "TechDebt/InternalSources/U2K2BW/OpenHubFileDestination/ProductMaster/SouthEastAsiaAustralasia/Processed_Parquet",
				"fileSystem": "unilever"
			},
			"compressionCodec": "snappy"
		},
		"schema": [
			{
				"name": "COMP_CODE",
				"type": "UTF8"
			},
			{
				"name": "MATL_TYPE",
				"type": "UTF8"
			},
			{
				"name": "MATERIAL",
				"type": "UTF8"
			},
			{
				"name": "NAME23",
				"type": "UTF8"
			},
			{
				"name": "/BIC/ZPH_TPCC",
				"type": "UTF8"
			},
			{
				"name": "NAME",
				"type": "UTF8"
			},
			{
				"name": "/BIC/ZPA_PAPH1",
				"type": "UTF8"
			},
			{
				"name": "NAME2",
				"type": "UTF8"
			},
			{
				"name": "/BIC/ZPH_SD1C",
				"type": "UTF8"
			},
			{
				"name": "NAME3",
				"type": "UTF8"
			},
			{
				"name": "/BIC/ZPA_PAPH2",
				"type": "UTF8"
			},
			{
				"name": "NAME4",
				"type": "UTF8"
			},
			{
				"name": "/BIC/ZPA_PAPH3",
				"type": "UTF8"
			},
			{
				"name": "NAME5",
				"type": "UTF8"
			},
			{
				"name": "/BIC/ZPA_PAPH4",
				"type": "UTF8"
			},
			{
				"name": "NAME6",
				"type": "UTF8"
			},
			{
				"name": "/BIC/ZPA_PAPH6",
				"type": "UTF8"
			},
			{
				"name": "NAME7",
				"type": "UTF8"
			},
			{
				"name": "/BIC/ZPH_SSC",
				"type": "UTF8"
			},
			{
				"name": "NAME8",
				"type": "UTF8"
			},
			{
				"name": "/BIC/ZPH_SC",
				"type": "UTF8"
			},
			{
				"name": "NAME9",
				"type": "UTF8"
			},
			{
				"name": "/BIC/ZPH_PFC",
				"type": "UTF8"
			},
			{
				"name": "NAME10",
				"type": "UTF8"
			},
			{
				"name": "/BIC/ZPH_FC",
				"type": "UTF8"
			},
			{
				"name": "NAME11",
				"type": "UTF8"
			},
			{
				"name": "/BIC/ZPH_SFC",
				"type": "UTF8"
			},
			{
				"name": "NAME12",
				"type": "UTF8"
			},
			{
				"name": "/BIC/ZPH_CPGLC",
				"type": "UTF8"
			},
			{
				"name": "NAME13",
				"type": "UTF8"
			},
			{
				"name": "/BIC/ZPA_PAPH7",
				"type": "UTF8"
			},
			{
				"name": "NAME14",
				"type": "UTF8"
			},
			{
				"name": "/BIC/ZPH_DBC",
				"type": "UTF8"
			},
			{
				"name": "NAME15",
				"type": "UTF8"
			},
			{
				"name": "/BIC/ZPA_PAPH5",
				"type": "UTF8"
			},
			{
				"name": "NAME16",
				"type": "UTF8"
			},
			{
				"name": "/BIC/ZPH_CBVC",
				"type": "UTF8"
			},
			{
				"name": "NAME17",
				"type": "UTF8"
			},
			{
				"name": "/BIC/ZMM_SBCAT",
				"type": "UTF8"
			},
			{
				"name": "NAME18",
				"type": "UTF8"
			},
			{
				"name": "/BIC/ZPP_PPH4",
				"type": "UTF8"
			},
			{
				"name": "NAME19",
				"type": "UTF8"
			},
			{
				"name": "/BIC/ZPP_PPH5",
				"type": "UTF8"
			},
			{
				"name": "NAME20",
				"type": "UTF8"
			},
			{
				"name": "/BIC/ZPA_PAPH8",
				"type": "UTF8"
			},
			{
				"name": "NAME21",
				"type": "UTF8"
			},
			{
				"name": "/BIC/ZPA_PAPH9",
				"type": "UTF8"
			},
			{
				"name": "NAME22",
				"type": "UTF8"
			},
			{
				"name": "COUNTRY",
				"type": "UTF8"
			},
			{
				"name": "YYYY",
				"type": "UTF8"
			},
			{
				"name": "MM",
				"type": "UTF8"
			},
			{
				"name": "DD",
				"type": "UTF8"
			}
		]
	},
	"type": "Microsoft.DataFactory/factories/datasets"
}