{
	"name": "DS_ADLS_TGT_STG_HIST",
	"properties": {
		"linkedServiceName": {
			"referenceName": "LS_ADLS",
			"type": "LinkedServiceReference"
		},
		"folder": {
			"name": "LODR"
		},
		"annotations": [],
		"type": "DelimitedText",
		"typeProperties": {
			"location": {
				"type": "AzureBlobFSLocation",
				"folderPath": {
					"value": "@concat(variables('filetype'),'/',variables('StagingTargetfolderName'),'/2020')",
					"type": "Expression"
				},
				"fileSystem": "unilever/EDGE_Analytics/Datalake/Staging/Historical"
			},
			"columnDelimiter": ",",
			"escapeChar": "\\",
			"firstRowAsHeader": true,
			"quoteChar": "\""
		},
		"schema": []
	}
}