{
	"name": "DS_ASDW_DISTRIBUTOR_SITE_PRODUCT_TGT",
	"properties": {
		"linkedServiceName": {
			"referenceName": "LS_ASDW",
			"type": "LinkedServiceReference"
		},
		"folder": {
			"name": "LODR"
		},
		"annotations": [],
		"type": "AzureSqlDWTable",
		"schema": [
			{
				"name": "year",
				"type": "int",
				"precision": 10
			},
			{
				"name": "month",
				"type": "varchar"
			},
			{
				"name": "year_month",
				"type": "int",
				"precision": 10
			},
			{
				"name": "brand_cat_core",
				"type": "varchar"
			},
			{
				"name": "distributor_code",
				"type": "varchar"
			},
			{
				"name": "site_code",
				"type": "varchar"
			},
			{
				"name": "master_product_Category_code",
				"type": "varchar"
			},
			{
				"name": "brand",
				"type": "varchar"
			},
			{
				"name": "cotc",
				"type": "varchar"
			},
			{
				"name": "before_target_prod",
				"type": "float",
				"precision": 15
			},
			{
				"name": "after_target_prod",
				"type": "float",
				"precision": 15
			}
		],
		"typeProperties": {
			"schema": "dbo",
			"table": "tgt_distributor_site_product"
		}
	},
	"type": "Microsoft.DataFactory/factories/datasets"
}