{
	"name": "DS_ABLB_PDS_Refresh_Pipeline_run_Logs",
	"properties": {
		"linkedServiceName": {
			"referenceName": "LS_ABLB",
			"type": "LinkedServiceReference"
		},
		"parameters": {
			"folder": {
				"type": "string"
			}
		},
		"folder": {
			"name": "TTS"
		},
		"annotations": [],
		"type": "DelimitedText",
		"typeProperties": {
			"location": {
				"type": "AzureBlobStorageLocation",
				"container": {
					"value": "@dataset().folder",
					"type": "Expression"
				}
			},
			"columnDelimiter": ",",
			"escapeChar": "\\",
			"firstRowAsHeader": true,
			"quoteChar": "\""
		},
		"schema": []
	},
	"type": "Microsoft.DataFactory/factories/datasets"
}