{
	"name": "DS_ASDW_DIM_TIME",
	"properties": {
		"linkedServiceName": {
			"referenceName": "LS_ASDW",
			"type": "LinkedServiceReference"
		},
		"folder": {
			"name": "LODR"
		},
		"annotations": [],
		"type": "AzureSqlDWTable",
		"schema": [
			{
				"name": "Dt",
				"type": "varchar"
			},
			{
				"name": "Month",
				"type": "varchar"
			},
			{
				"name": "Day",
				"type": "varchar"
			},
			{
				"name": "Wk",
				"type": "int",
				"precision": 10
			},
			{
				"name": "Year",
				"type": "int",
				"precision": 10
			},
			{
				"name": "Wk_year",
				"type": "varchar"
			},
			{
				"name": "Trading_day",
				"type": "int",
				"precision": 10
			},
			{
				"name": "Cumulatv_trading_day_wk",
				"type": "int",
				"precision": 10
			},
			{
				"name": "Cumulatv_trading_day_Mth",
				"type": "int",
				"precision": 10
			},
			{
				"name": "Total_trading_day_wk",
				"type": "int",
				"precision": 10
			},
			{
				"name": "Total_trading_day_month",
				"type": "int",
				"precision": 10
			}
		],
		"typeProperties": {
			"schema": "dbo",
			"table": "dim_time"
		}
	},
	"type": "Microsoft.DataFactory/factories/datasets"
}