{
	"name": "DS_ASDW_FACT_DAILY_SALES",
	"properties": {
		"linkedServiceName": {
			"referenceName": "LS_ASDW",
			"type": "LinkedServiceReference"
		},
		"folder": {
			"name": "LODR"
		},
		"annotations": [],
		"type": "AzureSqlDWTable",
		"schema": [
			{
				"name": "country_code",
				"type": "nvarchar"
			},
			{
				"name": "product_code",
				"type": "nvarchar"
			},
			{
				"name": "invoice_number",
				"type": "nvarchar"
			},
			{
				"name": "site_code_year",
				"type": "nvarchar"
			},
			{
				"name": "transactional_distributor_code",
				"type": "nvarchar"
			},
			{
				"name": "transactional_site_code",
				"type": "nvarchar"
			},
			{
				"name": "transactional_outlet_code",
				"type": "nvarchar"
			},
			{
				"name": "invoice_date",
				"type": "date"
			},
			{
				"name": "transactional_salesman_code",
				"type": "nvarchar"
			},
			{
				"name": "invoicetype",
				"type": "nvarchar"
			},
			{
				"name": "customer_ZRSS_flag",
				"type": "nvarchar"
			},
			{
				"name": "sales_ret_ref_invoice_number",
				"type": "nvarchar"
			},
			{
				"name": "gross_sales_val",
				"type": "float",
				"precision": 15
			},
			{
				"name": "gsv_million",
				"type": "float",
				"precision": 15
			},
			{
				"name": "net_invoice_val",
				"type": "float",
				"precision": 15
			},
			{
				"name": "gross_sales_return_val",
				"type": "float",
				"precision": 15
			},
			{
				"name": "sales_return_val",
				"type": "float",
				"precision": 15
			},
			{
				"name": "on_invoice_discount_val",
				"type": "float",
				"precision": 15
			},
			{
				"name": "value_added_tax",
				"type": "float",
				"precision": 15
			},
			{
				"name": "off_inv_discount_val",
				"type": "float",
				"precision": 15
			},
			{
				"name": "turn_over_val",
				"type": "float",
				"precision": 15
			},
			{
				"name": "sales_with_return_pc_qty",
				"type": "int",
				"precision": 10
			},
			{
				"name": "sales_return_pc_qty",
				"type": "int",
				"precision": 10
			},
			{
				"name": "sales_pc_qty",
				"type": "int",
				"precision": 10
			},
			{
				"name": "sales_cs_vol",
				"type": "float",
				"precision": 15
			},
			{
				"name": "sales_kg_vol",
				"type": "float",
				"precision": 15
			},
			{
				"name": "sales_lt_vol",
				"type": "float",
				"precision": 15
			},
			{
				"name": "free_pc_qty",
				"type": "int",
				"precision": 10
			},
			{
				"name": "salesforce",
				"type": "nvarchar"
			},
			{
				"name": "brand",
				"type": "nvarchar"
			},
			{
				"name": "category_code",
				"type": "nvarchar"
			},
			{
				"name": "brand_cat_core",
				"type": "nvarchar"
			},
			{
				"name": "year_id",
				"type": "int",
				"precision": 10
			},
			{
				"name": "month_id",
				"type": "int",
				"precision": 10
			},
			{
				"name": "time_key",
				"type": "int",
				"precision": 10
			},
			{
				"name": "insert_ts",
				"type": "datetime",
				"precision": 23,
				"scale": 3
			},
			{
				"name": "update_ts",
				"type": "datetime",
				"precision": 23,
				"scale": 3
			}
		],
		"typeProperties": {
			"schema": "dbo",
			"table": "fact_daily_sales"
		}
	},
	"type": "Microsoft.DataFactory/factories/datasets"
}