{
	"name": "DS_ASDW_HIST_OL_MAP",
	"properties": {
		"linkedServiceName": {
			"referenceName": "LS_ASDW",
			"type": "LinkedServiceReference"
		},
		"folder": {
			"name": "LODR"
		},
		"annotations": [],
		"type": "AzureSqlDWTable",
		"schema": [
			{
				"name": "dt",
				"type": "varchar"
			},
			{
				"name": "old_outlet_code",
				"type": "varchar"
			},
			{
				"name": "new_outlet_code",
				"type": "varchar"
			},
			{
				"name": "distributor_code",
				"type": "varchar"
			},
			{
				"name": "site_code",
				"type": "varchar"
			}
		],
		"typeProperties": {
			"schema": "dbo",
			"table": "hist_outlet_map"
		}
	}
}