{
	"name": "DS_ASDW_FACT_QUALITYSTORES",
	"properties": {
		"linkedServiceName": {
			"referenceName": "LS_ASDW",
			"type": "LinkedServiceReference"
		},
		"folder": {
			"name": "LODR"
		},
		"annotations": [],
		"type": "AzureSqlDWTable",
		"schema": [
			{
				"name": "distributor_code",
				"type": "int",
				"precision": 10
			},
			{
				"name": "year",
				"type": "int",
				"precision": 10
			},
			{
				"name": "month",
				"type": "varchar"
			},
			{
				"name": "wk_no",
				"type": "int",
				"precision": 10
			},
			{
				"name": "total_month_flag",
				"type": "varchar"
			},
			{
				"name": "transactional_quality_stores",
				"type": "int",
				"precision": 10
			},
			{
				"name": "master_quality_stores",
				"type": "int",
				"precision": 10
			},
			{
				"name": "transactional_active_stores",
				"type": "int",
				"precision": 10
			},
			{
				"name": "master_active_stores",
				"type": "int",
				"precision": 10
			}
		],
		"typeProperties": {
			"schema": "dbo",
			"table": "fact_qualitystores"
		}
	},
	"type": "Microsoft.DataFactory/factories/datasets"
}