{
	"name": "DS_ADLS_STG_U2K2",
	"properties": {
		"linkedServiceName": {
			"referenceName": "LS_ADLS",
			"type": "LinkedServiceReference"
		},
		"folder": {
			"name": "LODR"
		},
		"annotations": [],
		"type": "DelimitedText",
		"typeProperties": {
			"location": {
				"type": "AzureBlobFSLocation",
				"folderPath": {
					"value": "@concat('EDGE_Analytics/Datalake/Staging/Incremental/',variables('filetype'),'/','Pre_U2K2_NGDMS_Mapping/',formatDateTime(utcnow(),'yyyy'),'/',formatDateTime(utcnow(),'MM'),'/',formatDateTime(utcnow(),'dd'))",
					"type": "Expression"
				},
				"fileSystem": "unilever"
			},
			"columnDelimiter": ",",
			"escapeChar": "\\",
			"firstRowAsHeader": true,
			"quoteChar": "\""
		},
		"schema": [
			{
				"type": "String"
			},
			{
				"type": "String"
			},
			{
				"type": "String"
			},
			{
				"type": "String"
			},
			{
				"type": "String"
			},
			{
				"type": "String"
			},
			{
				"type": "String"
			},
			{
				"type": "String"
			},
			{
				"type": "String"
			},
			{
				"type": "String"
			},
			{
				"type": "String"
			},
			{
				"type": "String"
			},
			{
				"type": "String"
			},
			{
				"type": "String"
			},
			{
				"type": "String"
			},
			{
				"type": "String"
			},
			{
				"type": "String"
			},
			{
				"type": "String"
			}
		]
	},
	"type": "Microsoft.DataFactory/factories/datasets"
}