{
	"name": "DS_ADLS_MOVE",
	"properties": {
		"linkedServiceName": {
			"referenceName": "LS_ADLS_901311",
			"type": "LinkedServiceReference"
		},
		"folder": {
			"name": "TTS"
		},
		"annotations": [],
		"type": "DelimitedText",
		"typeProperties": {
			"location": {
				"type": "AzureBlobFSLocation",
				"folderPath": "TTS/move",
				"fileSystem": "unilever"
			},
			"columnDelimiter": ",",
			"escapeChar": "\\",
			"quoteChar": "\""
		},
		"schema": []
	},
	"type": "Microsoft.DataFactory/factories/datasets"
}