{
	"name": "DS_ASDW_DIM_SALESMAN",
	"properties": {
		"linkedServiceName": {
			"referenceName": "LS_ASDW",
			"type": "LinkedServiceReference"
		},
		"folder": {
			"name": "LODR"
		},
		"annotations": [],
		"type": "AzureSqlDWTable",
		"schema": [
			{
				"name": "salesman_product_group_code",
				"type": "varchar"
			},
			{
				"name": "salesman_product_group",
				"type": "varchar"
			},
			{
				"name": "standardised_salesman_product_group",
				"type": "varchar"
			},
			{
				"name": "salesforce",
				"type": "varchar"
			},
			{
				"name": "kpi_in_scope",
				"type": "varchar"
			},
			{
				"name": "role_business_scope_assignment",
				"type": "varchar"
			},
			{
				"name": "no_of_salespersons_serving_outlet_in_this_spg",
				"type": "varchar"
			},
			{
				"name": "expected_spg",
				"type": "varchar"
			},
			{
				"name": "salesman_id",
				"type": "int",
				"precision": 10
			}
		],
		"typeProperties": {
			"schema": "dbo",
			"table": "dim_salesman"
		}
	},
	"type": "Microsoft.DataFactory/factories/datasets"
}