{
	"name": "DS_ASDW",
	"properties": {
		"linkedServiceName": {
			"referenceName": "LS_ASDW",
			"type": "LinkedServiceReference"
		},
		"parameters": {
			"schema": {
				"type": "string",
				"defaultValue": "delta"
			},
			"tableName": {
				"type": "string",
				"defaultValue": "fact_daily_sales"
			}
		},
		"folder": {
			"name": "LODR"
		},
		"annotations": [],
		"type": "AzureSqlDWTable",
		"schema": [],
		"typeProperties": {
			"schema": {
				"value": "@dataset().schema",
				"type": "Expression"
			},
			"table": {
				"value": "@dataset().tableName",
				"type": "Expression"
			}
		}
	},
	"type": "Microsoft.DataFactory/factories/datasets"
}