{
	"name": "DS_ABLB_PDS",
	"properties": {
		"linkedServiceName": {
			"referenceName": "LS_ABLB",
			"type": "LinkedServiceReference"
		},
		"parameters": {
			"RootFolder": {
				"type": "string"
			},
			"SubFolder": {
				"type": "string"
			}
		},
		"folder": {
			"name": "TTS"
		},
		"annotations": [],
		"type": "DelimitedText",
		"typeProperties": {
			"location": {
				"type": "AzureBlobStorageLocation",
				"folderPath": {
					"value": "@dataset().SubFolder",
					"type": "Expression"
				},
				"container": {
					"value": "@dataset().RootFolder",
					"type": "Expression"
				}
			},
			"columnDelimiter": ",",
			"escapeChar": "\\",
			"firstRowAsHeader": true,
			"quoteChar": "\""
		},
		"schema": [
			{
				"type": "String"
			},
			{
				"type": "String"
			},
			{
				"type": "String"
			},
			{
				"type": "String"
			},
			{
				"type": "String"
			},
			{
				"type": "String"
			}
		]
	},
	"type": "Microsoft.DataFactory/factories/datasets"
}