{
	"name": "DS_ASDW_TGT_DIST",
	"properties": {
		"linkedServiceName": {
			"referenceName": "LS_ASDW",
			"type": "LinkedServiceReference"
		},
		"folder": {
			"name": "LODR"
		},
		"annotations": [],
		"type": "AzureSqlDWTable",
		"schema": [
			{
				"name": "year",
				"type": "int",
				"precision": 10
			},
			{
				"name": "month",
				"type": "int",
				"precision": 10
			},
			{
				"name": "year_month",
				"type": "int",
				"precision": 10
			},
			{
				"name": "distributor_code",
				"type": "varchar"
			},
			{
				"name": "site_code",
				"type": "varchar"
			},
			{
				"name": "target",
				"type": "float",
				"precision": 15
			}
		],
		"typeProperties": {
			"schema": "dbo",
			"table": "tgt_distributor_site_category"
		}
	}
}