{
	"name": "DS_ASDW_MID_PROD",
	"properties": {
		"linkedServiceName": {
			"referenceName": "LS_ASDW",
			"type": "LinkedServiceReference"
		},
		"folder": {
			"name": "LODR"
		},
		"annotations": [],
		"type": "AzureSqlDWTable",
		"schema": [
			{
				"name": "product_code",
				"type": "int",
				"precision": 10
			},
			{
				"name": "category_code",
				"type": "varchar"
			}
		],
		"typeProperties": {
			"schema": "dbo",
			"table": "mid_prod_cat"
		}
	},
	"type": "Microsoft.DataFactory/factories/datasets"
}