{
	"name": "DS_ASDW_REF_HIST_SPG_MAP",
	"properties": {
		"linkedServiceName": {
			"referenceName": "LS_ASDW",
			"type": "LinkedServiceReference"
		},
		"folder": {
			"name": "LODR"
		},
		"annotations": [],
		"type": "AzureSqlDWTable",
		"schema": [
			{
				"name": "time_key",
				"type": "int",
				"precision": 10
			},
			{
				"name": "master_outlet_code",
				"type": "nvarchar"
			},
			{
				"name": "master_salesman_code",
				"type": "nvarchar"
			},
			{
				"name": "master_spg",
				"type": "nvarchar"
			},
			{
				"name": "division",
				"type": "nvarchar"
			}
		],
		"typeProperties": {
			"schema": "dbo",
			"table": "ref_hist_spg_map"
		}
	},
	"type": "Microsoft.DataFactory/factories/datasets"
}