{
	"name": "DS_ADLS_DIM",
	"properties": {
		"linkedServiceName": {
			"referenceName": "LS_ADLS",
			"type": "LinkedServiceReference"
		},
		"folder": {
			"name": "LODR"
		},
		"annotations": [],
		"type": "DelimitedText",
		"typeProperties": {
			"location": {
				"type": "AzureBlobFSLocation",
				"folderPath": "EDGE_Analytics/Datalake/Transformed/Dimensions",
				"fileSystem": "unilever"
			},
			"columnDelimiter": ",",
			"escapeChar": "\\",
			"firstRowAsHeader": true,
			"quoteChar": "\""
		},
		"schema": [
			{
				"name": "country_code",
				"type": "String"
			},
			{
				"name": "site_code",
				"type": "String"
			},
			{
				"name": "site_name",
				"type": "String"
			},
			{
				"name": "distributor_code",
				"type": "String"
			},
			{
				"name": "distributor_type",
				"type": "String"
			},
			{
				"name": "distributor_name",
				"type": "String"
			},
			{
				"name": "dt_region",
				"type": "String"
			},
			{
				"name": "dt_area",
				"type": "String"
			},
			{
				"name": "dt_district",
				"type": "String"
			},
			{
				"name": "salesorg",
				"type": "String"
			}
		]
	},
	"type": "Microsoft.DataFactory/factories/datasets"
}