{
	"name": "DS_ABLB_delete_logs",
	"properties": {
		"linkedServiceName": {
			"referenceName": "LS_ABLB",
			"type": "LinkedServiceReference"
		},
		"parameters": {
			"container_name": {
				"type": "string"
			},
			"folder_hierarchy": {
				"type": "string"
			}
		},
		"folder": {
			"name": "LODR"
		},
		"annotations": [],
		"type": "Binary",
		"typeProperties": {
			"location": {
				"type": "AzureBlobStorageLocation",
				"container": {
					"value": "@dataset().container_name",
					"type": "Expression"
				}
			}
		}
	},
	"type": "Microsoft.DataFactory/factories/datasets"
}