{
	"name": "DS_BDL",
	"properties": {
		"linkedServiceName": {
			"referenceName": "LS_ADLS_BDL",
			"type": "LinkedServiceReference"
		},
		"folder": {
			"name": "LODR"
		},
		"annotations": [],
		"type": "Parquet",
		"typeProperties": {
			"location": {
				"type": "AzureBlobFSLocation",
				"folderPath": "BusinessDataLake/CD/SecSales/Global/Online_Countries/Transactional/OnlineInvoiceSKUSales/OnlineInvoiceSKUSales_hist_parquet/YYYY=2020",
				"fileSystem": "unilever"
			},
			"compressionCodec": "snappy"
		},
		"schema": []
	},
	"type": "Microsoft.DataFactory/factories/datasets"
}