{
  "$schema": "https://schema.management.azure.com/schemas/2015-01-01/deploymentTemplate.json#",
  "contentVersion": "1.0.0.0",
  "parameters": {
    "logicAppName": {
      "type": "string",
      "metadata": {
        "description": "Name of the Logic App."
      }
    },
	"logicAppO365apiConnection": {
      "type": "string",
      "metadata": {
        "description": "Name of the Logic App Connection."
      }
    },
	
    "logicAppLocation": {
      "type": "string",
      "defaultValue": "[resourceGroup().location]",
      "allowedValues": [
        "[resourceGroup().location]",
        "eastasia",
        "southeastasia",
        "centralus",
        "eastus",
        "eastus2",
        "westus",
        "northcentralus",
        "southcentralus",
        "northeurope",
        "westeurope",
        "japanwest",
        "japaneast",
        "brazilsouth",
        "australiaeast",
        "australiasoutheast",
        "westcentralus",
        "westus2"
      ],
      "metadata": {
        "description": "Location of the Logic App."
      }
    }
    
  },
  "variables": {},
  "resources": [
    {
      "type": "Microsoft.Logic/workflows",
      "apiVersion": "2016-06-01",
      "name": "[parameters('logicAppName')]",
      "location": "[parameters('logicAppLocation')]",
      "properties": {
        "definition": {
          "$schema": "https://schema.management.azure.com/providers/Microsoft.Logic/schemas/2016-06-01/workflowdefinition.json#",
          "contentVersion": "1.0.0.0",
          "parameters": {
            "$connections": {
              "defaultValue": {},
              "type": "Object"
            }
          },
          "triggers": {
           "manual": {
                            "type": "Request",
                            "kind": "Http",
                            "inputs": {
                                "schema": {
                                    "properties": {
                                        "DataFactoryName": {
                                            "type": "string"
                                        },
                                        "EmailTo": {
                                            "type": "string"
                                        },
                                        "ErrorMessage": {
                                            "type": "string"
                                        },
                                        "PipelineName": {
                                            "type": "string"
                                        },
                                        "Subject": {
                                            "type": "string"
                                        }
                                    },
                                    "type": "object"
                                }
                            }
                        }
          },
          "actions": {
            "Send_an_email_(V2)": {
                            "runAfter": {},
                            "type": "ApiConnection",
                            "inputs": {
                                "body": {
                                    "Body": "<p>Message is : @{triggerBody()?['ErrorMessage']}<br>\nPipeline Name is : @{triggerBody()?['PipelineName']}<br>\nData Factory Name is: @{triggerBody()?['DataFactoryName']}</p>",
                                    "Importance": "High",
                                    "Subject": "@triggerBody()?['Subject']",
                                    "To": "@triggerBody()?['EmailTo']"
                                },
                                "host": {
                                    "connection": {
                                        "name": "@parameters('$connections')['office365']['connectionId']"
                                    }
                                },
                                "method": "post",
                                "path": "/v2/Mail"
                            }
                        }},
          "outputs": {}
        },
        "parameters": {
          "$connections": {
            "value": {
              
              "office365": {
                "id": "[concat('/subscriptions/',subscription().subscriptionId,'/providers/Microsoft.Web/locations/',parameters('logicAppLocation'),'/managedApis/office365')]",
                "connectionId": "[resourceId('Microsoft.Web/connections', parameters('logicAppO365apiConnection'))]",
                "connectionName": "[parameters('logicAppO365apiConnection')]"
              }
            }
          }
        }
      }
    },
{
      "type": "Microsoft.Web/connections",
      "apiVersion": "2016-06-01",
      "location": "[parameters('logicAppLocation')]",
      "name": "[parameters('logicAppO365apiConnection')]",
      "properties": {
        "api": {
          "id": "[concat('/subscriptions/',subscription().subscriptionId,'/providers/Microsoft.Web/locations/',parameters('logicAppLocation'),'/managedApis/office365')]"
        },
        "displayName": "EDGE.Devops@unilever.com"
      }
    } 
   
  ],
  "outputs": {}
}
