{
	"name": "Cleanup_Old_Run_Logs",
	"properties": {
		"activities": [
			{
				"name": "Delete_Old_ADF_Run_Logs",
				"type": "Delete",
				"dependsOn": [],
				"policy": {
					"timeout": "7.00:00:00",
					"retry": 0,
					"retryIntervalInSeconds": 30,
					"secureOutput": false,
					"secureInput": false
				},
				"userProperties": [],
				"typeProperties": {
					"dataset": {
						"referenceName": "DS_ABLB_delete_logs",
						"type": "DatasetReference",
						"parameters": {
							"adf_name": {
								"value": "@pipeline().DataFactory",
								"type": "Expression"
							}
						}
					},
					"enableLogging": false,
					"storeSettings": {
						"type": "AzureBlobStorageReadSettings",
						"recursive": true,
						"modifiedDatetimeEnd": {
							"value": "@adddays(utcnow(),mul(-1,pipeline().parameters.numOfDaysToRetain))",
							"type": "Expression"
						},
						"wildcardFileName": "*",
						"enablePartitionDiscovery": false
					}
				}
			}
		],
		"parameters": {
			"numOfDaysToRetain": {
				"type": "int",
				"defaultValue": 7
			}
		},
		"folder": {
			"name": "LODR"
		},
		"annotations": [],
		"lastPublishTime": "2021-02-06T03:35:49Z"
	},
	"type": "Microsoft.DataFactory/factories/pipelines"
}