{
	"name": "Cleanup_Lake",
	"properties": {
		"activities": [
			{
				"name": "Cleanup",
				"description": "888877777666655554444",
				"type": "DatabricksNotebook",
				"dependsOn": [],
				"policy": {
					"timeout": "7.00:00:00",
					"retry": 0,
					"retryIntervalInSeconds": 30,
					"secureOutput": false,
					"secureInput": false
				},
				"userProperties": [],
				"typeProperties": {
					"notebookPath": "/Shared/EDGE_Analytics/Cleanup_Lake_PDS_Folders",
					"baseParameters": {
						"Path": {
							"value": "@pipeline().parameters.folderPath",
							"type": "Expression"
						}
					}
				},
				"linkedServiceName": {
					"referenceName": "LS_ADB",
					"type": "LinkedServiceReference"
				}
			},
			{
				"name": "Run_If_Condition meets",
				"type": "IfCondition",
				"dependsOn": [
					{
						"activity": "Cleanup",
						"dependencyConditions": [
							"Succeeded"
						]
					}
				],
				"userProperties": [],
				"typeProperties": {
					"expression": {
						"value": "@equals(1,2)",
						"type": "Expression"
					},
					"ifTrueActivities": [
						{
							"name": "DeleteDataset",
							"description": "dlttt111222",
							"type": "Delete",
							"dependsOn": [],
							"policy": {
								"timeout": "7.00:00:00",
								"retry": 0,
								"retryIntervalInSeconds": 30,
								"secureOutput": false,
								"secureInput": false
							},
							"userProperties": [],
							"typeProperties": {
								"dataset": {
									"referenceName": "CleanupDataSet",
									"type": "DatasetReference",
									"parameters": {
										"folderPath": {
											"value": "@pipeline().parameters.folderPath",
											"type": "Expression"
										}
									}
								},
								"enableLogging": false,
								"storeSettings": {
									"type": "AzureBlobFSReadSettings",
									"recursive": true,
									"wildcardFileName": "*",
									"enablePartitionDiscovery": false
								}
							}
						}
					]
				}
			}
		],
		"parameters": {
			"folderPath": {
				"type": "string",
				"defaultValue": "dummyPath1/dummyPath2"
			}
		},
		"folder": {
			"name": "LODR"
		},
		"annotations": [],
		"lastPublishTime": "2021-02-11T10:57:34Z"
	},
	"type": "Microsoft.DataFactory/factories/pipelines"
}