{
	"name": "Copy_ABLB_to_ADLS",
	"properties": {
		"activities": [
			{
				"name": "Copy_Data_to_Higher_Env",
				"description": "jai",
				"type": "Copy",
				"dependsOn": [],
				"policy": {
					"timeout": "7.00:00:00",
					"retry": 0,
					"retryIntervalInSeconds": 30,
					"secureOutput": false,
					"secureInput": false
				},
				"userProperties": [],
				"typeProperties": {
					"source": {
						"type": "BinarySource",
						"storeSettings": {
							"type": "AzureBlobFSReadSettings",
							"recursive": true
						},
						"formatSettings": {
							"type": "BinaryReadSettings"
						}
					},
					"sink": {
						"type": "BinarySink",
						"storeSettings": {
							"type": "AzureBlobStorageWriteSettings"
						}
					},
					"enableStaging": false
				},
				"inputs": [
					{
						"referenceName": "DS_ADLS_ABLB_one_time_copy",
						"type": "DatasetReference"
					}
				],
				"outputs": [
					{
						"referenceName": "DS_ABLB",
						"type": "DatasetReference"
					}
				]
			}
		],
		"folder": {
			"name": "LODR"
		},
		"annotations": [],
		"lastPublishTime": "2021-02-12T13:32:57Z"
	},
	"type": "Microsoft.DataFactory/factories/pipelines"
}