{
	"name": "Daily",
	"properties": {
		"activities": [
			{
				"name": "Dim_Distributor",
				"type": "ExecutePipeline",
				"dependsOn": [
					{
						"activity": "Get_FMT_Data",
						"dependencyConditions": [
							"Succeeded"
						]
					}
				],
				"userProperties": [],
				"typeProperties": {
					"pipeline": {
						"referenceName": "PL_Load_Dim_Distributor",
						"type": "PipelineReference"
					},
					"waitOnCompletion": true
				}
			},
			{
				"name": "Fact_DSS_Inc",
				"type": "ExecutePipeline",
				"dependsOn": [
					{
						"activity": "Dim_Bridge",
						"dependencyConditions": [
							"Succeeded"
						]
					},
					{
						"activity": "Standardized_SPGtoPH_Mapping",
						"dependencyConditions": [
							"Succeeded"
						]
					}
				],
				"userProperties": [],
				"typeProperties": {
					"pipeline": {
						"referenceName": "PL_Load_Fact_DSS_Incremental",
						"type": "PipelineReference"
					},
					"waitOnCompletion": true
				}
			},
			{
				"name": "SPG_HistricalMapping",
				"type": "ExecutePipeline",
				"dependsOn": [
					{
						"activity": "Fact_DSS_Inc",
						"dependencyConditions": [
							"Succeeded"
						]
					}
				],
				"userProperties": [],
				"typeProperties": {
					"pipeline": {
						"referenceName": "PL_Load_Ref_SPGHistoricalMapping",
						"type": "PipelineReference"
					},
					"waitOnCompletion": true
				}
			},
			{
				"name": "Dim_Outlet",
				"type": "ExecutePipeline",
				"dependsOn": [
					{
						"activity": "Get_FMT_Data",
						"dependencyConditions": [
							"Succeeded"
						]
					}
				],
				"userProperties": [],
				"typeProperties": {
					"pipeline": {
						"referenceName": "PL_Load_Dim_Outlet",
						"type": "PipelineReference"
					},
					"waitOnCompletion": true
				}
			},
			{
				"name": "Dim_Bridge",
				"type": "ExecutePipeline",
				"dependsOn": [
					{
						"activity": "Dim_Distributor",
						"dependencyConditions": [
							"Succeeded"
						]
					},
					{
						"activity": "Dim_Outlet",
						"dependencyConditions": [
							"Succeeded"
						]
					},
					{
						"activity": "Dim_Time",
						"dependencyConditions": [
							"Succeeded"
						]
					},
					{
						"activity": "Dim_Product",
						"dependencyConditions": [
							"Succeeded"
						]
					},
					{
						"activity": "Dim_Salesman",
						"dependencyConditions": [
							"Succeeded"
						]
					}
				],
				"userProperties": [],
				"typeProperties": {
					"pipeline": {
						"referenceName": "PL_Load_Bridge_Tables",
						"type": "PipelineReference"
					},
					"waitOnCompletion": true
				}
			},
			{
				"name": "Get_FMT_Data",
				"type": "ExecutePipeline",
				"dependsOn": [
					{
						"activity": "Resume_SQLDW",
						"dependencyConditions": [
							"Succeeded"
						]
					},
					{
						"activity": "Cleanup Run Logs",
						"dependencyConditions": [
							"Succeeded"
						]
					}
				],
				"userProperties": [],
				"typeProperties": {
					"pipeline": {
						"referenceName": "PL_Get_latest_FMT_data",
						"type": "PipelineReference"
					},
					"waitOnCompletion": true
				}
			},
			{
				"name": "Get_Access_Data",
				"type": "ExecutePipeline",
				"dependsOn": [
					{
						"activity": "Dim_Salesman",
						"dependencyConditions": [
							"Succeeded"
						]
					}
				],
				"userProperties": [],
				"typeProperties": {
					"pipeline": {
						"referenceName": "PL_Get_Access_Control_Data",
						"type": "PipelineReference"
					},
					"waitOnCompletion": true
				}
			},
			{
				"name": "Hist_Outlet",
				"type": "ExecutePipeline",
				"dependsOn": [
					{
						"activity": "Get_FMT_Data",
						"dependencyConditions": [
							"Succeeded"
						]
					}
				],
				"userProperties": [],
				"typeProperties": {
					"pipeline": {
						"referenceName": "PL_Load_Hist_Outlet",
						"type": "PipelineReference"
					},
					"waitOnCompletion": true
				}
			},
			{
				"name": "Standardized_SPGtoPH_Mapping",
				"type": "ExecutePipeline",
				"dependsOn": [
					{
						"activity": "Hist_Outlet",
						"dependencyConditions": [
							"Succeeded"
						]
					}
				],
				"userProperties": [],
				"typeProperties": {
					"pipeline": {
						"referenceName": "PL_Load_Standardized_SPGtoPH_Mapping",
						"type": "PipelineReference"
					},
					"waitOnCompletion": true
				}
			},
			{
				"name": "Resume_SQLDW",
				"type": "ExecutePipeline",
				"dependsOn": [],
				"userProperties": [],
				"typeProperties": {
					"pipeline": {
						"referenceName": "PL_RESUME_SQLDW",
						"type": "PipelineReference"
					},
					"waitOnCompletion": true
				}
			},
			{
				"name": "Fact_Salesman_Monthly_Targets",
				"type": "ExecutePipeline",
				"dependsOn": [
					{
						"activity": "Dim_Bridge",
						"dependencyConditions": [
							"Succeeded"
						]
					}
				],
				"userProperties": [],
				"typeProperties": {
					"pipeline": {
						"referenceName": "PL_Load_Fact_Monthly_Salesman_Targets",
						"type": "PipelineReference"
					},
					"waitOnCompletion": true
				}
			},
			{
				"name": "DSS_Aggregate",
				"type": "ExecutePipeline",
				"dependsOn": [
					{
						"activity": "Fact_Salesman_Monthly_Targets",
						"dependencyConditions": [
							"Succeeded"
						]
					}
				],
				"userProperties": [],
				"typeProperties": {
					"pipeline": {
						"referenceName": "PL_Load_Fact_Aggregate_DSS_Inc",
						"type": "PipelineReference"
					},
					"waitOnCompletion": true
				}
			},
			{
				"name": "Dim_Time",
				"type": "ExecutePipeline",
				"dependsOn": [
					{
						"activity": "Get_FMT_Data",
						"dependencyConditions": [
							"Succeeded"
						]
					}
				],
				"userProperties": [],
				"typeProperties": {
					"pipeline": {
						"referenceName": "PL_Load_Dim_Time",
						"type": "PipelineReference"
					},
					"waitOnCompletion": true
				}
			},
			{
				"name": "Dim_Product",
				"type": "ExecutePipeline",
				"dependsOn": [
					{
						"activity": "Get_FMT_Data",
						"dependencyConditions": [
							"Succeeded"
						]
					}
				],
				"userProperties": [],
				"typeProperties": {
					"pipeline": {
						"referenceName": "PL_Load_Dim_Product",
						"type": "PipelineReference"
					},
					"waitOnCompletion": true
				}
			},
			{
				"name": "Dim_Salesman",
				"type": "ExecutePipeline",
				"dependsOn": [
					{
						"activity": "Dim_Distributor",
						"dependencyConditions": [
							"Succeeded"
						]
					}
				],
				"userProperties": [],
				"typeProperties": {
					"pipeline": {
						"referenceName": "PL_Load_Dim_Salesman",
						"type": "PipelineReference"
					},
					"waitOnCompletion": true
				}
			},
			{
				"name": "Cleanup Run Logs",
				"type": "ExecutePipeline",
				"dependsOn": [],
				"userProperties": [],
				"typeProperties": {
					"pipeline": {
						"referenceName": "Cleanup_Old_Run_Logs",
						"type": "PipelineReference"
					},
					"waitOnCompletion": true,
					"parameters": {
						"container_name": {
							"value": "@pipeline().DataFactory",
							"type": "Expression"
						}
					}
				}
			}
		],
		"concurrency": 1,
		"folder": {
			"name": "LODR"
		},
		"annotations": [],
		"lastPublishTime": "2021-05-11T05:40:51Z"
	},
	"type": "Microsoft.DataFactory/factories/pipelines"
}