{
	"name": "DSS_Aggregate_Hist_Load",
	"properties": {
		"activities": [
			{
				"name": "Get Data",
				"type": "ExecutePipeline",
				"dependsOn": [],
				"userProperties": [],
				"typeProperties": {
					"pipeline": {
						"referenceName": "PL_Get_Hist_Fact_AggregateDSS",
						"type": "PipelineReference"
					},
					"waitOnCompletion": true
				}
			},
			{
				"name": "Loda Data",
				"type": "ExecutePipeline",
				"dependsOn": [
					{
						"activity": "Get Data",
						"dependencyConditions": [
							"Succeeded"
						]
					}
				],
				"userProperties": [],
				"typeProperties": {
					"pipeline": {
						"referenceName": "PL_Load_Hist_AggregateFact_DSS",
						"type": "PipelineReference"
					},
					"waitOnCompletion": true
				}
			}
		],
		"folder": {
			"name": "LODR/Hist Load/DSS_Aggregate_Hist_Load"
		},
		"annotations": [],
		"lastPublishTime": "2021-03-24T04:41:40Z"
	},
	"type": "Microsoft.DataFactory/factories/pipelines"
}