{
	"name": "PL_Automated_Pause_Resume_AAS",
	"properties": {
		"activities": [
			{
				"name": "Get Hour",
				"type": "SetVariable",
				"dependsOn": [],
				"userProperties": [],
				"typeProperties": {
					"variableName": "hh",
					"value": {
						"value": "@formatDateTime(startOfHour(addhours(utcnow(),7)),'hh')",
						"type": "Expression"
					}
				}
			},
			{
				"name": "If Condition",
				"type": "IfCondition",
				"dependsOn": [
					{
						"activity": "Get Hour",
						"dependencyConditions": [
							"Succeeded"
						]
					}
				],
				"userProperties": [],
				"typeProperties": {
					"expression": {
						"value": "@or(equals(variables('hh'),'07'),equals(variables('hh'),'23'))",
						"type": "Expression"
					},
					"ifFalseActivities": [
						{
							"name": "Resume AAS",
							"type": "ExecutePipeline",
							"dependsOn": [],
							"userProperties": [],
							"typeProperties": {
								"pipeline": {
									"referenceName": "PL_RESUME_AAS",
									"type": "PipelineReference"
								},
								"waitOnCompletion": true
							}
						}
					],
					"ifTrueActivities": [
						{
							"name": "Pause AAS",
							"type": "ExecutePipeline",
							"dependsOn": [],
							"userProperties": [],
							"typeProperties": {
								"pipeline": {
									"referenceName": "PL_PAUSE_AAS",
									"type": "PipelineReference"
								},
								"waitOnCompletion": true
							}
						},
						{
							"name": "Pause SQL DW",
							"type": "ExecutePipeline",
							"dependsOn": [],
							"userProperties": [],
							"typeProperties": {
								"pipeline": {
									"referenceName": "PL_PAUSE_SQLDW",
									"type": "PipelineReference"
								},
								"waitOnCompletion": true
							}
						}
					]
				}
			}
		],
		"variables": {
			"hh": {
				"type": "String"
			}
		},
		"annotations": [],
		"lastPublishTime": "2021-03-15T01:56:36Z"
	},
	"type": "Microsoft.DataFactory/factories/pipelines"
}