{
	"name": "PL_Get_Hist_Fact_AggregateDSS",
	"properties": {
		"activities": [
			{
				"name": "Transformed",
				"type": "DatabricksNotebook",
				"dependsOn": [],
				"policy": {
					"timeout": "7.00:00:00",
					"retry": 0,
					"retryIntervalInSeconds": 30,
					"secureOutput": false,
					"secureInput": false
				},
				"userProperties": [],
				"typeProperties": {
					"notebookPath": "/Shared/EDGE_Analytics/Hist_Fact_Daily_Dashboard_DSS_Aggregate",
					"baseParameters": {
						"IP_Path": "/mnt/adls/EDGE_Analytics/Datalake/Processed/FMT/",
						"OP_Path": "/mnt/adls/EDGE_Analytics/Datalake/Transformed/Transactional/dss_aggregate"
					}
				},
				"linkedServiceName": {
					"referenceName": "LS_ADB",
					"type": "LinkedServiceReference"
				}
			}
		],
		"folder": {
			"name": "LODR/Hist Load/DSS_Aggregate_Hist_Load"
		},
		"annotations": [],
		"lastPublishTime": "2021-03-24T04:41:39Z"
	},
	"type": "Microsoft.DataFactory/factories/pipelines"
}