{
	"name": "PL_Get_Access_Control_Data",
	"properties": {
		"activities": [
			{
				"name": "Get_Salesforce_Hierarchy_Data",
				"description": "666666",
				"type": "DatabricksNotebook",
				"dependsOn": [],
				"policy": {
					"timeout": "7.00:00:00",
					"retry": 0,
					"retryIntervalInSeconds": 30,
					"secureOutput": false,
					"secureInput": false
				},
				"userProperties": [],
				"typeProperties": {
					"notebookPath": "/Shared/EDGE_Analytics/Access_Control_Salesforce_Data",
					"baseParameters": {
						"Salesforce_Hierarchy": {
							"value": "/mnt/adls/EDGE_Analytics/Datalake/Staging/Incremental/Masters/Salesforce_Hierarchy/",
							"type": "Expression"
						},
						"accesss_control": {
							"value": "/mnt/adls/EDGE_Analytics/Datalake/Transformed/access_control_table/",
							"type": "Expression"
						}
					}
				},
				"linkedServiceName": {
					"referenceName": "LS_ADB",
					"type": "LinkedServiceReference"
				}
			},
			{
				"name": "Copy_ADLS_TO_ASDW_access",
				"type": "Copy",
				"dependsOn": [
					{
						"activity": "Get_Salesforce_Hierarchy_Data",
						"dependencyConditions": [
							"Succeeded"
						]
					}
				],
				"policy": {
					"timeout": "7.00:00:00",
					"retry": 0,
					"retryIntervalInSeconds": 30,
					"secureOutput": false,
					"secureInput": false
				},
				"userProperties": [],
				"typeProperties": {
					"source": {
						"type": "DelimitedTextSource",
						"storeSettings": {
							"type": "AzureBlobFSReadSettings",
							"recursive": true,
							"wildcardFolderPath": "EDGE_Analytics/Datalake/Transformed/access_control_table/access/",
							"wildcardFileName": "*.csv"
						},
						"formatSettings": {
							"type": "DelimitedTextReadSettings"
						}
					},
					"sink": {
						"type": "SqlDWSink",
						"preCopyScript": "truncate table dbo.access_control",
						"disableMetricsCollection": false
					},
					"enableStaging": false,
					"translator": {
						"type": "TabularTranslator",
						"mappings": [
							{
								"source": {
									"name": "Site",
									"type": "String",
									"physicalType": "String"
								},
								"sink": {
									"name": "site_code",
									"type": "String",
									"physicalType": "varchar"
								}
							},
							{
								"source": {
									"name": "role_Email",
									"type": "String",
									"physicalType": "String"
								},
								"sink": {
									"name": "email_addr",
									"type": "String",
									"physicalType": "nvarchar"
								}
							},
							{
								"source": {
									"name": "Role",
									"type": "String",
									"physicalType": "String"
								},
								"sink": {
									"name": "Role",
									"type": "String",
									"physicalType": "nvarchar"
								}
							},
							{
								"source": {
									"name": "role_biz",
									"type": "String",
									"physicalType": "String"
								},
								"sink": {
									"name": "Role_biz",
									"type": "String",
									"physicalType": "nvarchar"
								}
							},
							{
								"source": {
									"name": "key_col",
									"type": "String",
									"physicalType": "String"
								},
								"sink": {
									"name": "key_col",
									"type": "String",
									"physicalType": "nvarchar"
								}
							}
						],
						"typeConversion": true,
						"typeConversionSettings": {
							"allowDataTruncation": true,
							"treatBooleanAsNumber": false
						}
					}
				},
				"inputs": [
					{
						"referenceName": "DS_ADLS_access_ctrl",
						"type": "DatasetReference"
					}
				],
				"outputs": [
					{
						"referenceName": "DS_ASDW_access_control",
						"type": "DatasetReference"
					}
				]
			},
			{
				"name": "Copy_ADLS_TO_ASDW_mid",
				"type": "Copy",
				"dependsOn": [
					{
						"activity": "Get_Salesforce_Hierarchy_Data",
						"dependencyConditions": [
							"Succeeded"
						]
					}
				],
				"policy": {
					"timeout": "7.00:00:00",
					"retry": 0,
					"retryIntervalInSeconds": 30,
					"secureOutput": false,
					"secureInput": false
				},
				"userProperties": [],
				"typeProperties": {
					"source": {
						"type": "DelimitedTextSource",
						"storeSettings": {
							"type": "AzureBlobFSReadSettings",
							"recursive": true,
							"wildcardFolderPath": "EDGE_Analytics/Datalake/Transformed/access_control_table/mid/",
							"wildcardFileName": "*.csv"
						},
						"formatSettings": {
							"type": "DelimitedTextReadSettings"
						}
					},
					"sink": {
						"type": "SqlDWSink",
						"preCopyScript": "truncate table dbo.mid_access",
						"disableMetricsCollection": false
					},
					"enableStaging": false,
					"translator": {
						"type": "TabularTranslator",
						"mappings": [
							{
								"source": {
									"name": "Site",
									"type": "String",
									"physicalType": "String"
								},
								"sink": {
									"name": "site_code",
									"type": "String",
									"physicalType": "varchar"
								}
							},
							{
								"source": {
									"name": "role_biz",
									"type": "String",
									"physicalType": "String"
								},
								"sink": {
									"name": "role_biz",
									"type": "String",
									"physicalType": "nvarchar"
								}
							},
							{
								"source": {
									"name": "key_col",
									"type": "String",
									"physicalType": "String"
								},
								"sink": {
									"name": "key_col",
									"type": "String",
									"physicalType": "nvarchar"
								}
							}
						],
						"typeConversion": true,
						"typeConversionSettings": {
							"allowDataTruncation": true,
							"treatBooleanAsNumber": false
						}
					}
				},
				"inputs": [
					{
						"referenceName": "DS_ADLS_access_ctrl",
						"type": "DatasetReference"
					}
				],
				"outputs": [
					{
						"referenceName": "DS_ASDW_mid_access_control",
						"type": "DatasetReference"
					}
				]
			}
		],
		"folder": {
			"name": "LODR"
		},
		"annotations": [],
		"lastPublishTime": "2021-02-06T03:59:45Z"
	},
	"type": "Microsoft.DataFactory/factories/pipelines"
}