{
	"name": "PL_Get_Hist_Fact_DSS_Data_into_Lake",
	"properties": {
		"activities": [
			{
				"name": "Processed",
				"type": "DatabricksNotebook",
				"dependsOn": [],
				"policy": {
					"timeout": "7.00:00:00",
					"retry": 0,
					"retryIntervalInSeconds": 30,
					"secureOutput": false,
					"secureInput": false
				},
				"userProperties": [],
				"typeProperties": {
					"notebookPath": "/Shared/EDGE_Analytics/DSS - ProcessdLoadHistorical"
				},
				"linkedServiceName": {
					"referenceName": "LS_ADB",
					"type": "LinkedServiceReference"
				}
			},
			{
				"name": "Transformed",
				"type": "DatabricksNotebook",
				"dependsOn": [
					{
						"activity": "Processed",
						"dependencyConditions": [
							"Succeeded"
						]
					}
				],
				"policy": {
					"timeout": "7.00:00:00",
					"retry": 0,
					"retryIntervalInSeconds": 30,
					"secureOutput": false,
					"secureInput": false
				},
				"userProperties": [],
				"typeProperties": {
					"notebookPath": "/Shared/EDGE_Analytics/DSS - TransformedLoadHistorical"
				},
				"linkedServiceName": {
					"referenceName": "LS_ADB",
					"type": "LinkedServiceReference"
				}
			},
			{
				"name": "Merge Return Invoices",
				"type": "DatabricksNotebook",
				"dependsOn": [
					{
						"activity": "Transformed",
						"dependencyConditions": [
							"Succeeded"
						]
					}
				],
				"policy": {
					"timeout": "7.00:00:00",
					"retry": 0,
					"retryIntervalInSeconds": 30,
					"secureOutput": false,
					"secureInput": false
				},
				"userProperties": [],
				"typeProperties": {
					"notebookPath": "/Shared/EDGE_Analytics/DSS - LoopOverReturnIvoices"
				},
				"linkedServiceName": {
					"referenceName": "LS_ADB",
					"type": "LinkedServiceReference"
				}
			}
		],
		"folder": {
			"name": "LODR/Hist Load/DSS_Hist_Load"
		},
		"annotations": [],
		"lastPublishTime": "2021-02-07T06:06:21Z"
	},
	"type": "Microsoft.DataFactory/factories/pipelines"
}