{
	"name": "PL_Get_latest_FMT_data",
	"properties": {
		"activities": [
			{
				"name": "FMT_BLOB_TO_ADLS",
				"type": "Copy",
				"dependsOn": [
					{
						"activity": "Set ProcessingYear",
						"dependencyConditions": [
							"Succeeded"
						]
					}
				],
				"policy": {
					"timeout": "7.00:00:00",
					"retry": 0,
					"retryIntervalInSeconds": 30,
					"secureOutput": false,
					"secureInput": false
				},
				"userProperties": [],
				"typeProperties": {
					"source": {
						"type": "DelimitedTextSource",
						"storeSettings": {
							"type": "AzureBlobStorageReadSettings",
							"recursive": true,
							"wildcardFolderPath": {
								"value": "@concat('CD/VN EDGE Analytics/',variables('year'),'/')",
								"type": "Expression"
							},
							"wildcardFileName": "*"
						},
						"formatSettings": {
							"type": "DelimitedTextReadSettings"
						}
					},
					"sink": {
						"type": "DelimitedTextSink",
						"storeSettings": {
							"type": "AzureBlobFSWriteSettings"
						},
						"formatSettings": {
							"type": "DelimitedTextWriteSettings",
							"quoteAllText": true,
							"fileExtension": ".txt"
						}
					},
					"enableStaging": false,
					"translator": {
						"type": "TabularTranslator",
						"typeConversion": true,
						"typeConversionSettings": {
							"allowDataTruncation": true,
							"treatBooleanAsNumber": false
						}
					}
				},
				"inputs": [
					{
						"referenceName": "DS_ABLB_FMT",
						"type": "DatasetReference"
					}
				],
				"outputs": [
					{
						"referenceName": "DS_ADLS_FMT",
						"type": "DatasetReference",
						"parameters": {
							"year": {
								"value": "@variables('year')",
								"type": "Expression"
							}
						}
					}
				]
			},
			{
				"name": "Set ProcessingYear",
				"description": "test111111",
				"type": "SetVariable",
				"dependsOn": [],
				"userProperties": [],
				"typeProperties": {
					"variableName": "year",
					"value": {
						"value": "@formatDateTime(utcnow(),'yyyy')",
						"type": "Expression"
					}
				}
			},
			{
				"name": "If_Received_New_Files",
				"type": "IfCondition",
				"dependsOn": [
					{
						"activity": "FMT_BLOB_TO_ADLS",
						"dependencyConditions": [
							"Succeeded"
						]
					}
				],
				"userProperties": [],
				"typeProperties": {
					"expression": {
						"value": "@greaterOrEquals(activity('FMT_BLOB_TO_ADLS').output.filesWritten , 0)",
						"type": "Expression"
					},
					"ifTrueActivities": [
						{
							"name": "Get_Latest_FMT_Data",
							"type": "DatabricksNotebook",
							"dependsOn": [],
							"policy": {
								"timeout": "7.00:00:00",
								"retry": 0,
								"retryIntervalInSeconds": 30,
								"secureOutput": false,
								"secureInput": false
							},
							"userProperties": [],
							"typeProperties": {
								"notebookPath": "/Shared/EDGE_Analytics/Get_Latest_files_from_Staging_to_Processed",
								"baseParameters": {
									"IP_path": {
										"value": "/mnt/adls/EDGE_Analytics/Datalake/Staging/Incremental/FMT/",
										"type": "Expression"
									},
									"OP_path": {
										"value": "/mnt/adls/EDGE_Analytics/Datalake/Processed/FMT/",
										"type": "Expression"
									}
								}
							},
							"linkedServiceName": {
								"referenceName": "LS_ADB",
								"type": "LinkedServiceReference"
							}
						}
					]
				}
			}
		],
		"variables": {
			"folder": {
				"type": "String",
				"defaultValue": "EDGE_Analytics/Datalake/Staging/FMT/"
			},
			"year": {
				"type": "String"
			}
		},
		"folder": {
			"name": "LODR"
		},
		"annotations": [],
		"lastPublishTime": "2021-02-12T13:32:57Z"
	},
	"type": "Microsoft.DataFactory/factories/pipelines"
}