{
	"name": "PL_Load_Dim_Outlet",
	"properties": {
		"activities": [
			{
				"name": "ADLS_TO_DWH",
				"type": "Copy",
				"dependsOn": [
					{
						"activity": "Transform_Outlet",
						"dependencyConditions": [
							"Succeeded"
						]
					}
				],
				"policy": {
					"timeout": "7.00:00:00",
					"retry": 0,
					"retryIntervalInSeconds": 30,
					"secureOutput": false,
					"secureInput": false
				},
				"userProperties": [],
				"typeProperties": {
					"source": {
						"type": "DelimitedTextSource",
						"storeSettings": {
							"type": "AzureBlobFSReadSettings",
							"recursive": true,
							"wildcardFolderPath": {
								"value": "@concat(variables('filesource'),'/',variables('TargetfolderName'),'/')",
								"type": "Expression"
							},
							"wildcardFileName": "*.csv"
						},
						"formatSettings": {
							"type": "DelimitedTextReadSettings"
						}
					},
					"sink": {
						"type": "SqlDWSink",
						"preCopyScript": "truncate table dbo.dim_outlet",
						"disableMetricsCollection": false
					},
					"enableStaging": false,
					"translator": {
						"type": "TabularTranslator",
						"mappings": [
							{
								"source": {
									"name": "outlet_code",
									"type": "String",
									"physicalType": "String"
								},
								"sink": {
									"name": "outlet_code",
									"type": "String",
									"physicalType": "varchar"
								}
							},
							{
								"source": {
									"name": "Outlet_Name",
									"type": "String",
									"physicalType": "String"
								},
								"sink": {
									"name": "outlet_name",
									"type": "String",
									"physicalType": "nvarchar"
								}
							},
							{
								"source": {
									"name": "outletsubtypecode",
									"type": "String",
									"physicalType": "String"
								},
								"sink": {
									"name": "outletsubtypecode",
									"type": "String",
									"physicalType": "varchar"
								}
							},
							{
								"source": {
									"name": "OutletStatusCode",
									"type": "String",
									"physicalType": "String"
								},
								"sink": {
									"name": "outletstatuscode",
									"type": "String",
									"physicalType": "varchar"
								}
							},
							{
								"source": {
									"name": "channel",
									"type": "String",
									"physicalType": "String"
								},
								"sink": {
									"name": "channel",
									"type": "String",
									"physicalType": "varchar"
								}
							},
							{
								"source": {
									"name": "perfect_store",
									"type": "String",
									"physicalType": "String"
								},
								"sink": {
									"name": "perfect_store",
									"type": "String",
									"physicalType": "varchar"
								}
							},
							{
								"source": {
									"name": "sorting_index",
									"type": "String",
									"physicalType": "String"
								},
								"sink": {
									"name": "sorting_index",
									"type": "Int32",
									"physicalType": "int"
								}
							},
							{
								"source": {
									"name": "LOCATION",
									"type": "String",
									"physicalType": "String"
								},
								"sink": {
									"name": "location",
									"type": "String",
									"physicalType": "nvarchar"
								}
							}
						],
						"typeConversion": true,
						"typeConversionSettings": {
							"allowDataTruncation": true,
							"treatBooleanAsNumber": false
						}
					}
				},
				"inputs": [
					{
						"referenceName": "DS_ADLS_DIM",
						"type": "DatasetReference"
					}
				],
				"outputs": [
					{
						"referenceName": "DS_ASDW_DIM_OUTLET",
						"type": "DatasetReference"
					}
				]
			},
			{
				"name": "Transform_Outlet",
				"type": "DatabricksNotebook",
				"dependsOn": [
					{
						"activity": "Channel_Master_UDL_FMT_TO_ADLS",
						"dependencyConditions": [
							"Succeeded"
						]
					}
				],
				"policy": {
					"timeout": "7.00:00:00",
					"retry": 0,
					"retryIntervalInSeconds": 30,
					"secureOutput": false,
					"secureInput": false
				},
				"userProperties": [],
				"typeProperties": {
					"notebookPath": "/Shared/EDGE_Analytics/Dim_Outlet",
					"baseParameters": {
						"Channel": {
							"value": "@pipeline().parameters.Channel",
							"type": "Expression"
						},
						"Online_outlet": {
							"value": "@pipeline().parameters.Online_outlet",
							"type": "Expression"
						},
						"Output_outlet": {
							"value": "@pipeline().parameters.Output_outlet",
							"type": "Expression"
						},
						"Channel_IDX": {
							"value": "@pipeline().parameters.Channel_IDX",
							"type": "Expression"
						}
					}
				},
				"linkedServiceName": {
					"referenceName": "LS_ADB",
					"type": "LinkedServiceReference"
				}
			},
			{
				"name": "Channel_Master_UDL_FMT_TO_ADLS",
				"type": "Copy",
				"dependsOn": [],
				"policy": {
					"timeout": "7.00:00:00",
					"retry": 0,
					"retryIntervalInSeconds": 30,
					"secureOutput": false,
					"secureInput": false
				},
				"userProperties": [],
				"typeProperties": {
					"source": {
						"type": "DelimitedTextSource",
						"storeSettings": {
							"type": "AzureBlobFSReadSettings",
							"recursive": true,
							"wildcardFolderPath": "UniversalDataLake/InternalSources/FileFMT/BlobFileShare/SecondarySales/Vietnam/ChannelMap/Processed",
							"wildcardFileName": "VN_OL_CHANNEL_MAP.csv"
						},
						"formatSettings": {
							"type": "DelimitedTextReadSettings"
						}
					},
					"sink": {
						"type": "DelimitedTextSink",
						"storeSettings": {
							"type": "AzureBlobFSWriteSettings"
						},
						"formatSettings": {
							"type": "DelimitedTextWriteSettings",
							"quoteAllText": true,
							"fileExtension": ".csv"
						}
					},
					"enableStaging": false
				},
				"inputs": [
					{
						"referenceName": "DS_ABLB_UDL_FMT",
						"type": "DatasetReference"
					}
				],
				"outputs": [
					{
						"referenceName": "DS_ADLS_TGT_STG",
						"type": "DatasetReference"
					}
				]
			},
			{
				"name": "Cube Refresh",
				"type": "ExecutePipeline",
				"dependsOn": [
					{
						"activity": "ADLS_TO_DWH",
						"dependencyConditions": [
							"Succeeded"
						]
					}
				],
				"userProperties": [],
				"typeProperties": {
					"pipeline": {
						"referenceName": "PL_PROCESS_CUBE",
						"type": "PipelineReference"
					},
					"waitOnCompletion": true,
					"parameters": {
						"refresh_databaseName": "TabularProject1",
						"refresh_tableName": "dim_outlet"
					}
				}
			}
		],
		"parameters": {
			"Channel": {
				"type": "string",
				"defaultValue": "/mnt/adls/EDGE_Analytics/Datalake/Staging/Incremental/Masters/Channel_Mapping/"
			},
			"Online_outlet": {
				"type": "string",
				"defaultValue": "/mnt/adls/EDGE_Analytics/Datalake/Staging/Incremental/Masters/Online_Outlet/"
			},
			"Output_outlet": {
				"type": "string",
				"defaultValue": "/mnt/adls/EDGE_Analytics/Datalake/Transformed/Dimensions/Outlet/"
			},
			"Channel_IDX": {
				"type": "string",
				"defaultValue": "/mnt/adls/EDGE_Analytics/Datalake/Processed/FMT/"
			}
		},
		"variables": {
			"filesource": {
				"type": "String",
				"defaultValue": "EDGE_Analytics/Datalake/Transformed/Dimensions"
			},
			"TargetfolderName": {
				"type": "String",
				"defaultValue": "Outlet"
			},
			"filetype": {
				"type": "String",
				"defaultValue": "Masters"
			},
			"StagingTargetfolderName": {
				"type": "String",
				"defaultValue": "Channel_Mapping"
			}
		},
		"folder": {
			"name": "LODR/Dim Load"
		},
		"annotations": [],
		"lastPublishTime": "2021-03-24T10:01:12Z"
	},
	"type": "Microsoft.DataFactory/factories/pipelines"
}