{
	"name": "PL_Load_Staging_to_Processed_KPI_Fact",
	"properties": {
		"activities": [
			{
				"name": "4P Salesman",
				"type": "ExecutePipeline",
				"dependsOn": [],
				"userProperties": [],
				"typeProperties": {
					"pipeline": {
						"referenceName": "PL_Load_Staging_Transaction_4P_Salesman",
						"type": "PipelineReference"
					},
					"waitOnCompletion": true
				}
			},
			{
				"name": "EFOS_Outlet",
				"type": "ExecutePipeline",
				"dependsOn": [],
				"userProperties": [],
				"typeProperties": {
					"pipeline": {
						"referenceName": "PL_Load_Staging_Transaction_EFOS_Outlet",
						"type": "PipelineReference"
					},
					"waitOnCompletion": true
				}
			},
			{
				"name": "FCS_Salesperson",
				"type": "ExecutePipeline",
				"dependsOn": [
					{
						"activity": "FCS_Salesperson_SPG",
						"dependencyConditions": [
							"Succeeded"
						]
					}
				],
				"userProperties": [],
				"typeProperties": {
					"pipeline": {
						"referenceName": "PL_Load_Staging_Transaction_FCS_Salesperson",
						"type": "PipelineReference"
					},
					"waitOnCompletion": true
				}
			},
			{
				"name": "PA_Salesman_View",
				"type": "ExecutePipeline",
				"dependsOn": [
					{
						"activity": "4P Salesman",
						"dependencyConditions": [
							"Succeeded"
						]
					}
				],
				"userProperties": [],
				"typeProperties": {
					"pipeline": {
						"referenceName": "PL_Load_Staging_Transaction_PA_Salesman_View",
						"type": "PipelineReference"
					},
					"waitOnCompletion": true
				}
			},
			{
				"name": "FCS_Salesperson_SPG",
				"type": "ExecutePipeline",
				"dependsOn": [],
				"userProperties": [],
				"typeProperties": {
					"pipeline": {
						"referenceName": "PL_Load_Staging_Transaction_FCS_Salesperson_SPG",
						"type": "PipelineReference"
					},
					"waitOnCompletion": true
				}
			},
			{
				"name": "Sales_Period_Report",
				"type": "ExecutePipeline",
				"dependsOn": [
					{
						"activity": "PA_Salesman_View",
						"dependencyConditions": [
							"Succeeded"
						]
					}
				],
				"userProperties": [],
				"typeProperties": {
					"pipeline": {
						"referenceName": "PL_Load_Staging_Transaction_Sales_Period_Report",
						"type": "PipelineReference"
					},
					"waitOnCompletion": true
				}
			},
			{
				"name": "Run_EOT_and_KPI_If_Never",
				"type": "IfCondition",
				"dependsOn": [],
				"userProperties": [],
				"typeProperties": {
					"expression": {
						"value": "@equals(1,2)",
						"type": "Expression"
					},
					"ifTrueActivities": [
						{
							"name": "PL_Load_Staging_Target_KPI_Target_copy1",
							"type": "ExecutePipeline",
							"dependsOn": [],
							"userProperties": [],
							"typeProperties": {
								"pipeline": {
									"referenceName": "PL_Load_Staging_Target_KPI_Target",
									"type": "PipelineReference"
								},
								"waitOnCompletion": true
							}
						},
						{
							"name": "EOT_benchmark_filters_copy1",
							"type": "ExecutePipeline",
							"dependsOn": [
								{
									"activity": "PL_Load_Staging_Target_KPI_Target_copy1",
									"dependencyConditions": [
										"Succeeded"
									]
								}
							],
							"userProperties": [],
							"typeProperties": {
								"pipeline": {
									"referenceName": "PL_Load_Staging_Target_EOT_benchmark",
									"type": "PipelineReference"
								},
								"waitOnCompletion": true
							}
						}
					]
				}
			}
		],
		"variables": {
			"filetype": {
				"type": "String",
				"defaultValue": "Transaction"
			},
			"TargetFolderName": {
				"type": "String",
				"defaultValue": "4P_Salesman_View"
			}
		},
		"folder": {
			"name": "LODR/Fact Load/Staging to Processed to Transformed Processing"
		},
		"annotations": []
	}
}