{
	"name": "PL_Load_Fact_Aggregate_DSS_Inc",
	"properties": {
		"activities": [
			{
				"name": "Transform_Monthly_Salesman_Target",
				"type": "DatabricksNotebook",
				"dependsOn": [
					{
						"activity": "Set TimeKeyST",
						"dependencyConditions": [
							"Succeeded"
						]
					}
				],
				"policy": {
					"timeout": "7.00:00:00",
					"retry": 0,
					"retryIntervalInSeconds": 30,
					"secureOutput": false,
					"secureInput": false
				},
				"userProperties": [],
				"typeProperties": {
					"notebookPath": "/Shared/EDGE_Analytics/Fact_Daily_Dashboard_DSS_Aggregate",
					"baseParameters": {
						"IP_Path": {
							"value": "/mnt/adls/EDGE_Analytics/Datalake/Processed/FMT/",
							"type": "Expression"
						},
						"OP_Path": {
							"value": "/mnt/adls/EDGE_Analytics/Datalake/Transformed/Transactional/dss_aggregate",
							"type": "Expression"
						},
						"TimeKeyST": {
							"value": "@variables('TimeKeyST')",
							"type": "Expression"
						}
					}
				},
				"linkedServiceName": {
					"referenceName": "LS_ADB",
					"type": "LinkedServiceReference"
				}
			},
			{
				"name": "CopyDSSToDW",
				"type": "Copy",
				"dependsOn": [
					{
						"activity": "Transform_Monthly_Salesman_Target",
						"dependencyConditions": [
							"Succeeded"
						]
					}
				],
				"policy": {
					"timeout": "7.00:00:00",
					"retry": 0,
					"retryIntervalInSeconds": 30,
					"secureOutput": false,
					"secureInput": false
				},
				"userProperties": [],
				"typeProperties": {
					"source": {
						"type": "ParquetSource",
						"storeSettings": {
							"type": "AzureBlobFSReadSettings",
							"recursive": true,
							"wildcardFileName": "*",
							"enablePartitionDiscovery": false
						}
					},
					"sink": {
						"type": "SqlDWSink",
						"preCopyScript": {
							"value": "@{concat(\n'delete from dbo.fact_dss_aggregate where time_key >=',\nvariables('TimeKeyST')\n)}",
							"type": "Expression"
						},
						"maxConcurrentConnections": 10,
						"allowPolyBase": true,
						"polyBaseSettings": {
							"rejectValue": 0,
							"rejectType": "value",
							"useTypeDefault": true
						},
						"disableMetricsCollection": false
					},
					"enableStaging": false,
					"parallelCopies": 20,
					"dataIntegrationUnits": 18,
					"translator": {
						"type": "TabularTranslator",
						"mappings": [
							{
								"source": {
									"name": "total_sku_lines",
									"type": "Int64"
								},
								"sink": {
									"name": "total_sku_lines",
									"type": "Int64"
								}
							},
							{
								"source": {
									"name": "non_zero_amount_bill_count",
									"type": "Int64"
								},
								"sink": {
									"name": "non_zero_amount_bill_count",
									"type": "Int64"
								}
							},
							{
								"source": {
									"name": "total_bill_count",
									"type": "Int64"
								},
								"sink": {
									"name": "total_bill_count",
									"type": "Int64"
								}
							},
							{
								"source": {
									"name": "salesman_product_group_code",
									"type": "String"
								},
								"sink": {
									"name": "salesman_product_group_code",
									"type": "String"
								}
							},
							{
								"source": {
									"name": "transactional_spg",
									"type": "String"
								},
								"sink": {
									"name": "transactional_spg",
									"type": "String"
								}
							},
							{
								"source": {
									"name": "transactional_distributor_code",
									"type": "String"
								},
								"sink": {
									"name": "transactional_distributor_code",
									"type": "String"
								}
							},
							{
								"source": {
									"name": "transactional_site_code",
									"type": "String"
								},
								"sink": {
									"name": "transactional_site_code",
									"type": "String"
								}
							},
							{
								"source": {
									"name": "transactional_outlet_code",
									"type": "String"
								},
								"sink": {
									"name": "transactional_outlet_code",
									"type": "String"
								}
							},
							{
								"source": {
									"name": "invoice_date",
									"type": "DateTime"
								},
								"sink": {
									"name": "invoice_date",
									"type": "DateTime"
								}
							},
							{
								"source": {
									"name": "transactional_salesman_code",
									"type": "String"
								},
								"sink": {
									"name": "transactional_salesman_code",
									"type": "String"
								}
							},
							{
								"source": {
									"name": "gsv",
									"type": "Double"
								},
								"sink": {
									"name": "gross_sales_val",
									"type": "Single"
								}
							},
							{
								"source": {
									"name": "net_invoice",
									"type": "Double"
								},
								"sink": {
									"name": "net_invoice_val",
									"type": "Single"
								}
							},
							{
								"source": {
									"name": "salesforce",
									"type": "String"
								},
								"sink": {
									"name": "salesforce",
									"type": "String"
								}
							},
							{
								"source": {
									"name": "invoice_range",
									"type": "String"
								},
								"sink": {
									"name": "invoice_range",
									"type": "String"
								}
							},
							{
								"source": {
									"name": "year_id",
									"type": "Int32"
								},
								"sink": {
									"name": "year_id",
									"type": "Int32"
								}
							},
							{
								"source": {
									"name": "month_id",
									"type": "Int32"
								},
								"sink": {
									"name": "month_id",
									"type": "Int32"
								}
							},
							{
								"source": {
									"name": "time_key",
									"type": "Int32"
								},
								"sink": {
									"name": "time_key",
									"type": "Int32"
								}
							},
							{
								"source": {
									"name": "insert_ts",
									"type": "DateTime"
								},
								"sink": {
									"name": "insert_ts",
									"type": "DateTime"
								}
							},
							{
								"source": {
									"name": "update_ts",
									"type": "DateTime"
								},
								"sink": {
									"name": "update_ts",
									"type": "DateTime"
								}
							},
							{
								"source": {
									"name": "map_index",
									"type": "Int32"
								},
								"sink": {
									"name": "map_index",
									"type": "Int32"
								}
							}
						]
					}
				},
				"inputs": [
					{
						"referenceName": "DS_ADLS_TRN",
						"type": "DatasetReference",
						"parameters": {
							"RawFolder": {
								"value": "/unilever/EDGE_Analytics/Datalake/temp/inc_dss_agg/",
								"type": "Expression"
							},
							"SubFolder": {
								"value": "temp",
								"type": "Expression"
							}
						}
					}
				],
				"outputs": [
					{
						"referenceName": "DS_ASDW",
						"type": "DatasetReference",
						"parameters": {
							"schema": "dbo",
							"tableName": "fact_dss_aggregate"
						}
					}
				]
			},
			{
				"name": "Set TimeKeyST",
				"type": "SetVariable",
				"dependsOn": [],
				"userProperties": [],
				"typeProperties": {
					"variableName": "TimeKeyST",
					"value": {
						"value": "@formatDateTime(adddays(utcnow(),-7), 'yyyyMMdd')",
						"type": "Expression"
					}
				}
			}
		],
		"variables": {
			"TimeKeyST": {
				"type": "String"
			}
		},
		"folder": {
			"name": "LODR/Fact Load"
		},
		"annotations": []
	}
}