{
	"name": "PL_Load_Monthly_Targets_Distributor_Site_Salesforce",
	"properties": {
		"activities": [
			{
				"name": "ADLS_TO_DWH",
				"description": "This activity copies data generated from Databricks into DWH for further calculations",
				"type": "Copy",
				"dependsOn": [
					{
						"activity": "Transform_get_Distributor_Site_Salesforce",
						"dependencyConditions": [
							"Succeeded"
						]
					}
				],
				"policy": {
					"timeout": "7.00:00:00",
					"retry": 0,
					"retryIntervalInSeconds": 30,
					"secureOutput": false,
					"secureInput": false
				},
				"userProperties": [],
				"typeProperties": {
					"source": {
						"type": "DelimitedTextSource",
						"storeSettings": {
							"type": "AzureBlobFSReadSettings",
							"recursive": true,
							"wildcardFolderPath": {
								"value": "@concat(variables('filepath'),'/',variables('TargetfolderName'),'/',formatDateTime(utcnow(),'yyyy'),'/',formatDateTime(utcnow(),'MM'),'/',formatDateTime(utcnow(),'dd'))",
								"type": "Expression"
							},
							"wildcardFileName": "*.csv",
							"enablePartitionDiscovery": false
						},
						"formatSettings": {
							"type": "DelimitedTextReadSettings"
						}
					},
					"sink": {
						"type": "SqlDWSink",
						"preCopyScript": "truncate table dbo.tgt_distributor_site_salesforce",
						"allowPolyBase": true,
						"polyBaseSettings": {
							"rejectValue": 0,
							"rejectType": "value",
							"useTypeDefault": true
						},
						"disableMetricsCollection": false
					},
					"enableStaging": true,
					"stagingSettings": {
						"linkedServiceName": {
							"referenceName": "LS_ADLS",
							"type": "LinkedServiceReference"
						},
						"path": "unilever/EDGE_Analytics/Datalake/Staging/temp_distributor_site_salesforce"
					},
					"translator": {
						"type": "TabularTranslator",
						"mappings": [
							{
								"source": {
									"name": "year",
									"type": "String"
								},
								"sink": {
									"name": "year",
									"type": "Int32"
								}
							},
							{
								"source": {
									"name": "month",
									"type": "String"
								},
								"sink": {
									"name": "month",
									"type": "String"
								}
							},
							{
								"source": {
									"name": "year_month",
									"type": "String"
								},
								"sink": {
									"name": "year_month",
									"type": "Int32"
								}
							},
							{
								"source": {
									"name": "distributor_code",
									"type": "String"
								},
								"sink": {
									"name": "distributor_code",
									"type": "String"
								}
							},
							{
								"source": {
									"name": "site_code",
									"type": "String"
								},
								"sink": {
									"name": "site_code",
									"type": "String"
								}
							},
							{
								"source": {
									"name": "salesforce",
									"type": "String"
								},
								"sink": {
									"name": "salesforce",
									"type": "String"
								}
							},
							{
								"source": {
									"name": "before_transition_target_sf",
									"type": "String"
								},
								"sink": {
									"name": "before_transition_target_sf",
									"type": "Single"
								}
							},
							{
								"source": {
									"name": "after_transition_target_sf",
									"type": "String"
								},
								"sink": {
									"name": "after_transition_target_sf",
									"type": "Single"
								}
							}
						]
					}
				},
				"inputs": [
					{
						"referenceName": "DS_ADLS_FACT",
						"type": "DatasetReference"
					}
				],
				"outputs": [
					{
						"referenceName": "DS_ASDW_DISTRIBUTOR_SITE_SALESFORCE_TGT",
						"type": "DatasetReference"
					}
				]
			},
			{
				"name": "Transform_get_Distributor_Site_Salesforce",
				"type": "DatabricksNotebook",
				"dependsOn": [],
				"policy": {
					"timeout": "7.00:00:00",
					"retry": 0,
					"retryIntervalInSeconds": 30,
					"secureOutput": false,
					"secureInput": false
				},
				"userProperties": [],
				"typeProperties": {
					"notebookPath": "/Shared/EDGE_Analytics/Fact_MonthlyTargetsSalesforce",
					"baseParameters": {
						"OP_Distributor_Site_Salesforce": {
							"value": "/mnt/adls/EDGE_Analytics/Datalake/Transformed/Facts/Targets/Distributor_Site_Salesforce/",
							"type": "Expression"
						}
					}
				},
				"linkedServiceName": {
					"referenceName": "LS_ADB",
					"type": "LinkedServiceReference"
				}
			}
		],
		"variables": {
			"filepath": {
				"type": "String",
				"defaultValue": "EDGE_Analytics/Datalake/Transformed/Facts/Targets"
			},
			"TargetfolderName": {
				"type": "String",
				"defaultValue": "Distributor_Site_Salesforce"
			}
		},
		"folder": {
			"name": "LODR/Fact Load"
		},
		"annotations": [],
		"lastPublishTime": "2021-02-02T05:05:08Z"
	},
	"type": "Microsoft.DataFactory/factories/pipelines"
}