{
	"name": "PL_Load_Dim_Salesman",
	"properties": {
		"activities": [
			{
				"name": "ADLS_TO_DWH",
				"type": "Copy",
				"dependsOn": [
					{
						"activity": "Transform_Salesman",
						"dependencyConditions": [
							"Succeeded"
						]
					}
				],
				"policy": {
					"timeout": "7.00:00:00",
					"retry": 0,
					"retryIntervalInSeconds": 30,
					"secureOutput": false,
					"secureInput": false
				},
				"userProperties": [],
				"typeProperties": {
					"source": {
						"type": "DelimitedTextSource",
						"storeSettings": {
							"type": "AzureBlobFSReadSettings",
							"recursive": true,
							"wildcardFolderPath": {
								"value": "@concat('EDGE_Analytics/Datalake/Transformed/Dimensions/',variables('dimension'),'/',formatDateTime(utcnow(),'yyyy'),'/',formatDateTime(utcnow(),'MM'),'/',formatDateTime(utcnow(),'dd'))",
								"type": "Expression"
							},
							"wildcardFileName": "*.csv"
						},
						"formatSettings": {
							"type": "DelimitedTextReadSettings"
						}
					},
					"sink": {
						"type": "SqlDWSink",
						"preCopyScript": "truncate table dbo.dim_salesman",
						"disableMetricsCollection": false
					},
					"enableStaging": false,
					"translator": {
						"type": "TabularTranslator",
						"mappings": [
							{
								"source": {
									"name": "salesman_code",
									"type": "String",
									"physicalType": "String"
								},
								"sink": {
									"name": "salesman_code",
									"type": "Int32",
									"physicalType": "int"
								}
							},
							{
								"source": {
									"name": "site_code",
									"type": "String",
									"physicalType": "String"
								},
								"sink": {
									"name": "site_code",
									"type": "String",
									"physicalType": "varchar"
								}
							},
							{
								"source": {
									"name": "salesman_product_group_code",
									"type": "String",
									"physicalType": "String"
								},
								"sink": {
									"name": "salesman_product_group_code",
									"type": "String",
									"physicalType": "varchar"
								}
							},
							{
								"source": {
									"name": "salesman_product_group",
									"type": "String",
									"physicalType": "String"
								},
								"sink": {
									"name": "salesman_product_group",
									"type": "String",
									"physicalType": "varchar"
								}
							},
							{
								"source": {
									"name": "standardised_salesman_product_group",
									"type": "String",
									"physicalType": "String"
								},
								"sink": {
									"name": "standardised_salesman_product_group",
									"type": "String",
									"physicalType": "varchar"
								}
							},
							{
								"source": {
									"name": "salesforce",
									"type": "String",
									"physicalType": "String"
								},
								"sink": {
									"name": "salesforce",
									"type": "String",
									"physicalType": "varchar"
								}
							},
							{
								"source": {
									"name": "kpi_in_scope",
									"type": "String",
									"physicalType": "String"
								},
								"sink": {
									"name": "kpi_in_scope",
									"type": "String",
									"physicalType": "varchar"
								}
							},
							{
								"source": {
									"name": "role_business_scope_assignment",
									"type": "String",
									"physicalType": "String"
								},
								"sink": {
									"name": "role_business_scope_assignment",
									"type": "String",
									"physicalType": "varchar"
								}
							},
							{
								"source": {
									"name": "no_of_salespersons_serving_outlet_in_this_spg",
									"type": "String",
									"physicalType": "String"
								},
								"sink": {
									"name": "no_of_salespersons_serving_outlet_in_this_spg",
									"type": "String",
									"physicalType": "varchar"
								}
							},
							{
								"source": {
									"name": "expected_spg",
									"type": "String",
									"physicalType": "String"
								},
								"sink": {
									"name": "expected_spg",
									"type": "String",
									"physicalType": "varchar"
								}
							},
							{
								"source": {
									"name": "BM",
									"type": "String",
									"physicalType": "String"
								},
								"sink": {
									"name": "BM",
									"type": "String",
									"physicalType": "nvarchar"
								}
							},
							{
								"source": {
									"name": "ASM",
									"type": "String",
									"physicalType": "String"
								},
								"sink": {
									"name": "ASM",
									"type": "String",
									"physicalType": "nvarchar"
								}
							},
							{
								"source": {
									"name": "Supervisor",
									"type": "String",
									"physicalType": "String"
								},
								"sink": {
									"name": "Supervisor",
									"type": "String",
									"physicalType": "nvarchar"
								}
							},
							{
								"source": {
									"name": "salesman_name",
									"type": "String",
									"physicalType": "String"
								},
								"sink": {
									"name": "salesman_name",
									"type": "String",
									"physicalType": "nvarchar"
								}
							}
						],
						"typeConversion": true,
						"typeConversionSettings": {
							"allowDataTruncation": true,
							"treatBooleanAsNumber": false
						}
					}
				},
				"inputs": [
					{
						"referenceName": "DS_ADLS_DIM",
						"type": "DatasetReference"
					}
				],
				"outputs": [
					{
						"referenceName": "DS_ASDW_DIM_SALESMAN",
						"type": "DatasetReference"
					}
				]
			},
			{
				"name": "Transform_Salesman",
				"type": "DatabricksNotebook",
				"dependsOn": [
					{
						"activity": "Salesman_SPG_Mapping_UDL_TO_ADLS",
						"dependencyConditions": [
							"Succeeded"
						]
					},
					{
						"activity": "Salesforce_Hierarchy_PDS_BLOB_TO_ADLS",
						"dependencyConditions": [
							"Succeeded"
						]
					},
					{
						"activity": "PDS_FCS_Salesperson_BLOB_TO_ADLS",
						"dependencyConditions": [
							"Succeeded"
						]
					}
				],
				"policy": {
					"timeout": "7.00:00:00",
					"retry": 0,
					"retryIntervalInSeconds": 30,
					"secureOutput": false,
					"secureInput": false
				},
				"userProperties": [],
				"typeProperties": {
					"notebookPath": "/Shared/EDGE_Analytics/Dim_Salesman",
					"baseParameters": {
						"Salesman_SPG_Mapping": {
							"value": "@pipeline().parameters.IP_Salesman_SPG_Mapping",
							"type": "Expression"
						},
						"Salesman_PH_Group_Mapping": {
							"value": "@pipeline().parameters.IP_Salesman_PH_Group_Mapping",
							"type": "Expression"
						},
						"Salesforce_Hierarchy": {
							"value": "@pipeline().parameters.IP_Salesforce_Hierarchy",
							"type": "Expression"
						},
						"Salesman": {
							"value": "@pipeline().parameters.OP_Salesman",
							"type": "Expression"
						}
					}
				},
				"linkedServiceName": {
					"referenceName": "LS_ADB",
					"type": "LinkedServiceReference"
				}
			},
			{
				"name": "Salesman_SPG_Mapping_UDL_TO_ADLS",
				"type": "Copy",
				"dependsOn": [],
				"policy": {
					"timeout": "7.00:00:00",
					"retry": 0,
					"retryIntervalInSeconds": 30,
					"secureOutput": false,
					"secureInput": false
				},
				"userProperties": [],
				"typeProperties": {
					"source": {
						"type": "DelimitedTextSource",
						"storeSettings": {
							"type": "AzureBlobFSReadSettings",
							"recursive": true,
							"wildcardFolderPath": "UniversalDataLake/InternalSources/LeveredgeOnline/SAPECCISR/SAPHANA/PA0900/Processed",
							"wildcardFileName": "*.csv"
						},
						"formatSettings": {
							"type": "DelimitedTextReadSettings"
						}
					},
					"sink": {
						"type": "DelimitedTextSink",
						"storeSettings": {
							"type": "AzureBlobFSWriteSettings"
						},
						"formatSettings": {
							"type": "DelimitedTextWriteSettings",
							"quoteAllText": true,
							"fileExtension": ".txt"
						}
					},
					"enableStaging": false
				},
				"inputs": [
					{
						"referenceName": "DS_ADLS_UDL",
						"type": "DatasetReference"
					}
				],
				"outputs": [
					{
						"referenceName": "DS_ADLS_TGT_STG_SALESMAN_SPG_MAPPING",
						"type": "DatasetReference"
					}
				]
			},
			{
				"name": "Salesforce_Hierarchy_PDS_BLOB_TO_ADLS",
				"type": "Copy",
				"dependsOn": [],
				"policy": {
					"timeout": "7.00:00:00",
					"retry": 0,
					"retryIntervalInSeconds": 30,
					"secureOutput": false,
					"secureInput": false
				},
				"userProperties": [],
				"typeProperties": {
					"source": {
						"type": "DelimitedTextSource",
						"storeSettings": {
							"type": "AzureBlobStorageReadSettings",
							"recursive": true,
							"wildcardFolderPath": {
								"value": "@concat('CD/',variables('SourceSalesforceFolderName'))\n",
								"type": "Expression"
							},
							"wildcardFileName": "*"
						},
						"formatSettings": {
							"type": "DelimitedTextReadSettings"
						}
					},
					"sink": {
						"type": "DelimitedTextSink",
						"storeSettings": {
							"type": "AzureBlobFSWriteSettings"
						},
						"formatSettings": {
							"type": "DelimitedTextWriteSettings",
							"quoteAllText": true,
							"fileExtension": ".csv"
						}
					},
					"enableStaging": false
				},
				"inputs": [
					{
						"referenceName": "DS_ABLB_PDS_KPI_TGT",
						"type": "DatasetReference"
					}
				],
				"outputs": [
					{
						"referenceName": "DS_ADLS_TGT_STG",
						"type": "DatasetReference"
					}
				]
			},
			{
				"name": "PDS_FCS_Salesperson_BLOB_TO_ADLS",
				"type": "Copy",
				"dependsOn": [],
				"policy": {
					"timeout": "7.00:00:00",
					"retry": 0,
					"retryIntervalInSeconds": 30,
					"secureOutput": false,
					"secureInput": false
				},
				"userProperties": [],
				"typeProperties": {
					"source": {
						"type": "DelimitedTextSource",
						"storeSettings": {
							"type": "AzureBlobStorageReadSettings",
							"recursive": true,
							"wildcardFolderPath": "CD/FCS_Salesperson",
							"wildcardFileName": "*.csv",
							"enablePartitionDiscovery": false
						},
						"formatSettings": {
							"type": "DelimitedTextReadSettings",
							"skipLineCount": 7
						}
					},
					"sink": {
						"type": "DelimitedTextSink",
						"storeSettings": {
							"type": "AzureBlobFSWriteSettings"
						},
						"formatSettings": {
							"type": "DelimitedTextWriteSettings",
							"quoteAllText": true,
							"fileExtension": ".csv"
						}
					},
					"enableStaging": false,
					"translator": {
						"type": "TabularTranslator",
						"mappings": [
							{
								"source": {
									"type": "String",
									"ordinal": 1
								},
								"sink": {
									"name": "calender_month",
									"physicalType": "String"
								}
							},
							{
								"source": {
									"type": "String",
									"ordinal": 2
								},
								"sink": {
									"name": "distributor_code",
									"physicalType": "String"
								}
							},
							{
								"source": {
									"type": "String",
									"ordinal": 3
								},
								"sink": {
									"name": "distributor",
									"physicalType": "String"
								}
							},
							{
								"source": {
									"type": "String",
									"ordinal": 4
								},
								"sink": {
									"name": "site_code",
									"physicalType": "String"
								}
							},
							{
								"source": {
									"type": "String",
									"ordinal": 5
								},
								"sink": {
									"name": "site",
									"physicalType": "String"
								}
							},
							{
								"source": {
									"type": "String",
									"ordinal": 6
								},
								"sink": {
									"name": "salesman_code",
									"physicalType": "String"
								}
							},
							{
								"source": {
									"type": "String",
									"ordinal": 7
								},
								"sink": {
									"name": "salesman",
									"physicalType": "String"
								}
							},
							{
								"source": {
									"type": "String",
									"ordinal": 8
								},
								"sink": {
									"name": "active_shop_in_pjp",
									"physicalType": "String"
								}
							},
							{
								"source": {
									"type": "String",
									"ordinal": 9
								},
								"sink": {
									"name": "eco_actual",
									"physicalType": "String"
								}
							},
							{
								"source": {
									"type": "String",
									"ordinal": 10
								},
								"sink": {
									"name": "calls_to_be_visited",
									"physicalType": "String"
								}
							},
							{
								"source": {
									"type": "String",
									"ordinal": 11
								},
								"sink": {
									"name": "PC_total_number_of_invoices",
									"physicalType": "String"
								}
							},
							{
								"source": {
									"type": "String",
									"ordinal": 12
								},
								"sink": {
									"name": "total_sku_line",
									"physicalType": "String"
								}
							},
							{
								"source": {
									"type": "String",
									"ordinal": 13
								},
								"sink": {
									"name": "gsv",
									"physicalType": "String"
								}
							}
						],
						"typeConversion": true,
						"typeConversionSettings": {
							"allowDataTruncation": true,
							"treatBooleanAsNumber": false
						}
					}
				},
				"inputs": [
					{
						"referenceName": "DS_ABLB_PDS_KPI",
						"type": "DatasetReference"
					}
				],
				"outputs": [
					{
						"referenceName": "DS_ADLS_FCS_Salesperson",
						"type": "DatasetReference"
					}
				]
			},
			{
				"name": "Cube Refresh",
				"type": "ExecutePipeline",
				"dependsOn": [
					{
						"activity": "ADLS_TO_DWH",
						"dependencyConditions": [
							"Succeeded"
						]
					}
				],
				"userProperties": [],
				"typeProperties": {
					"pipeline": {
						"referenceName": "PL_PROCESS_CUBE",
						"type": "PipelineReference"
					},
					"waitOnCompletion": true,
					"parameters": {
						"refresh_databaseName": "TabularProject1",
						"refresh_tableName": "dim_salesman"
					}
				}
			}
		],
		"parameters": {
			"IP_Salesman_SPG_Mapping": {
				"type": "string",
				"defaultValue": "/mnt/adls/EDGE_Analytics/Datalake/Staging/Incremental/Masters/Salesman_SPG_Mapping/"
			},
			"IP_Salesman_PH_Group_Mapping": {
				"type": "string",
				"defaultValue": "/mnt/adls/EDGE_Analytics/Datalake/Processed/FMT/"
			},
			"IP_Salesforce_Hierarchy": {
				"type": "string",
				"defaultValue": "/mnt/adls/EDGE_Analytics/Datalake/Staging/Incremental/Masters/Salesforce_Hierarchy/"
			},
			"OP_Salesman": {
				"type": "string",
				"defaultValue": "/mnt/adls/EDGE_Analytics/Datalake/Transformed/Dimensions/Salesman/"
			}
		},
		"variables": {
			"filepath": {
				"type": "String",
				"defaultValue": "EDGE_Analytics/Datalake/Transformed/Dimensions"
			},
			"StagingTargetfolderName": {
				"type": "String",
				"defaultValue": "Salesforce_Hierarchy"
			},
			"SourceSalesforceFolderName": {
				"type": "String",
				"defaultValue": "Sales_Force_Hierarchy_Master"
			},
			"filetype": {
				"type": "String",
				"defaultValue": "Masters"
			},
			"dimension": {
				"type": "String",
				"defaultValue": "Salesman"
			}
		},
		"folder": {
			"name": "LODR/Dim Load"
		},
		"annotations": []
	}
}