{
	"name": "PL_Load_Staging_to_Processed_KPI_Fact",
	"properties": {
		"activities": [
			{
				"name": "4P Salesman",
				"type": "ExecutePipeline",
				"dependsOn": [],
				"userProperties": [],
				"typeProperties": {
					"pipeline": {
						"referenceName": "PL_Load_Staging_Transaction_4P_Salesman",
						"type": "PipelineReference"
					},
					"waitOnCompletion": true
				}
			},
			{
				"name": "EFOS_Outlet",
				"type": "ExecutePipeline",
				"dependsOn": [
					{
						"activity": "PA_Outlet_View",
						"dependencyConditions": [
							"Succeeded"
						]
					}
				],
				"userProperties": [],
				"typeProperties": {
					"pipeline": {
						"referenceName": "PL_Load_Staging_Transaction_EFOS_Outlet",
						"type": "PipelineReference"
					},
					"waitOnCompletion": true
				}
			},
			{
				"name": "FCS_Salesperson",
				"type": "ExecutePipeline",
				"dependsOn": [
					{
						"activity": "FCS_Salesperson_SPG",
						"dependencyConditions": [
							"Succeeded"
						]
					}
				],
				"userProperties": [],
				"typeProperties": {
					"pipeline": {
						"referenceName": "PL_Load_Staging_Transaction_FCS_Salesperson",
						"type": "PipelineReference"
					},
					"waitOnCompletion": true
				}
			},
			{
				"name": "PA_Salesman_View",
				"type": "ExecutePipeline",
				"dependsOn": [
					{
						"activity": "4P Salesman",
						"dependencyConditions": [
							"Succeeded"
						]
					}
				],
				"userProperties": [],
				"typeProperties": {
					"pipeline": {
						"referenceName": "PL_Load_Staging_Transaction_PA_Salesman_View",
						"type": "PipelineReference"
					},
					"waitOnCompletion": true
				}
			},
			{
				"name": "FCS_Salesperson_SPG",
				"type": "ExecutePipeline",
				"dependsOn": [],
				"userProperties": [],
				"typeProperties": {
					"pipeline": {
						"referenceName": "PL_Load_Staging_Transaction_FCS_Salesperson_SPG",
						"type": "PipelineReference"
					},
					"waitOnCompletion": true
				}
			},
			{
				"name": "Sales_Period_Report",
				"type": "ExecutePipeline",
				"dependsOn": [
					{
						"activity": "PA_Salesman_View",
						"dependencyConditions": [
							"Succeeded"
						]
					}
				],
				"userProperties": [],
				"typeProperties": {
					"pipeline": {
						"referenceName": "PL_Load_Staging_Transaction_Sales_Period_Report",
						"type": "PipelineReference"
					},
					"waitOnCompletion": true
				}
			},
			{
				"name": "PA_Outlet_View",
				"type": "ExecutePipeline",
				"dependsOn": [],
				"userProperties": [],
				"typeProperties": {
					"pipeline": {
						"referenceName": "PL_Load_Staging_Transaction_PA_Outlet_View",
						"type": "PipelineReference"
					},
					"waitOnCompletion": true
				}
			}
		],
		"variables": {
			"filetype": {
				"type": "String",
				"defaultValue": "Transaction"
			},
			"TargetFolderName": {
				"type": "String",
				"defaultValue": "4P_Salesman_View"
			}
		},
		"folder": {
			"name": "LODR/Fact Load/Staging to Processed to Transformed Processing"
		},
		"annotations": [],
		"lastPublishTime": "2021-02-12T13:33:06Z"
	},
	"type": "Microsoft.DataFactory/factories/pipelines"
}