{
	"name": "PL_Load_Fact_Annual_Targets",
	"properties": {
		"activities": [
			{
				"name": "ADLS_to_DWH",
				"type": "Copy",
				"dependsOn": [
					{
						"activity": "Transform_Annual_Target",
						"dependencyConditions": [
							"Succeeded"
						]
					}
				],
				"policy": {
					"timeout": "7.00:00:00",
					"retry": 0,
					"retryIntervalInSeconds": 30,
					"secureOutput": false,
					"secureInput": false
				},
				"userProperties": [],
				"typeProperties": {
					"source": {
						"type": "DelimitedTextSource",
						"storeSettings": {
							"type": "AzureBlobFSReadSettings",
							"recursive": true,
							"wildcardFolderPath": {
								"value": "@concat(variables('filetype'),'/',variables('TargetfolderName'),'/',formatDateTime(utcnow(),'yyyy'),'/')",
								"type": "Expression"
							},
							"wildcardFileName": "*.csv"
						},
						"formatSettings": {
							"type": "DelimitedTextReadSettings"
						}
					},
					"sink": {
						"type": "SqlDWSink",
						"preCopyScript": "truncate table dbo.site_annual_target\n",
						"disableMetricsCollection": false
					},
					"enableStaging": false,
					"translator": {
						"type": "TabularTranslator",
						"mappings": [
							{
								"source": {
									"name": "Year",
									"type": "String",
									"physicalType": "String"
								},
								"sink": {
									"name": "year",
									"type": "Int32",
									"physicalType": "int"
								}
							},
							{
								"source": {
									"name": "site_code",
									"type": "String",
									"physicalType": "String"
								},
								"sink": {
									"name": "site_code",
									"type": "String",
									"physicalType": "varchar"
								}
							},
							{
								"source": {
									"name": "site_code_year",
									"type": "String",
									"physicalType": "String"
								},
								"sink": {
									"name": "site_code_year",
									"type": "String",
									"physicalType": "varchar"
								}
							},
							{
								"source": {
									"name": "original_annual_growth_target",
									"type": "String",
									"physicalType": "String"
								},
								"sink": {
									"name": "original_annual_growth_target",
									"type": "Single",
									"physicalType": "float"
								}
							},
							{
								"source": {
									"name": "quality_stores_abs_target",
									"type": "String",
									"physicalType": "String"
								},
								"sink": {
									"name": "quality_stores_abs_target",
									"type": "Int32",
									"physicalType": "int"
								}
							},
							{
								"source": {
									"name": "dist_comment",
									"type": "String",
									"physicalType": "String"
								},
								"sink": {
									"name": "dist_comment",
									"type": "String",
									"physicalType": "varchar"
								}
							}
						],
						"typeConversion": true,
						"typeConversionSettings": {
							"allowDataTruncation": true,
							"treatBooleanAsNumber": false
						}
					}
				},
				"inputs": [
					{
						"referenceName": "DS_ADLS_ANNUAL_TARGET",
						"type": "DatasetReference"
					}
				],
				"outputs": [
					{
						"referenceName": "DS_ASDW_ANNUAL_TARGET",
						"type": "DatasetReference"
					}
				]
			},
			{
				"name": "Transform_Annual_Target",
				"type": "DatabricksNotebook",
				"dependsOn": [],
				"policy": {
					"timeout": "7.00:00:00",
					"retry": 0,
					"retryIntervalInSeconds": 30,
					"secureOutput": false,
					"secureInput": false
				},
				"userProperties": [],
				"typeProperties": {
					"notebookPath": "/Shared/EDGE_Analytics/Fact_Annual_Target",
					"baseParameters": {
						"IP_Annual_Target": {
							"value": "@pipeline().parameters.Input_Annual_Target",
							"type": "Expression"
						},
						"OP_Annual_Target": {
							"value": "@pipeline().parameters.Output_Annual_Target",
							"type": "Expression"
						}
					}
				},
				"linkedServiceName": {
					"referenceName": "LS_ADB",
					"type": "LinkedServiceReference"
				}
			}
		],
		"parameters": {
			"Input_Annual_Target": {
				"type": "string",
				"defaultValue": "/mnt/adls/EDGE_Analytics/Datalake/Processed/FMT/"
			},
			"Output_Annual_Target": {
				"type": "string",
				"defaultValue": "/mnt/adls/EDGE_Analytics/Datalake/Transformed/Facts/Targets/Annual_Targets/"
			}
		},
		"variables": {
			"filetype": {
				"type": "String",
				"defaultValue": "EDGE_Analytics/Datalake/Transformed/Facts/Targets/"
			},
			"TargetfolderName": {
				"type": "String",
				"defaultValue": "Annual_Targets"
			},
			"StagingTargetfolderName": {
				"type": "String",
				"defaultValue": "EDGE_Analytics/Datalake/Staging/Incremental/Targets/Distributor_Yearly_Sales_Growth&Others/"
			}
		},
		"folder": {
			"name": "LODR/Fact Load"
		},
		"annotations": []
	}
}