{
	"name": "PL_Load_Hist_Fact_DSS",
	"properties": {
		"activities": [
			{
				"name": "CopyDSSToDW 2018",
				"type": "Copy",
				"dependsOn": [
					{
						"activity": "Get DSS to Delta 2018",
						"dependencyConditions": [
							"Succeeded"
						]
					}
				],
				"policy": {
					"timeout": "7.00:00:00",
					"retry": 0,
					"retryIntervalInSeconds": 30,
					"secureOutput": false,
					"secureInput": false
				},
				"userProperties": [],
				"typeProperties": {
					"source": {
						"type": "ParquetSource",
						"storeSettings": {
							"type": "AzureBlobFSReadSettings",
							"recursive": true,
							"wildcardFileName": "*",
							"enablePartitionDiscovery": false
						}
					},
					"sink": {
						"type": "SqlDWSink",
						"preCopyScript": "truncate table dbo.fact_daily_sales",
						"maxConcurrentConnections": 10,
						"allowPolyBase": true,
						"polyBaseSettings": {
							"rejectValue": 0,
							"rejectType": "value",
							"useTypeDefault": true
						},
						"disableMetricsCollection": false
					},
					"enableStaging": false,
					"parallelCopies": 20,
					"dataIntegrationUnits": 18,
					"translator": {
						"type": "TabularTranslator",
						"mappings": [
							{
								"source": {
									"name": "country_code",
									"type": "String"
								},
								"sink": {
									"name": "country_code",
									"type": "String"
								}
							},
							{
								"source": {
									"name": "product_code",
									"type": "String"
								},
								"sink": {
									"name": "product_code",
									"type": "String"
								}
							},
							{
								"source": {
									"name": "invoice_number",
									"type": "String"
								},
								"sink": {
									"name": "invoice_number",
									"type": "String"
								}
							},
							{
								"source": {
									"name": "site_code_year",
									"type": "String"
								},
								"sink": {
									"name": "site_code_year",
									"type": "String"
								}
							},
							{
								"source": {
									"name": "transactional_distributor_code",
									"type": "String"
								},
								"sink": {
									"name": "transactional_distributor_code",
									"type": "String"
								}
							},
							{
								"source": {
									"name": "transactional_site_code",
									"type": "String"
								},
								"sink": {
									"name": "transactional_site_code",
									"type": "String"
								}
							},
							{
								"source": {
									"name": "transactional_outlet_code",
									"type": "String"
								},
								"sink": {
									"name": "transactional_outlet_code",
									"type": "String"
								}
							},
							{
								"source": {
									"name": "invoice_date",
									"type": "DateTime"
								},
								"sink": {
									"name": "invoice_date",
									"type": "DateTime"
								}
							},
							{
								"source": {
									"name": "transactional_salesman_code",
									"type": "String"
								},
								"sink": {
									"name": "transactional_salesman_code",
									"type": "String"
								}
							},
							{
								"source": {
									"name": "invoicetype",
									"type": "String"
								},
								"sink": {
									"name": "invoicetype",
									"type": "String"
								}
							},
							{
								"source": {
									"name": "customer_ZRSS_flag",
									"type": "String"
								},
								"sink": {
									"name": "customer_ZRSS_flag",
									"type": "String"
								}
							},
							{
								"source": {
									"name": "sales_ret_ref_invoice_number",
									"type": "String"
								},
								"sink": {
									"name": "sales_ret_ref_invoice_number",
									"type": "String"
								}
							},
							{
								"source": {
									"name": "gross_sales_val",
									"type": "Double"
								},
								"sink": {
									"name": "gross_sales_val",
									"type": "Single"
								}
							},
							{
								"source": {
									"name": "gross_sales_val_mn",
									"type": "Double"
								},
								"sink": {
									"name": "gsv_million",
									"type": "Single"
								}
							},
							{
								"source": {
									"name": "net_invoice_val",
									"type": "Double"
								},
								"sink": {
									"name": "net_invoice_val",
									"type": "Single"
								}
							},
							{
								"source": {
									"name": "gross_sales_return_val",
									"type": "Double"
								},
								"sink": {
									"name": "gross_sales_return_val",
									"type": "Single"
								}
							},
							{
								"source": {
									"name": "sales_return_val",
									"type": "Double"
								},
								"sink": {
									"name": "sales_return_val",
									"type": "Single"
								}
							},
							{
								"source": {
									"name": "on_invoice_discount_val",
									"type": "Double"
								},
								"sink": {
									"name": "on_invoice_discount_val",
									"type": "Single"
								}
							},
							{
								"source": {
									"name": "value_added_tax",
									"type": "Double"
								},
								"sink": {
									"name": "value_added_tax",
									"type": "Single"
								}
							},
							{
								"source": {
									"name": "off_inv_discount_val",
									"type": "Double"
								},
								"sink": {
									"name": "off_inv_discount_val",
									"type": "Single"
								}
							},
							{
								"source": {
									"name": "turn_over_val",
									"type": "Double"
								},
								"sink": {
									"name": "turn_over_val",
									"type": "Single"
								}
							},
							{
								"source": {
									"name": "sales_with_return_pc_qty",
									"type": "Int32"
								},
								"sink": {
									"name": "sales_with_return_pc_qty",
									"type": "Int32"
								}
							},
							{
								"source": {
									"name": "sales_return_pc_qty",
									"type": "Int32"
								},
								"sink": {
									"name": "sales_return_pc_qty",
									"type": "Int32"
								}
							},
							{
								"source": {
									"name": "sales_pc_qty",
									"type": "Int32"
								},
								"sink": {
									"name": "sales_pc_qty",
									"type": "Int32"
								}
							},
							{
								"source": {
									"name": "sales_cs_vol",
									"type": "Double"
								},
								"sink": {
									"name": "sales_cs_vol",
									"type": "Single"
								}
							},
							{
								"source": {
									"name": "sales_kg_vol",
									"type": "Double"
								},
								"sink": {
									"name": "sales_kg_vol",
									"type": "Single"
								}
							},
							{
								"source": {
									"name": "sales_lt_vol",
									"type": "Double"
								},
								"sink": {
									"name": "sales_lt_vol",
									"type": "Single"
								}
							},
							{
								"source": {
									"name": "free_pc_qty",
									"type": "Int32"
								},
								"sink": {
									"name": "free_pc_qty",
									"type": "Int32"
								}
							},
							{
								"source": {
									"name": "salesforce",
									"type": "String"
								},
								"sink": {
									"name": "salesforce",
									"type": "String"
								}
							},
							{
								"source": {
									"name": "brand",
									"type": "String"
								},
								"sink": {
									"name": "brand",
									"type": "String"
								}
							},
							{
								"source": {
									"name": "category_code",
									"type": "String"
								},
								"sink": {
									"name": "category_code",
									"type": "String"
								}
							},
							{
								"source": {
									"name": "brand_cat_core",
									"type": "String"
								},
								"sink": {
									"name": "brand_cat_core",
									"type": "String"
								}
							},
							{
								"source": {
									"name": "year_id",
									"type": "Int32"
								},
								"sink": {
									"name": "year_id",
									"type": "Int32"
								}
							},
							{
								"source": {
									"name": "month_id",
									"type": "Int32"
								},
								"sink": {
									"name": "month_id",
									"type": "Int32"
								}
							},
							{
								"source": {
									"name": "time_key",
									"type": "Int32"
								},
								"sink": {
									"name": "time_key",
									"type": "Int32"
								}
							},
							{
								"source": {
									"name": "insert_ts",
									"type": "DateTime"
								},
								"sink": {
									"name": "insert_ts",
									"type": "DateTime"
								}
							},
							{
								"source": {
									"name": "update_ts",
									"type": "DateTime"
								},
								"sink": {
									"name": "update_ts",
									"type": "DateTime"
								}
							}
						]
					}
				},
				"inputs": [
					{
						"referenceName": "DS_ADLS_TRN",
						"type": "DatasetReference",
						"parameters": {
							"RawFolder": {
								"value": "/unilever/EDGE_Analytics/Datalake/temp/hist_dss/",
								"type": "Expression"
							},
							"SubFolder": {
								"value": "temp",
								"type": "Expression"
							}
						}
					}
				],
				"outputs": [
					{
						"referenceName": "DS_ASDW",
						"type": "DatasetReference",
						"parameters": {
							"schema": "dbo",
							"tableName": "fact_daily_sales"
						}
					}
				]
			},
			{
				"name": "Get DSS to Delta 2018",
				"type": "DatabricksNotebook",
				"dependsOn": [],
				"policy": {
					"timeout": "7.00:00:00",
					"retry": 0,
					"retryIntervalInSeconds": 30,
					"secureOutput": false,
					"secureInput": false
				},
				"userProperties": [],
				"typeProperties": {
					"notebookPath": "/Shared/EDGE_Analytics/Hist_DSS_Load_From_Delta_To_Stg",
					"baseParameters": {
						"year_id": {
							"value": "2018",
							"type": "Expression"
						},
						"month_id_st": {
							"value": "201801",
							"type": "Expression"
						},
						"month_id_ed": {
							"value": "201812",
							"type": "Expression"
						}
					}
				},
				"linkedServiceName": {
					"referenceName": "LS_ADB",
					"type": "LinkedServiceReference"
				}
			},
			{
				"name": "Get DSS to Delta 2020",
				"type": "DatabricksNotebook",
				"dependsOn": [
					{
						"activity": "CopyDSSToDW 2019",
						"dependencyConditions": [
							"Succeeded"
						]
					}
				],
				"policy": {
					"timeout": "7.00:00:00",
					"retry": 0,
					"retryIntervalInSeconds": 30,
					"secureOutput": false,
					"secureInput": false
				},
				"userProperties": [],
				"typeProperties": {
					"notebookPath": "/Shared/EDGE_Analytics/Hist_DSS_Load_From_Delta_To_Stg",
					"baseParameters": {
						"year_id": {
							"value": "2020",
							"type": "Expression"
						},
						"month_id_st": {
							"value": "202001",
							"type": "Expression"
						},
						"month_id_ed": {
							"value": "202012",
							"type": "Expression"
						}
					}
				},
				"linkedServiceName": {
					"referenceName": "LS_ADB",
					"type": "LinkedServiceReference"
				}
			},
			{
				"name": "Get DSS to Delta 2019",
				"type": "DatabricksNotebook",
				"dependsOn": [
					{
						"activity": "CopyDSSToDW 2018",
						"dependencyConditions": [
							"Succeeded"
						]
					}
				],
				"policy": {
					"timeout": "7.00:00:00",
					"retry": 0,
					"retryIntervalInSeconds": 30,
					"secureOutput": false,
					"secureInput": false
				},
				"userProperties": [],
				"typeProperties": {
					"notebookPath": "/Shared/EDGE_Analytics/Hist_DSS_Load_From_Delta_To_Stg",
					"baseParameters": {
						"year_id": {
							"value": "2019",
							"type": "Expression"
						},
						"month_id_st": {
							"value": "201901",
							"type": "Expression"
						},
						"month_id_ed": {
							"value": "201912",
							"type": "Expression"
						}
					}
				},
				"linkedServiceName": {
					"referenceName": "LS_ADB",
					"type": "LinkedServiceReference"
				}
			},
			{
				"name": "CopyDSSToDW 2019",
				"type": "Copy",
				"dependsOn": [
					{
						"activity": "Get DSS to Delta 2019",
						"dependencyConditions": [
							"Succeeded"
						]
					}
				],
				"policy": {
					"timeout": "7.00:00:00",
					"retry": 0,
					"retryIntervalInSeconds": 30,
					"secureOutput": false,
					"secureInput": false
				},
				"userProperties": [],
				"typeProperties": {
					"source": {
						"type": "ParquetSource",
						"storeSettings": {
							"type": "AzureBlobFSReadSettings",
							"recursive": true,
							"wildcardFileName": "*",
							"enablePartitionDiscovery": false
						}
					},
					"sink": {
						"type": "SqlDWSink",
						"maxConcurrentConnections": 10,
						"allowPolyBase": true,
						"polyBaseSettings": {
							"rejectValue": 0,
							"rejectType": "value",
							"useTypeDefault": true
						},
						"disableMetricsCollection": false
					},
					"enableStaging": false,
					"parallelCopies": 20,
					"dataIntegrationUnits": 18,
					"translator": {
						"type": "TabularTranslator",
						"mappings": [
							{
								"source": {
									"name": "country_code",
									"type": "String"
								},
								"sink": {
									"name": "country_code",
									"type": "String"
								}
							},
							{
								"source": {
									"name": "product_code",
									"type": "String"
								},
								"sink": {
									"name": "product_code",
									"type": "String"
								}
							},
							{
								"source": {
									"name": "invoice_number",
									"type": "String"
								},
								"sink": {
									"name": "invoice_number",
									"type": "String"
								}
							},
							{
								"source": {
									"name": "site_code_year",
									"type": "String"
								},
								"sink": {
									"name": "site_code_year",
									"type": "String"
								}
							},
							{
								"source": {
									"name": "transactional_distributor_code",
									"type": "String"
								},
								"sink": {
									"name": "transactional_distributor_code",
									"type": "String"
								}
							},
							{
								"source": {
									"name": "transactional_site_code",
									"type": "String"
								},
								"sink": {
									"name": "transactional_site_code",
									"type": "String"
								}
							},
							{
								"source": {
									"name": "transactional_outlet_code",
									"type": "String"
								},
								"sink": {
									"name": "transactional_outlet_code",
									"type": "String"
								}
							},
							{
								"source": {
									"name": "invoice_date",
									"type": "DateTime"
								},
								"sink": {
									"name": "invoice_date",
									"type": "DateTime"
								}
							},
							{
								"source": {
									"name": "transactional_salesman_code",
									"type": "String"
								},
								"sink": {
									"name": "transactional_salesman_code",
									"type": "String"
								}
							},
							{
								"source": {
									"name": "invoicetype",
									"type": "String"
								},
								"sink": {
									"name": "invoicetype",
									"type": "String"
								}
							},
							{
								"source": {
									"name": "customer_ZRSS_flag",
									"type": "String"
								},
								"sink": {
									"name": "customer_ZRSS_flag",
									"type": "String"
								}
							},
							{
								"source": {
									"name": "sales_ret_ref_invoice_number",
									"type": "String"
								},
								"sink": {
									"name": "sales_ret_ref_invoice_number",
									"type": "String"
								}
							},
							{
								"source": {
									"name": "gross_sales_val",
									"type": "Double"
								},
								"sink": {
									"name": "gross_sales_val",
									"type": "Single"
								}
							},
							{
								"source": {
									"name": "gross_sales_val_mn",
									"type": "Double"
								},
								"sink": {
									"name": "gsv_million",
									"type": "Single"
								}
							},
							{
								"source": {
									"name": "net_invoice_val",
									"type": "Double"
								},
								"sink": {
									"name": "net_invoice_val",
									"type": "Single"
								}
							},
							{
								"source": {
									"name": "gross_sales_return_val",
									"type": "Double"
								},
								"sink": {
									"name": "gross_sales_return_val",
									"type": "Single"
								}
							},
							{
								"source": {
									"name": "sales_return_val",
									"type": "Double"
								},
								"sink": {
									"name": "sales_return_val",
									"type": "Single"
								}
							},
							{
								"source": {
									"name": "on_invoice_discount_val",
									"type": "Double"
								},
								"sink": {
									"name": "on_invoice_discount_val",
									"type": "Single"
								}
							},
							{
								"source": {
									"name": "value_added_tax",
									"type": "Double"
								},
								"sink": {
									"name": "value_added_tax",
									"type": "Single"
								}
							},
							{
								"source": {
									"name": "off_inv_discount_val",
									"type": "Double"
								},
								"sink": {
									"name": "off_inv_discount_val",
									"type": "Single"
								}
							},
							{
								"source": {
									"name": "turn_over_val",
									"type": "Double"
								},
								"sink": {
									"name": "turn_over_val",
									"type": "Single"
								}
							},
							{
								"source": {
									"name": "sales_with_return_pc_qty",
									"type": "Int32"
								},
								"sink": {
									"name": "sales_with_return_pc_qty",
									"type": "Int32"
								}
							},
							{
								"source": {
									"name": "sales_return_pc_qty",
									"type": "Int32"
								},
								"sink": {
									"name": "sales_return_pc_qty",
									"type": "Int32"
								}
							},
							{
								"source": {
									"name": "sales_pc_qty",
									"type": "Int32"
								},
								"sink": {
									"name": "sales_pc_qty",
									"type": "Int32"
								}
							},
							{
								"source": {
									"name": "sales_cs_vol",
									"type": "Double"
								},
								"sink": {
									"name": "sales_cs_vol",
									"type": "Single"
								}
							},
							{
								"source": {
									"name": "sales_kg_vol",
									"type": "Double"
								},
								"sink": {
									"name": "sales_kg_vol",
									"type": "Single"
								}
							},
							{
								"source": {
									"name": "sales_lt_vol",
									"type": "Double"
								},
								"sink": {
									"name": "sales_lt_vol",
									"type": "Single"
								}
							},
							{
								"source": {
									"name": "free_pc_qty",
									"type": "Int32"
								},
								"sink": {
									"name": "free_pc_qty",
									"type": "Int32"
								}
							},
							{
								"source": {
									"name": "salesforce",
									"type": "String"
								},
								"sink": {
									"name": "salesforce",
									"type": "String"
								}
							},
							{
								"source": {
									"name": "brand",
									"type": "String"
								},
								"sink": {
									"name": "brand",
									"type": "String"
								}
							},
							{
								"source": {
									"name": "category_code",
									"type": "String"
								},
								"sink": {
									"name": "category_code",
									"type": "String"
								}
							},
							{
								"source": {
									"name": "brand_cat_core",
									"type": "String"
								},
								"sink": {
									"name": "brand_cat_core",
									"type": "String"
								}
							},
							{
								"source": {
									"name": "year_id",
									"type": "Int32"
								},
								"sink": {
									"name": "year_id",
									"type": "Int32"
								}
							},
							{
								"source": {
									"name": "month_id",
									"type": "Int32"
								},
								"sink": {
									"name": "month_id",
									"type": "Int32"
								}
							},
							{
								"source": {
									"name": "time_key",
									"type": "Int32"
								},
								"sink": {
									"name": "time_key",
									"type": "Int32"
								}
							},
							{
								"source": {
									"name": "insert_ts",
									"type": "DateTime"
								},
								"sink": {
									"name": "insert_ts",
									"type": "DateTime"
								}
							},
							{
								"source": {
									"name": "update_ts",
									"type": "DateTime"
								},
								"sink": {
									"name": "update_ts",
									"type": "DateTime"
								}
							}
						]
					}
				},
				"inputs": [
					{
						"referenceName": "DS_ADLS_TRN",
						"type": "DatasetReference",
						"parameters": {
							"RawFolder": {
								"value": "/unilever/EDGE_Analytics/Datalake/temp/hist_dss/",
								"type": "Expression"
							},
							"SubFolder": {
								"value": "temp",
								"type": "Expression"
							}
						}
					}
				],
				"outputs": [
					{
						"referenceName": "DS_ASDW",
						"type": "DatasetReference",
						"parameters": {
							"schema": "dbo",
							"tableName": "fact_daily_sales"
						}
					}
				]
			},
			{
				"name": "CopyDSSToDW 2020",
				"type": "Copy",
				"dependsOn": [
					{
						"activity": "Get DSS to Delta 2020",
						"dependencyConditions": [
							"Succeeded"
						]
					}
				],
				"policy": {
					"timeout": "7.00:00:00",
					"retry": 0,
					"retryIntervalInSeconds": 30,
					"secureOutput": false,
					"secureInput": false
				},
				"userProperties": [],
				"typeProperties": {
					"source": {
						"type": "ParquetSource",
						"storeSettings": {
							"type": "AzureBlobFSReadSettings",
							"recursive": true,
							"wildcardFileName": "*",
							"enablePartitionDiscovery": false
						}
					},
					"sink": {
						"type": "SqlDWSink",
						"maxConcurrentConnections": 10,
						"allowPolyBase": true,
						"polyBaseSettings": {
							"rejectValue": 0,
							"rejectType": "value",
							"useTypeDefault": true
						},
						"disableMetricsCollection": false
					},
					"enableStaging": false,
					"parallelCopies": 20,
					"dataIntegrationUnits": 18,
					"translator": {
						"type": "TabularTranslator",
						"mappings": [
							{
								"source": {
									"name": "country_code",
									"type": "String"
								},
								"sink": {
									"name": "country_code",
									"type": "String"
								}
							},
							{
								"source": {
									"name": "product_code",
									"type": "String"
								},
								"sink": {
									"name": "product_code",
									"type": "String"
								}
							},
							{
								"source": {
									"name": "invoice_number",
									"type": "String"
								},
								"sink": {
									"name": "invoice_number",
									"type": "String"
								}
							},
							{
								"source": {
									"name": "site_code_year",
									"type": "String"
								},
								"sink": {
									"name": "site_code_year",
									"type": "String"
								}
							},
							{
								"source": {
									"name": "transactional_distributor_code",
									"type": "String"
								},
								"sink": {
									"name": "transactional_distributor_code",
									"type": "String"
								}
							},
							{
								"source": {
									"name": "transactional_site_code",
									"type": "String"
								},
								"sink": {
									"name": "transactional_site_code",
									"type": "String"
								}
							},
							{
								"source": {
									"name": "transactional_outlet_code",
									"type": "String"
								},
								"sink": {
									"name": "transactional_outlet_code",
									"type": "String"
								}
							},
							{
								"source": {
									"name": "invoice_date",
									"type": "DateTime"
								},
								"sink": {
									"name": "invoice_date",
									"type": "DateTime"
								}
							},
							{
								"source": {
									"name": "transactional_salesman_code",
									"type": "String"
								},
								"sink": {
									"name": "transactional_salesman_code",
									"type": "String"
								}
							},
							{
								"source": {
									"name": "invoicetype",
									"type": "String"
								},
								"sink": {
									"name": "invoicetype",
									"type": "String"
								}
							},
							{
								"source": {
									"name": "customer_ZRSS_flag",
									"type": "String"
								},
								"sink": {
									"name": "customer_ZRSS_flag",
									"type": "String"
								}
							},
							{
								"source": {
									"name": "sales_ret_ref_invoice_number",
									"type": "String"
								},
								"sink": {
									"name": "sales_ret_ref_invoice_number",
									"type": "String"
								}
							},
							{
								"source": {
									"name": "gross_sales_val",
									"type": "Double"
								},
								"sink": {
									"name": "gross_sales_val",
									"type": "Single"
								}
							},
							{
								"source": {
									"name": "gross_sales_val_mn",
									"type": "Double"
								},
								"sink": {
									"name": "gsv_million",
									"type": "Single"
								}
							},
							{
								"source": {
									"name": "net_invoice_val",
									"type": "Double"
								},
								"sink": {
									"name": "net_invoice_val",
									"type": "Single"
								}
							},
							{
								"source": {
									"name": "gross_sales_return_val",
									"type": "Double"
								},
								"sink": {
									"name": "gross_sales_return_val",
									"type": "Single"
								}
							},
							{
								"source": {
									"name": "sales_return_val",
									"type": "Double"
								},
								"sink": {
									"name": "sales_return_val",
									"type": "Single"
								}
							},
							{
								"source": {
									"name": "on_invoice_discount_val",
									"type": "Double"
								},
								"sink": {
									"name": "on_invoice_discount_val",
									"type": "Single"
								}
							},
							{
								"source": {
									"name": "value_added_tax",
									"type": "Double"
								},
								"sink": {
									"name": "value_added_tax",
									"type": "Single"
								}
							},
							{
								"source": {
									"name": "off_inv_discount_val",
									"type": "Double"
								},
								"sink": {
									"name": "off_inv_discount_val",
									"type": "Single"
								}
							},
							{
								"source": {
									"name": "turn_over_val",
									"type": "Double"
								},
								"sink": {
									"name": "turn_over_val",
									"type": "Single"
								}
							},
							{
								"source": {
									"name": "sales_with_return_pc_qty",
									"type": "Int32"
								},
								"sink": {
									"name": "sales_with_return_pc_qty",
									"type": "Int32"
								}
							},
							{
								"source": {
									"name": "sales_return_pc_qty",
									"type": "Int32"
								},
								"sink": {
									"name": "sales_return_pc_qty",
									"type": "Int32"
								}
							},
							{
								"source": {
									"name": "sales_pc_qty",
									"type": "Int32"
								},
								"sink": {
									"name": "sales_pc_qty",
									"type": "Int32"
								}
							},
							{
								"source": {
									"name": "sales_cs_vol",
									"type": "Double"
								},
								"sink": {
									"name": "sales_cs_vol",
									"type": "Single"
								}
							},
							{
								"source": {
									"name": "sales_kg_vol",
									"type": "Double"
								},
								"sink": {
									"name": "sales_kg_vol",
									"type": "Single"
								}
							},
							{
								"source": {
									"name": "sales_lt_vol",
									"type": "Double"
								},
								"sink": {
									"name": "sales_lt_vol",
									"type": "Single"
								}
							},
							{
								"source": {
									"name": "free_pc_qty",
									"type": "Int32"
								},
								"sink": {
									"name": "free_pc_qty",
									"type": "Int32"
								}
							},
							{
								"source": {
									"name": "salesforce",
									"type": "String"
								},
								"sink": {
									"name": "salesforce",
									"type": "String"
								}
							},
							{
								"source": {
									"name": "brand",
									"type": "String"
								},
								"sink": {
									"name": "brand",
									"type": "String"
								}
							},
							{
								"source": {
									"name": "category_code",
									"type": "String"
								},
								"sink": {
									"name": "category_code",
									"type": "String"
								}
							},
							{
								"source": {
									"name": "brand_cat_core",
									"type": "String"
								},
								"sink": {
									"name": "brand_cat_core",
									"type": "String"
								}
							},
							{
								"source": {
									"name": "year_id",
									"type": "Int32"
								},
								"sink": {
									"name": "year_id",
									"type": "Int32"
								}
							},
							{
								"source": {
									"name": "month_id",
									"type": "Int32"
								},
								"sink": {
									"name": "month_id",
									"type": "Int32"
								}
							},
							{
								"source": {
									"name": "time_key",
									"type": "Int32"
								},
								"sink": {
									"name": "time_key",
									"type": "Int32"
								}
							},
							{
								"source": {
									"name": "insert_ts",
									"type": "DateTime"
								},
								"sink": {
									"name": "insert_ts",
									"type": "DateTime"
								}
							},
							{
								"source": {
									"name": "update_ts",
									"type": "DateTime"
								},
								"sink": {
									"name": "update_ts",
									"type": "DateTime"
								}
							}
						]
					}
				},
				"inputs": [
					{
						"referenceName": "DS_ADLS_TRN",
						"type": "DatasetReference",
						"parameters": {
							"RawFolder": {
								"value": "/unilever/EDGE_Analytics/Datalake/temp/hist_dss/",
								"type": "Expression"
							},
							"SubFolder": {
								"value": "temp",
								"type": "Expression"
							}
						}
					}
				],
				"outputs": [
					{
						"referenceName": "DS_ASDW",
						"type": "DatasetReference",
						"parameters": {
							"schema": "dbo",
							"tableName": "fact_daily_sales"
						}
					}
				]
			},
			{
				"name": "Get DSS to Delta 2021",
				"type": "DatabricksNotebook",
				"dependsOn": [
					{
						"activity": "CopyDSSToDW 2020",
						"dependencyConditions": [
							"Succeeded"
						]
					}
				],
				"policy": {
					"timeout": "7.00:00:00",
					"retry": 0,
					"retryIntervalInSeconds": 30,
					"secureOutput": false,
					"secureInput": false
				},
				"userProperties": [],
				"typeProperties": {
					"notebookPath": "/Shared/EDGE_Analytics/Hist_DSS_Load_From_Delta_To_Stg",
					"baseParameters": {
						"year_id": {
							"value": "2021",
							"type": "Expression"
						},
						"month_id_st": {
							"value": "202101",
							"type": "Expression"
						},
						"month_id_ed": {
							"value": "202112",
							"type": "Expression"
						}
					}
				},
				"linkedServiceName": {
					"referenceName": "LS_ADB",
					"type": "LinkedServiceReference"
				}
			},
			{
				"name": "CopyDSSToDW 2021",
				"type": "Copy",
				"dependsOn": [
					{
						"activity": "Get DSS to Delta 2021",
						"dependencyConditions": [
							"Succeeded"
						]
					}
				],
				"policy": {
					"timeout": "7.00:00:00",
					"retry": 0,
					"retryIntervalInSeconds": 30,
					"secureOutput": false,
					"secureInput": false
				},
				"userProperties": [],
				"typeProperties": {
					"source": {
						"type": "ParquetSource",
						"storeSettings": {
							"type": "AzureBlobFSReadSettings",
							"recursive": true,
							"wildcardFileName": "*",
							"enablePartitionDiscovery": false
						}
					},
					"sink": {
						"type": "SqlDWSink",
						"maxConcurrentConnections": 10,
						"allowPolyBase": true,
						"polyBaseSettings": {
							"rejectValue": 0,
							"rejectType": "value",
							"useTypeDefault": true
						},
						"disableMetricsCollection": false
					},
					"enableStaging": false,
					"parallelCopies": 20,
					"dataIntegrationUnits": 18,
					"translator": {
						"type": "TabularTranslator",
						"mappings": [
							{
								"source": {
									"name": "country_code",
									"type": "String"
								},
								"sink": {
									"name": "country_code",
									"type": "String"
								}
							},
							{
								"source": {
									"name": "product_code",
									"type": "String"
								},
								"sink": {
									"name": "product_code",
									"type": "String"
								}
							},
							{
								"source": {
									"name": "invoice_number",
									"type": "String"
								},
								"sink": {
									"name": "invoice_number",
									"type": "String"
								}
							},
							{
								"source": {
									"name": "site_code_year",
									"type": "String"
								},
								"sink": {
									"name": "site_code_year",
									"type": "String"
								}
							},
							{
								"source": {
									"name": "transactional_distributor_code",
									"type": "String"
								},
								"sink": {
									"name": "transactional_distributor_code",
									"type": "String"
								}
							},
							{
								"source": {
									"name": "transactional_site_code",
									"type": "String"
								},
								"sink": {
									"name": "transactional_site_code",
									"type": "String"
								}
							},
							{
								"source": {
									"name": "transactional_outlet_code",
									"type": "String"
								},
								"sink": {
									"name": "transactional_outlet_code",
									"type": "String"
								}
							},
							{
								"source": {
									"name": "invoice_date",
									"type": "DateTime"
								},
								"sink": {
									"name": "invoice_date",
									"type": "DateTime"
								}
							},
							{
								"source": {
									"name": "transactional_salesman_code",
									"type": "String"
								},
								"sink": {
									"name": "transactional_salesman_code",
									"type": "String"
								}
							},
							{
								"source": {
									"name": "invoicetype",
									"type": "String"
								},
								"sink": {
									"name": "invoicetype",
									"type": "String"
								}
							},
							{
								"source": {
									"name": "customer_ZRSS_flag",
									"type": "String"
								},
								"sink": {
									"name": "customer_ZRSS_flag",
									"type": "String"
								}
							},
							{
								"source": {
									"name": "sales_ret_ref_invoice_number",
									"type": "String"
								},
								"sink": {
									"name": "sales_ret_ref_invoice_number",
									"type": "String"
								}
							},
							{
								"source": {
									"name": "gross_sales_val",
									"type": "Double"
								},
								"sink": {
									"name": "gross_sales_val",
									"type": "Single"
								}
							},
							{
								"source": {
									"name": "gross_sales_val_mn",
									"type": "Double"
								},
								"sink": {
									"name": "gsv_million",
									"type": "Single"
								}
							},
							{
								"source": {
									"name": "net_invoice_val",
									"type": "Double"
								},
								"sink": {
									"name": "net_invoice_val",
									"type": "Single"
								}
							},
							{
								"source": {
									"name": "gross_sales_return_val",
									"type": "Double"
								},
								"sink": {
									"name": "gross_sales_return_val",
									"type": "Single"
								}
							},
							{
								"source": {
									"name": "sales_return_val",
									"type": "Double"
								},
								"sink": {
									"name": "sales_return_val",
									"type": "Single"
								}
							},
							{
								"source": {
									"name": "on_invoice_discount_val",
									"type": "Double"
								},
								"sink": {
									"name": "on_invoice_discount_val",
									"type": "Single"
								}
							},
							{
								"source": {
									"name": "value_added_tax",
									"type": "Double"
								},
								"sink": {
									"name": "value_added_tax",
									"type": "Single"
								}
							},
							{
								"source": {
									"name": "off_inv_discount_val",
									"type": "Double"
								},
								"sink": {
									"name": "off_inv_discount_val",
									"type": "Single"
								}
							},
							{
								"source": {
									"name": "turn_over_val",
									"type": "Double"
								},
								"sink": {
									"name": "turn_over_val",
									"type": "Single"
								}
							},
							{
								"source": {
									"name": "sales_with_return_pc_qty",
									"type": "Int32"
								},
								"sink": {
									"name": "sales_with_return_pc_qty",
									"type": "Int32"
								}
							},
							{
								"source": {
									"name": "sales_return_pc_qty",
									"type": "Int32"
								},
								"sink": {
									"name": "sales_return_pc_qty",
									"type": "Int32"
								}
							},
							{
								"source": {
									"name": "sales_pc_qty",
									"type": "Int32"
								},
								"sink": {
									"name": "sales_pc_qty",
									"type": "Int32"
								}
							},
							{
								"source": {
									"name": "sales_cs_vol",
									"type": "Double"
								},
								"sink": {
									"name": "sales_cs_vol",
									"type": "Single"
								}
							},
							{
								"source": {
									"name": "sales_kg_vol",
									"type": "Double"
								},
								"sink": {
									"name": "sales_kg_vol",
									"type": "Single"
								}
							},
							{
								"source": {
									"name": "sales_lt_vol",
									"type": "Double"
								},
								"sink": {
									"name": "sales_lt_vol",
									"type": "Single"
								}
							},
							{
								"source": {
									"name": "free_pc_qty",
									"type": "Int32"
								},
								"sink": {
									"name": "free_pc_qty",
									"type": "Int32"
								}
							},
							{
								"source": {
									"name": "salesforce",
									"type": "String"
								},
								"sink": {
									"name": "salesforce",
									"type": "String"
								}
							},
							{
								"source": {
									"name": "brand",
									"type": "String"
								},
								"sink": {
									"name": "brand",
									"type": "String"
								}
							},
							{
								"source": {
									"name": "category_code",
									"type": "String"
								},
								"sink": {
									"name": "category_code",
									"type": "String"
								}
							},
							{
								"source": {
									"name": "brand_cat_core",
									"type": "String"
								},
								"sink": {
									"name": "brand_cat_core",
									"type": "String"
								}
							},
							{
								"source": {
									"name": "year_id",
									"type": "Int32"
								},
								"sink": {
									"name": "year_id",
									"type": "Int32"
								}
							},
							{
								"source": {
									"name": "month_id",
									"type": "Int32"
								},
								"sink": {
									"name": "month_id",
									"type": "Int32"
								}
							},
							{
								"source": {
									"name": "time_key",
									"type": "Int32"
								},
								"sink": {
									"name": "time_key",
									"type": "Int32"
								}
							},
							{
								"source": {
									"name": "insert_ts",
									"type": "DateTime"
								},
								"sink": {
									"name": "insert_ts",
									"type": "DateTime"
								}
							},
							{
								"source": {
									"name": "update_ts",
									"type": "DateTime"
								},
								"sink": {
									"name": "update_ts",
									"type": "DateTime"
								}
							}
						]
					}
				},
				"inputs": [
					{
						"referenceName": "DS_ADLS_TRN",
						"type": "DatasetReference",
						"parameters": {
							"RawFolder": {
								"value": "/unilever/EDGE_Analytics/Datalake/temp/hist_dss/",
								"type": "Expression"
							},
							"SubFolder": {
								"value": "temp",
								"type": "Expression"
							}
						}
					}
				],
				"outputs": [
					{
						"referenceName": "DS_ASDW",
						"type": "DatasetReference",
						"parameters": {
							"schema": "dbo",
							"tableName": "fact_daily_sales"
						}
					}
				]
			},
			{
				"name": "Get DSS to Delta 2022",
				"type": "DatabricksNotebook",
				"dependsOn": [
					{
						"activity": "CopyDSSToDW 2021",
						"dependencyConditions": [
							"Succeeded"
						]
					}
				],
				"policy": {
					"timeout": "7.00:00:00",
					"retry": 0,
					"retryIntervalInSeconds": 30,
					"secureOutput": false,
					"secureInput": false
				},
				"userProperties": [],
				"typeProperties": {
					"notebookPath": "/Shared/EDGE_Analytics/Hist_DSS_Load_From_Delta_To_Stg",
					"baseParameters": {
						"year_id": {
							"value": "2022",
							"type": "Expression"
						},
						"month_id_st": {
							"value": "202201",
							"type": "Expression"
						},
						"month_id_ed": {
							"value": "202212",
							"type": "Expression"
						}
					}
				},
				"linkedServiceName": {
					"referenceName": "LS_ADB",
					"type": "LinkedServiceReference"
				}
			},
			{
				"name": "CopyDSSToDW 2022",
				"type": "Copy",
				"dependsOn": [
					{
						"activity": "Get DSS to Delta 2022",
						"dependencyConditions": [
							"Succeeded"
						]
					}
				],
				"policy": {
					"timeout": "7.00:00:00",
					"retry": 0,
					"retryIntervalInSeconds": 30,
					"secureOutput": false,
					"secureInput": false
				},
				"userProperties": [],
				"typeProperties": {
					"source": {
						"type": "ParquetSource",
						"storeSettings": {
							"type": "AzureBlobFSReadSettings",
							"recursive": true,
							"wildcardFileName": "*",
							"enablePartitionDiscovery": false
						}
					},
					"sink": {
						"type": "SqlDWSink",
						"maxConcurrentConnections": 10,
						"allowPolyBase": true,
						"polyBaseSettings": {
							"rejectValue": 0,
							"rejectType": "value",
							"useTypeDefault": true
						},
						"disableMetricsCollection": false
					},
					"enableStaging": false,
					"parallelCopies": 20,
					"dataIntegrationUnits": 18,
					"translator": {
						"type": "TabularTranslator",
						"mappings": [
							{
								"source": {
									"name": "country_code",
									"type": "String"
								},
								"sink": {
									"name": "country_code",
									"type": "String"
								}
							},
							{
								"source": {
									"name": "product_code",
									"type": "String"
								},
								"sink": {
									"name": "product_code",
									"type": "String"
								}
							},
							{
								"source": {
									"name": "invoice_number",
									"type": "String"
								},
								"sink": {
									"name": "invoice_number",
									"type": "String"
								}
							},
							{
								"source": {
									"name": "site_code_year",
									"type": "String"
								},
								"sink": {
									"name": "site_code_year",
									"type": "String"
								}
							},
							{
								"source": {
									"name": "transactional_distributor_code",
									"type": "String"
								},
								"sink": {
									"name": "transactional_distributor_code",
									"type": "String"
								}
							},
							{
								"source": {
									"name": "transactional_site_code",
									"type": "String"
								},
								"sink": {
									"name": "transactional_site_code",
									"type": "String"
								}
							},
							{
								"source": {
									"name": "transactional_outlet_code",
									"type": "String"
								},
								"sink": {
									"name": "transactional_outlet_code",
									"type": "String"
								}
							},
							{
								"source": {
									"name": "invoice_date",
									"type": "DateTime"
								},
								"sink": {
									"name": "invoice_date",
									"type": "DateTime"
								}
							},
							{
								"source": {
									"name": "transactional_salesman_code",
									"type": "String"
								},
								"sink": {
									"name": "transactional_salesman_code",
									"type": "String"
								}
							},
							{
								"source": {
									"name": "invoicetype",
									"type": "String"
								},
								"sink": {
									"name": "invoicetype",
									"type": "String"
								}
							},
							{
								"source": {
									"name": "customer_ZRSS_flag",
									"type": "String"
								},
								"sink": {
									"name": "customer_ZRSS_flag",
									"type": "String"
								}
							},
							{
								"source": {
									"name": "sales_ret_ref_invoice_number",
									"type": "String"
								},
								"sink": {
									"name": "sales_ret_ref_invoice_number",
									"type": "String"
								}
							},
							{
								"source": {
									"name": "gross_sales_val",
									"type": "Double"
								},
								"sink": {
									"name": "gross_sales_val",
									"type": "Single"
								}
							},
							{
								"source": {
									"name": "gross_sales_val_mn",
									"type": "Double"
								},
								"sink": {
									"name": "gsv_million",
									"type": "Single"
								}
							},
							{
								"source": {
									"name": "net_invoice_val",
									"type": "Double"
								},
								"sink": {
									"name": "net_invoice_val",
									"type": "Single"
								}
							},
							{
								"source": {
									"name": "gross_sales_return_val",
									"type": "Double"
								},
								"sink": {
									"name": "gross_sales_return_val",
									"type": "Single"
								}
							},
							{
								"source": {
									"name": "sales_return_val",
									"type": "Double"
								},
								"sink": {
									"name": "sales_return_val",
									"type": "Single"
								}
							},
							{
								"source": {
									"name": "on_invoice_discount_val",
									"type": "Double"
								},
								"sink": {
									"name": "on_invoice_discount_val",
									"type": "Single"
								}
							},
							{
								"source": {
									"name": "value_added_tax",
									"type": "Double"
								},
								"sink": {
									"name": "value_added_tax",
									"type": "Single"
								}
							},
							{
								"source": {
									"name": "off_inv_discount_val",
									"type": "Double"
								},
								"sink": {
									"name": "off_inv_discount_val",
									"type": "Single"
								}
							},
							{
								"source": {
									"name": "turn_over_val",
									"type": "Double"
								},
								"sink": {
									"name": "turn_over_val",
									"type": "Single"
								}
							},
							{
								"source": {
									"name": "sales_with_return_pc_qty",
									"type": "Int32"
								},
								"sink": {
									"name": "sales_with_return_pc_qty",
									"type": "Int32"
								}
							},
							{
								"source": {
									"name": "sales_return_pc_qty",
									"type": "Int32"
								},
								"sink": {
									"name": "sales_return_pc_qty",
									"type": "Int32"
								}
							},
							{
								"source": {
									"name": "sales_pc_qty",
									"type": "Int32"
								},
								"sink": {
									"name": "sales_pc_qty",
									"type": "Int32"
								}
							},
							{
								"source": {
									"name": "sales_cs_vol",
									"type": "Double"
								},
								"sink": {
									"name": "sales_cs_vol",
									"type": "Single"
								}
							},
							{
								"source": {
									"name": "sales_kg_vol",
									"type": "Double"
								},
								"sink": {
									"name": "sales_kg_vol",
									"type": "Single"
								}
							},
							{
								"source": {
									"name": "sales_lt_vol",
									"type": "Double"
								},
								"sink": {
									"name": "sales_lt_vol",
									"type": "Single"
								}
							},
							{
								"source": {
									"name": "free_pc_qty",
									"type": "Int32"
								},
								"sink": {
									"name": "free_pc_qty",
									"type": "Int32"
								}
							},
							{
								"source": {
									"name": "salesforce",
									"type": "String"
								},
								"sink": {
									"name": "salesforce",
									"type": "String"
								}
							},
							{
								"source": {
									"name": "brand",
									"type": "String"
								},
								"sink": {
									"name": "brand",
									"type": "String"
								}
							},
							{
								"source": {
									"name": "category_code",
									"type": "String"
								},
								"sink": {
									"name": "category_code",
									"type": "String"
								}
							},
							{
								"source": {
									"name": "brand_cat_core",
									"type": "String"
								},
								"sink": {
									"name": "brand_cat_core",
									"type": "String"
								}
							},
							{
								"source": {
									"name": "year_id",
									"type": "Int32"
								},
								"sink": {
									"name": "year_id",
									"type": "Int32"
								}
							},
							{
								"source": {
									"name": "month_id",
									"type": "Int32"
								},
								"sink": {
									"name": "month_id",
									"type": "Int32"
								}
							},
							{
								"source": {
									"name": "time_key",
									"type": "Int32"
								},
								"sink": {
									"name": "time_key",
									"type": "Int32"
								}
							},
							{
								"source": {
									"name": "insert_ts",
									"type": "DateTime"
								},
								"sink": {
									"name": "insert_ts",
									"type": "DateTime"
								}
							},
							{
								"source": {
									"name": "update_ts",
									"type": "DateTime"
								},
								"sink": {
									"name": "update_ts",
									"type": "DateTime"
								}
							}
						]
					}
				},
				"inputs": [
					{
						"referenceName": "DS_ADLS_TRN",
						"type": "DatasetReference",
						"parameters": {
							"RawFolder": {
								"value": "/unilever/EDGE_Analytics/Datalake/temp/hist_dss/",
								"type": "Expression"
							},
							"SubFolder": {
								"value": "temp",
								"type": "Expression"
							}
						}
					}
				],
				"outputs": [
					{
						"referenceName": "DS_ASDW",
						"type": "DatasetReference",
						"parameters": {
							"schema": "dbo",
							"tableName": "fact_daily_sales"
						}
					}
				]
			}
		],
		"folder": {
			"name": "LODR/Hist Load/DSS_Hist_Load"
		},
		"annotations": [],
		"lastPublishTime": "2021-03-04T03:37:28Z"
	},
	"type": "Microsoft.DataFactory/factories/pipelines"
}