{
	"name": "PL_Load_Ref_SPGHistoricalMapping",
	"properties": {
		"activities": [
			{
				"name": "Transform_generate_SPG_Hist_Mapping",
				"type": "DatabricksNotebook",
				"dependsOn": [],
				"policy": {
					"timeout": "7.00:00:00",
					"retry": 0,
					"retryIntervalInSeconds": 30,
					"secureOutput": false,
					"secureInput": false
				},
				"userProperties": [],
				"typeProperties": {
					"notebookPath": "/Shared/EDGE_Analytics/REF - GenerateSPGHistoricalMap"
				},
				"linkedServiceName": {
					"referenceName": "LS_ADB",
					"type": "LinkedServiceReference"
				}
			},
			{
				"name": "Copy data to SQLDW",
				"type": "Copy",
				"dependsOn": [
					{
						"activity": "Transform_generate_SPG_Hist_Mapping",
						"dependencyConditions": [
							"Succeeded"
						]
					}
				],
				"policy": {
					"timeout": "7.00:00:00",
					"retry": 0,
					"retryIntervalInSeconds": 30,
					"secureOutput": false,
					"secureInput": false
				},
				"userProperties": [],
				"typeProperties": {
					"source": {
						"type": "ParquetSource",
						"storeSettings": {
							"type": "AzureBlobFSReadSettings",
							"recursive": true,
							"wildcardFolderPath": {
								"value": "EDGE_Analytics/Datalake/Transformed/Dimensions/Hist_SPG_Map",
								"type": "Expression"
							},
							"wildcardFileName": "*",
							"enablePartitionDiscovery": false
						}
					},
					"sink": {
						"type": "SqlDWSink",
						"preCopyScript": {
							"value": "truncate table dbo.ref_hist_spg_map;",
							"type": "Expression"
						},
						"maxConcurrentConnections": 10,
						"allowPolyBase": true,
						"polyBaseSettings": {
							"rejectValue": 0,
							"rejectType": "value",
							"useTypeDefault": true
						},
						"disableMetricsCollection": false
					},
					"enableStaging": false,
					"parallelCopies": 10,
					"dataIntegrationUnits": 18,
					"translator": {
						"type": "TabularTranslator",
						"mappings": [
							{
								"source": {
									"name": "time_key",
									"type": "Int32"
								},
								"sink": {
									"name": "time_key",
									"type": "Int32"
								}
							},
							{
								"source": {
									"name": "master_outlet_code",
									"type": "String"
								},
								"sink": {
									"name": "master_outlet_code",
									"type": "String"
								}
							},
							{
								"source": {
									"name": "master_salesman_code",
									"type": "String"
								},
								"sink": {
									"name": "master_salesman_code",
									"type": "String"
								}
							},
							{
								"source": {
									"name": "master_spg",
									"type": "String"
								},
								"sink": {
									"name": "master_spg",
									"type": "String"
								}
							},
							{
								"source": {
									"name": "division",
									"type": "String"
								},
								"sink": {
									"name": "division",
									"type": "String"
								}
							}
						]
					}
				},
				"inputs": [
					{
						"referenceName": "DS_ADLS",
						"type": "DatasetReference"
					}
				],
				"outputs": [
					{
						"referenceName": "DS_ASDW_REF_HIST_SPG_MAP",
						"type": "DatasetReference"
					}
				]
			}
		],
		"folder": {
			"name": "LODR/Ref Data Load"
		},
		"annotations": [],
		"lastPublishTime": "2021-02-12T13:32:57Z"
	},
	"type": "Microsoft.DataFactory/factories/pipelines"
}