{
	"name": "PL_Load_Staging_Target_KPI_Target",
	"properties": {
		"activities": [
			{
				"name": "PDS_BLOB_TO_ADLS",
				"type": "Copy",
				"dependsOn": [
					{
						"activity": "Delete1",
						"dependencyConditions": [
							"Succeeded"
						]
					}
				],
				"policy": {
					"timeout": "7.00:00:00",
					"retry": 0,
					"retryIntervalInSeconds": 30,
					"secureOutput": false,
					"secureInput": false
				},
				"userProperties": [],
				"typeProperties": {
					"source": {
						"type": "DelimitedTextSource",
						"storeSettings": {
							"type": "AzureBlobStorageReadSettings",
							"recursive": true,
							"modifiedDatetimeStart": {
								"value": "@adddays(utcnow(),-8)",
								"type": "Expression"
							},
							"modifiedDatetimeEnd": {
								"value": "@utcnow()",
								"type": "Expression"
							},
							"wildcardFolderPath": "CD/VN EDGE Analytics/*/*/*",
							"wildcardFileName": "VN_KPI_TARGET.csv"
						},
						"formatSettings": {
							"type": "DelimitedTextReadSettings"
						}
					},
					"sink": {
						"type": "DelimitedTextSink",
						"storeSettings": {
							"type": "AzureBlobFSWriteSettings",
							"copyBehavior": "FlattenHierarchy"
						},
						"formatSettings": {
							"type": "DelimitedTextWriteSettings",
							"quoteAllText": true,
							"fileExtension": ".csv"
						}
					},
					"enableStaging": false,
					"translator": {
						"type": "TabularTranslator",
						"typeConversion": true,
						"typeConversionSettings": {
							"allowDataTruncation": true,
							"treatBooleanAsNumber": false
						}
					}
				},
				"inputs": [
					{
						"referenceName": "DS_ABLB_FMT",
						"type": "DatasetReference"
					}
				],
				"outputs": [
					{
						"referenceName": "DS_ADLS_TGT_STG_HIST",
						"type": "DatasetReference"
					}
				]
			},
			{
				"name": "Delete1",
				"type": "Delete",
				"dependsOn": [],
				"policy": {
					"timeout": "7.00:00:00",
					"retry": 0,
					"retryIntervalInSeconds": 30,
					"secureOutput": false,
					"secureInput": false
				},
				"userProperties": [],
				"typeProperties": {
					"dataset": {
						"referenceName": "DS_ADLS_TGT_STG_HIST",
						"type": "DatasetReference"
					},
					"enableLogging": false,
					"storeSettings": {
						"type": "AzureBlobFSReadSettings",
						"recursive": true,
						"enablePartitionDiscovery": false
					}
				}
			}
		],
		"variables": {
			"filetype": {
				"type": "String",
				"defaultValue": "Targets"
			},
			"StagingTargetfolderName": {
				"type": "String",
				"defaultValue": "KPI_Target"
			}
		},
		"folder": {
			"name": "LODR/Fact Load/Staging to Processed to Transformed Processing"
		},
		"annotations": []
	}
}