{
	"name": "PL_Load_Dim_Time",
	"properties": {
		"activities": [
			{
				"name": "ADLS_to_DWH",
				"type": "Copy",
				"dependsOn": [
					{
						"activity": "Transform_Time",
						"dependencyConditions": [
							"Succeeded"
						]
					}
				],
				"policy": {
					"timeout": "7.00:00:00",
					"retry": 0,
					"retryIntervalInSeconds": 30,
					"secureOutput": false,
					"secureInput": false
				},
				"userProperties": [],
				"typeProperties": {
					"source": {
						"type": "DelimitedTextSource",
						"storeSettings": {
							"type": "AzureBlobFSReadSettings",
							"recursive": true,
							"wildcardFolderPath": {
								"value": "@concat(variables('filesource'),'/',variables('TargetfolderName'),'/',formatDateTime(utcnow(),'yyyy'),'/',formatDateTime(utcnow(),'MM'),'/',formatDateTime(utcnow(),'dd'))",
								"type": "Expression"
							},
							"wildcardFileName": "*.csv"
						},
						"formatSettings": {
							"type": "DelimitedTextReadSettings"
						}
					},
					"sink": {
						"type": "SqlDWSink",
						"preCopyScript": "truncate table dbo.dim_time",
						"disableMetricsCollection": false
					},
					"enableStaging": false,
					"translator": {
						"type": "TabularTranslator",
						"mappings": [
							{
								"source": {
									"name": "Dt_og",
									"type": "String"
								},
								"sink": {
									"name": "Dt_og",
									"type": "DateTime"
								}
							},
							{
								"source": {
									"name": "Dt",
									"type": "String"
								},
								"sink": {
									"name": "Dt",
									"type": "Int32"
								}
							},
							{
								"source": {
									"name": "year_month",
									"type": "String"
								},
								"sink": {
									"name": "year_month",
									"type": "Int32"
								}
							},
							{
								"source": {
									"name": "Month",
									"type": "String"
								},
								"sink": {
									"name": "Month",
									"type": "String"
								}
							},
							{
								"source": {
									"name": "Day",
									"type": "String"
								},
								"sink": {
									"name": "Day",
									"type": "String"
								}
							},
							{
								"source": {
									"name": "Wk",
									"type": "String"
								},
								"sink": {
									"name": "Wk",
									"type": "Int32"
								}
							},
							{
								"source": {
									"name": "Year",
									"type": "String"
								},
								"sink": {
									"name": "Year",
									"type": "Int32"
								}
							},
							{
								"source": {
									"name": "Wk_year",
									"type": "String"
								},
								"sink": {
									"name": "Wk_year",
									"type": "String"
								}
							},
							{
								"source": {
									"name": "Trading_day",
									"type": "String"
								},
								"sink": {
									"name": "Trading_day",
									"type": "Int32"
								}
							},
							{
								"source": {
									"name": "Cumulatv_trading_day_wk",
									"type": "String"
								},
								"sink": {
									"name": "Cumulatv_trading_day_wk",
									"type": "Int32"
								}
							},
							{
								"source": {
									"name": "Cumulatv_trading_day_Mth",
									"type": "String"
								},
								"sink": {
									"name": "Cumulatv_trading_day_Mth",
									"type": "Int32"
								}
							},
							{
								"source": {
									"name": "Total_trading_day_wk",
									"type": "String"
								},
								"sink": {
									"name": "Total_trading_day_wk",
									"type": "Int32"
								}
							},
							{
								"source": {
									"name": "Total_trading_day_month",
									"type": "String"
								},
								"sink": {
									"name": "Total_trading_day_month",
									"type": "Int32"
								}
							},
							{
								"source": {
									"name": "startofweekCY",
									"type": "String"
								},
								"sink": {
									"name": "startofweekCY",
									"type": "DateTime"
								}
							},
							{
								"source": {
									"name": "endofweekCY",
									"type": "String"
								},
								"sink": {
									"name": "endofweekCY",
									"type": "DateTime"
								}
							},
							{
								"source": {
									"name": "startofweekPY",
									"type": "String"
								},
								"sink": {
									"name": "startofweekPY",
									"type": "DateTime"
								}
							},
							{
								"source": {
									"name": "endofweekPY",
									"type": "String"
								},
								"sink": {
									"name": "endofweekPY",
									"type": "DateTime"
								}
							},
							{
								"source": {
									"name": "startofmonthCY",
									"type": "String"
								},
								"sink": {
									"name": "startofmonthCY",
									"type": "DateTime"
								}
							},
							{
								"source": {
									"name": "startofmonthPY",
									"type": "String"
								},
								"sink": {
									"name": "startofmonthPY",
									"type": "DateTime"
								}
							},
							{
								"source": {
									"name": "past13week",
									"type": "String"
								},
								"sink": {
									"name": "past13week",
									"type": "String"
								}
							},
							{
								"source": {
									"name": "past8week",
									"type": "String"
								},
								"sink": {
									"name": "past8week",
									"type": "String"
								}
							},
							{
								"source": {
									"name": "past4week",
									"type": "String"
								},
								"sink": {
									"name": "past4week",
									"type": "String"
								}
							}
						]
					}
				},
				"inputs": [
					{
						"referenceName": "DS_ADLS_DIM",
						"type": "DatasetReference"
					}
				],
				"outputs": [
					{
						"referenceName": "DS_ASDW_DIM_TIME",
						"type": "DatasetReference"
					}
				]
			},
			{
				"name": "Transform_Time",
				"type": "DatabricksNotebook",
				"dependsOn": [
					{
						"activity": "Trading_Day_UDL_FMT_TO_ADLS",
						"dependencyConditions": [
							"Succeeded"
						]
					}
				],
				"policy": {
					"timeout": "7.00:00:00",
					"retry": 0,
					"retryIntervalInSeconds": 30,
					"secureOutput": false,
					"secureInput": false
				},
				"userProperties": [],
				"typeProperties": {
					"notebookPath": "/Shared/EDGE_Analytics/Dim_Time",
					"baseParameters": {
						"IP_Trading_Day": {
							"value": "@pipeline().parameters.Input_Trading_Day",
							"type": "Expression"
						},
						"OP_Time": {
							"value": "@pipeline().parameters.Output_Time",
							"type": "Expression"
						}
					}
				},
				"linkedServiceName": {
					"referenceName": "LS_ADB",
					"type": "LinkedServiceReference"
				}
			},
			{
				"name": "Trading_Day_UDL_FMT_TO_ADLS",
				"type": "Copy",
				"dependsOn": [],
				"policy": {
					"timeout": "7.00:00:00",
					"retry": 0,
					"retryIntervalInSeconds": 30,
					"secureOutput": false,
					"secureInput": false
				},
				"userProperties": [],
				"typeProperties": {
					"source": {
						"type": "DelimitedTextSource",
						"storeSettings": {
							"type": "AzureBlobFSReadSettings",
							"recursive": true,
							"wildcardFolderPath": "UniversalDataLake/InternalSources/FileFMT/BlobFileShare/SecondarySales/Vietnam/TradingDays/Processed",
							"wildcardFileName": "VN_TRADING_DAYS_MAP.csv"
						},
						"formatSettings": {
							"type": "DelimitedTextReadSettings"
						}
					},
					"sink": {
						"type": "DelimitedTextSink",
						"storeSettings": {
							"type": "AzureBlobFSWriteSettings"
						},
						"formatSettings": {
							"type": "DelimitedTextWriteSettings",
							"quoteAllText": true,
							"fileExtension": ".csv"
						}
					},
					"enableStaging": false
				},
				"inputs": [
					{
						"referenceName": "DS_ABLB_UDL_FMT",
						"type": "DatasetReference"
					}
				],
				"outputs": [
					{
						"referenceName": "DS_ADLS_TGT_STG",
						"type": "DatasetReference"
					}
				]
			},
			{
				"name": "Cube Refresh",
				"type": "ExecutePipeline",
				"dependsOn": [
					{
						"activity": "ADLS_to_DWH",
						"dependencyConditions": [
							"Succeeded"
						]
					}
				],
				"userProperties": [],
				"typeProperties": {
					"pipeline": {
						"referenceName": "PL_PROCESS_CUBE",
						"type": "PipelineReference"
					},
					"waitOnCompletion": true,
					"parameters": {
						"refresh_databaseName": "TabularProject1",
						"refresh_tableName": "dim_time"
					}
				}
			}
		],
		"parameters": {
			"Input_Trading_Day": {
				"type": "string",
				"defaultValue": "/mnt/adls/EDGE_Analytics/Datalake/Staging/Incremental/Masters/Trading_Day/"
			},
			"Output_Time": {
				"type": "string",
				"defaultValue": "/mnt/adls/EDGE_Analytics/Datalake/Transformed/Dimensions/Time/"
			}
		},
		"variables": {
			"filetype": {
				"type": "String",
				"defaultValue": "Masters"
			},
			"StagingTargetfolderName": {
				"type": "String",
				"defaultValue": "Trading_Day"
			},
			"filesource": {
				"type": "String",
				"defaultValue": "EDGE_Analytics/Datalake/Transformed/Dimensions"
			},
			"TargetfolderName": {
				"type": "String",
				"defaultValue": "Time"
			}
		},
		"folder": {
			"name": "LODR/Dim Load"
		},
		"annotations": [],
		"lastPublishTime": "2021-03-24T10:01:11Z"
	},
	"type": "Microsoft.DataFactory/factories/pipelines"
}