{
	"name": "PL_Load_Bridge_Tables",
	"properties": {
		"activities": [
			{
				"name": "Transform_Bridge_Tables",
				"type": "DatabricksNotebook",
				"dependsOn": [],
				"policy": {
					"timeout": "7.00:00:00",
					"retry": 0,
					"retryIntervalInSeconds": 30,
					"secureOutput": false,
					"secureInput": false
				},
				"userProperties": [],
				"typeProperties": {
					"notebookPath": "/Shared/EDGE_Analytics/Bridge_Tables",
					"baseParameters": {
						"IP_Category_Product": {
							"value": "@pipeline().parameters.Input_Category_Product",
							"type": "Expression"
						},
						"OP_Category_product": {
							"value": "@pipeline().parameters.Output_Category_Product",
							"type": "Expression"
						},
						"IP_Distributor_Site": {
							"value": "@pipeline().parameters.Input_Distributor_Site",
							"type": "Expression"
						},
						"OP_Distributor_Site": {
							"value": "@pipeline().parameters.Output_Distributor_Site",
							"type": "Expression"
						},
						"IP_Product_cat_core": {
							"value": "@pipeline().parameters.Input_Product_cat_core",
							"type": "Expression"
						},
						"OP_Product_cat_core": {
							"value": "@pipeline().parameters.Output_Product_cat_core",
							"type": "Expression"
						},
						"IP_unique_sf": {
							"value": "@pipeline().parameters.Input_unique_sf",
							"type": "Expression"
						},
						"OP_unique_sf": {
							"value": "@pipeline().parameters.Output_unique_sf",
							"type": "Expression"
						}
					}
				},
				"linkedServiceName": {
					"referenceName": "LS_ADB",
					"type": "LinkedServiceReference"
				}
			},
			{
				"name": "ADLS_to_DWH_prod_cat",
				"type": "Copy",
				"dependsOn": [
					{
						"activity": "Transform_Bridge_Tables",
						"dependencyConditions": [
							"Succeeded"
						]
					}
				],
				"policy": {
					"timeout": "7.00:00:00",
					"retry": 0,
					"retryIntervalInSeconds": 30,
					"secureOutput": false,
					"secureInput": false
				},
				"userProperties": [],
				"typeProperties": {
					"source": {
						"type": "DelimitedTextSource",
						"storeSettings": {
							"type": "AzureBlobFSReadSettings",
							"recursive": true,
							"wildcardFolderPath": {
								"value": "@concat(variables('cat_prod_filepath'))",
								"type": "Expression"
							},
							"wildcardFileName": "*.csv"
						},
						"formatSettings": {
							"type": "DelimitedTextReadSettings"
						}
					},
					"sink": {
						"type": "SqlDWSink",
						"preCopyScript": "truncate table dbo.mid_prod_cat",
						"disableMetricsCollection": false
					},
					"enableStaging": false,
					"translator": {
						"type": "TabularTranslator",
						"mappings": [
							{
								"source": {
									"name": "category_code",
									"type": "String",
									"physicalType": "String"
								},
								"sink": {
									"name": "category_code",
									"type": "String",
									"physicalType": "varchar"
								}
							},
							{
								"source": {
									"name": "sorting_index",
									"type": "String",
									"physicalType": "String"
								},
								"sink": {
									"name": "sorting_index",
									"type": "Int32",
									"physicalType": "int"
								}
							}
						],
						"typeConversion": true,
						"typeConversionSettings": {
							"allowDataTruncation": true,
							"treatBooleanAsNumber": false
						}
					}
				},
				"inputs": [
					{
						"referenceName": "DS_ADLS_DIM",
						"type": "DatasetReference"
					}
				],
				"outputs": [
					{
						"referenceName": "DS_ASDW_MID_PROD",
						"type": "DatasetReference"
					}
				]
			},
			{
				"name": "ADLS_to_DWH_dist",
				"type": "Copy",
				"dependsOn": [
					{
						"activity": "Transform_Bridge_Tables",
						"dependencyConditions": [
							"Succeeded"
						]
					}
				],
				"policy": {
					"timeout": "7.00:00:00",
					"retry": 0,
					"retryIntervalInSeconds": 30,
					"secureOutput": false,
					"secureInput": false
				},
				"userProperties": [],
				"typeProperties": {
					"source": {
						"type": "DelimitedTextSource",
						"storeSettings": {
							"type": "AzureBlobFSReadSettings",
							"recursive": true,
							"wildcardFolderPath": {
								"value": "@concat(variables('dist_site_filepath'))",
								"type": "Expression"
							},
							"wildcardFileName": "*.csv"
						},
						"formatSettings": {
							"type": "DelimitedTextReadSettings"
						}
					},
					"sink": {
						"type": "SqlDWSink",
						"preCopyScript": "truncate table dbo.mid_dist_site",
						"disableMetricsCollection": false
					},
					"enableStaging": false,
					"translator": {
						"type": "TabularTranslator",
						"typeConversion": true,
						"typeConversionSettings": {
							"allowDataTruncation": true,
							"treatBooleanAsNumber": false
						}
					}
				},
				"inputs": [
					{
						"referenceName": "DS_ADLS_DIM",
						"type": "DatasetReference"
					}
				],
				"outputs": [
					{
						"referenceName": "DS_ASDW_MID_DIST",
						"type": "DatasetReference"
					}
				]
			},
			{
				"name": "ADLS_to_DWH_prod_cat_core",
				"type": "Copy",
				"dependsOn": [
					{
						"activity": "Transform_Bridge_Tables",
						"dependencyConditions": [
							"Succeeded"
						]
					}
				],
				"policy": {
					"timeout": "7.00:00:00",
					"retry": 0,
					"retryIntervalInSeconds": 30,
					"secureOutput": false,
					"secureInput": false
				},
				"userProperties": [],
				"typeProperties": {
					"source": {
						"type": "DelimitedTextSource",
						"storeSettings": {
							"type": "AzureBlobFSReadSettings",
							"recursive": true,
							"wildcardFolderPath": {
								"value": "@concat(variables('cat_prod_core_filepath'))",
								"type": "Expression"
							},
							"wildcardFileName": "*.csv"
						},
						"formatSettings": {
							"type": "DelimitedTextReadSettings"
						}
					},
					"sink": {
						"type": "SqlDWSink",
						"preCopyScript": "truncate table dbo.mid_prod_cat_core",
						"disableMetricsCollection": false
					},
					"enableStaging": false,
					"translator": {
						"type": "TabularTranslator",
						"mappings": [
							{
								"source": {
									"name": "brand",
									"type": "String",
									"physicalType": "String"
								},
								"sink": {
									"name": "brand",
									"type": "String",
									"physicalType": "varchar"
								}
							},
							{
								"source": {
									"name": "category_code",
									"type": "String",
									"physicalType": "String"
								},
								"sink": {
									"name": "category_code",
									"type": "String",
									"physicalType": "varchar"
								}
							},
							{
								"source": {
									"name": "category_name",
									"type": "String",
									"physicalType": "String"
								},
								"sink": {
									"name": "category_name",
									"type": "String",
									"physicalType": "varchar"
								}
							},
							{
								"source": {
									"name": "cotc",
									"type": "String",
									"physicalType": "String"
								},
								"sink": {
									"name": "cotc",
									"type": "String",
									"physicalType": "varchar"
								}
							},
							{
								"source": {
									"name": "brand_cat_core",
									"type": "String",
									"physicalType": "String"
								},
								"sink": {
									"name": "brand_cat_core",
									"type": "String",
									"physicalType": "varchar"
								}
							},
							{
								"source": {
									"name": "sorting_index",
									"type": "String",
									"physicalType": "String"
								},
								"sink": {
									"name": "sorting_index",
									"type": "Int32",
									"physicalType": "int"
								}
							}
						],
						"typeConversion": true,
						"typeConversionSettings": {
							"allowDataTruncation": true,
							"treatBooleanAsNumber": false
						}
					}
				},
				"inputs": [
					{
						"referenceName": "DS_ADLS_DIM",
						"type": "DatasetReference"
					}
				],
				"outputs": [
					{
						"referenceName": "DS_ASDW_MIDPROD_CAT_CORE",
						"type": "DatasetReference"
					}
				]
			},
			{
				"name": "ADLS_to_DWH_sf",
				"type": "Copy",
				"dependsOn": [
					{
						"activity": "Transform_Bridge_Tables",
						"dependencyConditions": [
							"Succeeded"
						]
					}
				],
				"policy": {
					"timeout": "7.00:00:00",
					"retry": 0,
					"retryIntervalInSeconds": 30,
					"secureOutput": false,
					"secureInput": false
				},
				"userProperties": [],
				"typeProperties": {
					"source": {
						"type": "DelimitedTextSource",
						"storeSettings": {
							"type": "AzureBlobFSReadSettings",
							"recursive": true,
							"wildcardFolderPath": {
								"value": "@concat(variables('salesforce_filepath'))",
								"type": "Expression"
							},
							"wildcardFileName": "*.csv"
						},
						"formatSettings": {
							"type": "DelimitedTextReadSettings"
						}
					},
					"sink": {
						"type": "SqlDWSink",
						"preCopyScript": "truncate table dbo.mid_unique_sf",
						"disableMetricsCollection": false
					},
					"enableStaging": false,
					"translator": {
						"type": "TabularTranslator",
						"typeConversion": true,
						"typeConversionSettings": {
							"allowDataTruncation": true,
							"treatBooleanAsNumber": false
						}
					}
				},
				"inputs": [
					{
						"referenceName": "DS_ADLS_DIM",
						"type": "DatasetReference"
					}
				],
				"outputs": [
					{
						"referenceName": "DS_ASDW_MID_SF",
						"type": "DatasetReference"
					}
				]
			},
			{
				"name": "Cube Refresh",
				"type": "ExecutePipeline",
				"dependsOn": [
					{
						"activity": "ADLS_to_DWH_prod_cat",
						"dependencyConditions": [
							"Succeeded"
						]
					}
				],
				"userProperties": [],
				"typeProperties": {
					"pipeline": {
						"referenceName": "PL_PROCESS_CUBE",
						"type": "PipelineReference"
					},
					"waitOnCompletion": true,
					"parameters": {
						"refresh_databaseName": "TabularProject1",
						"refresh_tableName": "mid_prod_cat"
					}
				}
			},
			{
				"name": "Cube Refresh_copy1",
				"type": "ExecutePipeline",
				"dependsOn": [
					{
						"activity": "ADLS_to_DWH_sf",
						"dependencyConditions": [
							"Succeeded"
						]
					}
				],
				"userProperties": [],
				"typeProperties": {
					"pipeline": {
						"referenceName": "PL_PROCESS_CUBE",
						"type": "PipelineReference"
					},
					"waitOnCompletion": true,
					"parameters": {
						"refresh_databaseName": "TabularProject1",
						"refresh_tableName": "mid_unique_sf"
					}
				}
			},
			{
				"name": "Cube Refresh_copy3",
				"type": "ExecutePipeline",
				"dependsOn": [
					{
						"activity": "ADLS_to_DWH_prod_cat_core",
						"dependencyConditions": [
							"Succeeded"
						]
					}
				],
				"userProperties": [],
				"typeProperties": {
					"pipeline": {
						"referenceName": "PL_PROCESS_CUBE",
						"type": "PipelineReference"
					},
					"waitOnCompletion": true,
					"parameters": {
						"refresh_databaseName": "TabularProject1",
						"refresh_tableName": "mid_prod_cat_core"
					}
				}
			},
			{
				"name": "Cube Refresh_copy4",
				"type": "ExecutePipeline",
				"dependsOn": [
					{
						"activity": "ADLS_to_DWH_dist",
						"dependencyConditions": [
							"Succeeded"
						]
					}
				],
				"userProperties": [],
				"typeProperties": {
					"pipeline": {
						"referenceName": "PL_PROCESS_CUBE",
						"type": "PipelineReference"
					},
					"waitOnCompletion": true,
					"parameters": {
						"refresh_databaseName": "TabularProject1",
						"refresh_tableName": "mid_dist_site"
					}
				}
			}
		],
		"parameters": {
			"Input_Category_Product": {
				"type": "string",
				"defaultValue": "/mnt/adls/EDGE_Analytics/Datalake/Transformed/Dimensions/Product/"
			},
			"Output_Category_Product": {
				"type": "string",
				"defaultValue": "/mnt/adls/EDGE_Analytics/Datalake/Transformed/Bridge_Tables/Category_product/"
			},
			"Input_Distributor_Site": {
				"type": "string",
				"defaultValue": "/mnt/adls/EDGE_Analytics/Datalake/Transformed/Dimensions/Distributor/"
			},
			"Output_Distributor_Site": {
				"type": "string",
				"defaultValue": "/mnt/adls/EDGE_Analytics/Datalake/Transformed/Bridge_Tables/Distributor_site/"
			},
			"Input_Product_cat_core": {
				"type": "string",
				"defaultValue": "/mnt/adls/EDGE_Analytics/Datalake/Transformed/Dimensions/Product/"
			},
			"Output_Product_cat_core": {
				"type": "string",
				"defaultValue": "/mnt/adls/EDGE_Analytics/Datalake/Transformed/Bridge_Tables/Product_cat_core/"
			},
			"Input_unique_sf": {
				"type": "string",
				"defaultValue": "/mnt/adls/EDGE_Analytics/Datalake/Transformed/Dimensions/Salesman/"
			},
			"Output_unique_sf": {
				"type": "string",
				"defaultValue": "/mnt/adls/EDGE_Analytics/Datalake/Transformed/Bridge_Tables/unique_sf/"
			}
		},
		"variables": {
			"cat_prod_filepath": {
				"type": "String",
				"defaultValue": "EDGE_Analytics/Datalake/Transformed/Bridge_Tables/Category_product"
			},
			"dist_site_filepath": {
				"type": "String",
				"defaultValue": "EDGE_Analytics/Datalake/Transformed/Bridge_Tables/Distributor_site"
			},
			"cat_prod_core_filepath": {
				"type": "String",
				"defaultValue": "EDGE_Analytics/Datalake/Transformed/Bridge_Tables/Product_cat_core"
			},
			"salesforce_filepath": {
				"type": "String",
				"defaultValue": "EDGE_Analytics/Datalake/Transformed/Bridge_Tables/unique_sf"
			}
		},
		"folder": {
			"name": "LODR/Bridge Table Load"
		},
		"annotations": [],
		"lastPublishTime": "2021-03-24T10:01:12Z"
	},
	"type": "Microsoft.DataFactory/factories/pipelines"
}