{
	"name": "PL_Load_Fact_Monthly_Salesman_Targets",
	"properties": {
		"activities": [
			{
				"name": "Transform_Monthly_Salesman_Target",
				"type": "DatabricksNotebook",
				"dependsOn": [
					{
						"activity": "Sales_Period_Report",
						"dependencyConditions": [
							"Succeeded"
						]
					},
					{
						"activity": "FCS_Salesperson_SPG",
						"dependencyConditions": [
							"Succeeded"
						]
					},
					{
						"activity": "FCS_Salesperson",
						"dependencyConditions": [
							"Succeeded"
						]
					}
				],
				"policy": {
					"timeout": "7.00:00:00",
					"retry": 0,
					"retryIntervalInSeconds": 30,
					"secureOutput": false,
					"secureInput": false
				},
				"userProperties": [],
				"typeProperties": {
					"notebookPath": "/Shared/EDGE_Analytics/Fact_Daily_Dashboard_Salesman_Monthly_Targets",
					"baseParameters": {
						"IP_Monthly_SM_Target": {
							"value": "@pipeline().parameters.IP_Monthly_SM_Target",
							"type": "Expression"
						},
						"OP_Monthly_SM_Target": {
							"value": "@pipeline().parameters.OP_Monthly_SM_Target",
							"type": "Expression"
						},
						"OP_Monthly_SPG_Target": {
							"value": "@pipeline().parameters.OP_Monthly_SPG_Target",
							"type": "Expression"
						},
						"OP_Monthly_KPI_Target": {
							"value": "@pipeline().parameters.OP_Monthly_KPI_Target",
							"type": "Expression"
						}
					}
				},
				"linkedServiceName": {
					"referenceName": "LS_ADB",
					"type": "LinkedServiceReference"
				}
			},
			{
				"name": "SALESMAN_ADLS_TO_DWH",
				"description": "This activity copies data generated from Databricks into DWH for further calculations",
				"type": "Copy",
				"dependsOn": [
					{
						"activity": "Transform_Monthly_Salesman_Target",
						"dependencyConditions": [
							"Succeeded"
						]
					}
				],
				"policy": {
					"timeout": "7.00:00:00",
					"retry": 0,
					"retryIntervalInSeconds": 30,
					"secureOutput": false,
					"secureInput": false
				},
				"userProperties": [],
				"typeProperties": {
					"source": {
						"type": "DelimitedTextSource",
						"storeSettings": {
							"type": "AzureBlobFSReadSettings",
							"recursive": true,
							"wildcardFolderPath": {
								"value": "@concat(variables('filepath'),'/',variables('TargetfolderName'))",
								"type": "Expression"
							},
							"wildcardFileName": "*.csv",
							"enablePartitionDiscovery": false
						},
						"formatSettings": {
							"type": "DelimitedTextReadSettings"
						}
					},
					"sink": {
						"type": "SqlDWSink",
						"preCopyScript": "truncate table dbo.fact_salesman_monthly_target",
						"allowPolyBase": true,
						"polyBaseSettings": {
							"rejectValue": 0,
							"rejectType": "value",
							"useTypeDefault": true
						},
						"disableMetricsCollection": false
					},
					"enableStaging": true,
					"stagingSettings": {
						"linkedServiceName": {
							"referenceName": "LS_ADLS",
							"type": "LinkedServiceReference"
						},
						"path": "unilever/EDGE_Analytics/Datalake/Staging/temp_qualitystores"
					},
					"translator": {
						"type": "TabularTranslator",
						"mappings": [
							{
								"source": {
									"name": "year",
									"type": "String"
								},
								"sink": {
									"name": "year",
									"type": "Int32"
								}
							},
							{
								"source": {
									"name": "year_month",
									"type": "String"
								},
								"sink": {
									"name": "year_month",
									"type": "Int32"
								}
							},
							{
								"source": {
									"name": "month",
									"type": "String"
								},
								"sink": {
									"name": "month",
									"type": "String"
								}
							},
							{
								"source": {
									"name": "site_code",
									"type": "String"
								},
								"sink": {
									"name": "site_code",
									"type": "String"
								}
							},
							{
								"source": {
									"name": "target",
									"type": "String"
								},
								"sink": {
									"name": "target",
									"type": "Single"
								}
							},
							{
								"source": {
									"name": "SPG",
									"type": "String"
								},
								"sink": {
									"name": "SPG",
									"type": "String"
								}
							}
						]
					}
				},
				"inputs": [
					{
						"referenceName": "DS_ADLS_FACT",
						"type": "DatasetReference"
					}
				],
				"outputs": [
					{
						"referenceName": "DS_ASDW_FACT_Salesman_Monthly_Targets",
						"type": "DatasetReference"
					}
				]
			},
			{
				"name": "FCS_SPG_TGT_ADLS_TO_DWH",
				"description": "This activity copies data generated from Databricks into DWH for further calculations",
				"type": "Copy",
				"dependsOn": [
					{
						"activity": "Transform_Monthly_Salesman_Target",
						"dependencyConditions": [
							"Succeeded"
						]
					}
				],
				"policy": {
					"timeout": "7.00:00:00",
					"retry": 0,
					"retryIntervalInSeconds": 30,
					"secureOutput": false,
					"secureInput": false
				},
				"userProperties": [],
				"typeProperties": {
					"source": {
						"type": "DelimitedTextSource",
						"storeSettings": {
							"type": "AzureBlobFSReadSettings",
							"recursive": true,
							"wildcardFolderPath": {
								"value": "@concat(variables('filepath'),'/',variables('TargetfolderName2'))",
								"type": "Expression"
							},
							"wildcardFileName": "*.csv",
							"enablePartitionDiscovery": false
						},
						"formatSettings": {
							"type": "DelimitedTextReadSettings"
						}
					},
					"sink": {
						"type": "SqlDWSink",
						"preCopyScript": "truncate table dbo.fact_fcs_by_spg_target",
						"allowPolyBase": true,
						"polyBaseSettings": {
							"rejectValue": 0,
							"rejectType": "value",
							"useTypeDefault": true
						},
						"disableMetricsCollection": false
					},
					"enableStaging": true,
					"stagingSettings": {
						"linkedServiceName": {
							"referenceName": "LS_ADLS",
							"type": "LinkedServiceReference"
						},
						"path": "unilever/EDGE_Analytics/Datalake/Staging/temp_qualitystores"
					},
					"translator": {
						"type": "TabularTranslator",
						"mappings": [
							{
								"source": {
									"name": "yrmo",
									"type": "String"
								},
								"sink": {
									"name": "year_month",
									"type": "Int32"
								}
							},
							{
								"source": {
									"name": "distributor_code",
									"type": "String"
								},
								"sink": {
									"name": "distributor_code",
									"type": "String"
								}
							},
							{
								"source": {
									"name": "salesman_code",
									"type": "String"
								},
								"sink": {
									"name": "salesman_code",
									"type": "String"
								}
							},
							{
								"source": {
									"name": "sales_target",
									"type": "String"
								},
								"sink": {
									"name": "target",
									"type": "Single"
								}
							},
							{
								"source": {
									"name": "salesman_product_group",
									"type": "String"
								},
								"sink": {
									"name": "SPG",
									"type": "String"
								}
							}
						]
					}
				},
				"inputs": [
					{
						"referenceName": "DS_ADLS_FACT",
						"type": "DatasetReference"
					}
				],
				"outputs": [
					{
						"referenceName": "DS_ASDW_FACT_FCS_Targets",
						"type": "DatasetReference"
					}
				]
			},
			{
				"name": "FCS_Salesperson",
				"type": "ExecutePipeline",
				"dependsOn": [],
				"userProperties": [],
				"typeProperties": {
					"pipeline": {
						"referenceName": "PL_Load_Staging_Transaction_FCS_Salesperson",
						"type": "PipelineReference"
					},
					"waitOnCompletion": true
				}
			},
			{
				"name": "FCS_Salesperson_SPG",
				"type": "ExecutePipeline",
				"dependsOn": [],
				"userProperties": [],
				"typeProperties": {
					"pipeline": {
						"referenceName": "PL_Load_Staging_Transaction_FCS_Salesperson_SPG",
						"type": "PipelineReference"
					},
					"waitOnCompletion": true
				}
			},
			{
				"name": "Sales_Period_Report",
				"type": "ExecutePipeline",
				"dependsOn": [],
				"userProperties": [],
				"typeProperties": {
					"pipeline": {
						"referenceName": "PL_Load_Staging_Transaction_Sales_Period_Report",
						"type": "PipelineReference"
					},
					"waitOnCompletion": true
				}
			},
			{
				"name": "FCS_KPI_TGT_ADLS_TO_DWH",
				"description": "This activity copies data generated from Databricks into DWH for further calculations",
				"type": "Copy",
				"dependsOn": [
					{
						"activity": "Transform_Monthly_Salesman_Target",
						"dependencyConditions": [
							"Succeeded"
						]
					}
				],
				"policy": {
					"timeout": "7.00:00:00",
					"retry": 0,
					"retryIntervalInSeconds": 30,
					"secureOutput": false,
					"secureInput": false
				},
				"userProperties": [],
				"typeProperties": {
					"source": {
						"type": "DelimitedTextSource",
						"storeSettings": {
							"type": "AzureBlobFSReadSettings",
							"recursive": true,
							"wildcardFolderPath": {
								"value": "@concat(variables('filepath'),'/',variables('TargetfolderName3'))",
								"type": "Expression"
							},
							"wildcardFileName": "*.csv",
							"enablePartitionDiscovery": false
						},
						"formatSettings": {
							"type": "DelimitedTextReadSettings"
						}
					},
					"sink": {
						"type": "SqlDWSink",
						"preCopyScript": "truncate table dbo.fact_kpi_monthly_target",
						"allowPolyBase": true,
						"polyBaseSettings": {
							"rejectValue": 0,
							"rejectType": "value",
							"useTypeDefault": true
						},
						"disableMetricsCollection": false
					},
					"enableStaging": true,
					"stagingSettings": {
						"linkedServiceName": {
							"referenceName": "LS_ADLS",
							"type": "LinkedServiceReference"
						},
						"path": "unilever/EDGE_Analytics/Datalake/Staging/temp_qualitystores"
					},
					"translator": {
						"type": "TabularTranslator",
						"mappings": [
							{
								"source": {
									"name": "year",
									"type": "String"
								},
								"sink": {
									"name": "year",
									"type": "Int32"
								}
							},
							{
								"source": {
									"name": "year_month",
									"type": "String"
								},
								"sink": {
									"name": "year_month",
									"type": "Int32"
								}
							},
							{
								"source": {
									"name": "month",
									"type": "String"
								},
								"sink": {
									"name": "month",
									"type": "String"
								}
							},
							{
								"source": {
									"name": "KPI",
									"type": "String"
								},
								"sink": {
									"name": "kpi",
									"type": "String"
								}
							},
							{
								"source": {
									"name": "target",
									"type": "String"
								},
								"sink": {
									"name": "target",
									"type": "Single"
								}
							},
							{
								"source": {
									"name": "SPG",
									"type": "String"
								},
								"sink": {
									"name": "SPG",
									"type": "String"
								}
							}
						]
					}
				},
				"inputs": [
					{
						"referenceName": "DS_ADLS_FACT",
						"type": "DatasetReference"
					}
				],
				"outputs": [
					{
						"referenceName": "DS_ASDW_FACT_KPI_Monthly_Targets",
						"type": "DatasetReference"
					}
				]
			}
		],
		"parameters": {
			"IP_Monthly_SM_Target": {
				"type": "string",
				"defaultValue": "/mnt/adls/EDGE_Analytics/Datalake/Processed/FMT/"
			},
			"OP_Monthly_SM_Target": {
				"type": "string",
				"defaultValue": "/mnt/adls/EDGE_Analytics/Datalake/Transformed/Facts/Targets/Salesman_Monthly_Targets/"
			},
			"OP_Monthly_SPG_Target": {
				"type": "string",
				"defaultValue": "/mnt/adls/EDGE_Analytics/Datalake/Transformed/Facts/Targets/SPG_Monthly_Targets/"
			},
			"OP_Monthly_KPI_Target": {
				"type": "string",
				"defaultValue": "/mnt/adls/EDGE_Analytics/Datalake/Transformed/Facts/Targets/KPI_Monthly_Targets/"
			}
		},
		"variables": {
			"filepath": {
				"type": "String",
				"defaultValue": "EDGE_Analytics/Datalake/Transformed/Facts/Targets/"
			},
			"TargetfolderName": {
				"type": "String",
				"defaultValue": "Salesman_Monthly_Targets/"
			},
			"TargetfolderName2": {
				"type": "String",
				"defaultValue": "SPG_Monthly_Targets/"
			},
			"TargetfolderName3": {
				"type": "String",
				"defaultValue": "KPI_Monthly_Targets/"
			}
		},
		"folder": {
			"name": "LODR/Fact Load"
		},
		"annotations": [],
		"lastPublishTime": "2021-03-18T13:31:31Z"
	},
	"type": "Microsoft.DataFactory/factories/pipelines"
}