{
	"name": "PL_Load_Hist_AggregateFact_DSS",
	"properties": {
		"activities": [
			{
				"name": "CopyDSSToDW 2018",
				"type": "Copy",
				"dependsOn": [
					{
						"activity": "Get DSS to Delta 2018",
						"dependencyConditions": [
							"Succeeded"
						]
					}
				],
				"policy": {
					"timeout": "7.00:00:00",
					"retry": 0,
					"retryIntervalInSeconds": 30,
					"secureOutput": false,
					"secureInput": false
				},
				"userProperties": [],
				"typeProperties": {
					"source": {
						"type": "ParquetSource",
						"storeSettings": {
							"type": "AzureBlobFSReadSettings",
							"recursive": true,
							"wildcardFileName": "*",
							"enablePartitionDiscovery": false
						}
					},
					"sink": {
						"type": "SqlDWSink",
						"preCopyScript": "truncate table dbo.fact_dss_aggregate",
						"maxConcurrentConnections": 10,
						"allowPolyBase": true,
						"polyBaseSettings": {
							"rejectValue": 0,
							"rejectType": "value",
							"useTypeDefault": true
						},
						"disableMetricsCollection": false
					},
					"enableStaging": false,
					"parallelCopies": 20,
					"dataIntegrationUnits": 18,
					"translator": {
						"type": "TabularTranslator",
						"mappings": [
							{
								"source": {
									"name": "total_sku_lines",
									"type": "Int64"
								},
								"sink": {
									"name": "total_sku_lines",
									"type": "Int64"
								}
							},
							{
								"source": {
									"name": "non_zero_amount_bill_count",
									"type": "Int64"
								},
								"sink": {
									"name": "non_zero_amount_bill_count",
									"type": "Int64"
								}
							},
							{
								"source": {
									"name": "total_bill_count",
									"type": "Int64"
								},
								"sink": {
									"name": "total_bill_count",
									"type": "Int64"
								}
							},
							{
								"source": {
									"name": "salesman_product_group_code",
									"type": "String"
								},
								"sink": {
									"name": "salesman_product_group_code",
									"type": "String"
								}
							},
							{
								"source": {
									"name": "transactional_spg",
									"type": "String"
								},
								"sink": {
									"name": "transactional_spg",
									"type": "String"
								}
							},
							{
								"source": {
									"name": "transactional_distributor_code",
									"type": "String"
								},
								"sink": {
									"name": "transactional_distributor_code",
									"type": "String"
								}
							},
							{
								"source": {
									"name": "transactional_site_code",
									"type": "String"
								},
								"sink": {
									"name": "transactional_site_code",
									"type": "String"
								}
							},
							{
								"source": {
									"name": "transactional_outlet_code",
									"type": "String"
								},
								"sink": {
									"name": "transactional_outlet_code",
									"type": "String"
								}
							},
							{
								"source": {
									"name": "invoice_date",
									"type": "DateTime"
								},
								"sink": {
									"name": "invoice_date",
									"type": "DateTime"
								}
							},
							{
								"source": {
									"name": "transactional_salesman_code",
									"type": "String"
								},
								"sink": {
									"name": "transactional_salesman_code",
									"type": "String"
								}
							},
							{
								"source": {
									"name": "gsv",
									"type": "Double"
								},
								"sink": {
									"name": "gross_sales_val",
									"type": "Single"
								}
							},
							{
								"source": {
									"name": "net_invoice",
									"type": "Double"
								},
								"sink": {
									"name": "net_invoice_val",
									"type": "Single"
								}
							},
							{
								"source": {
									"name": "salesforce",
									"type": "String"
								},
								"sink": {
									"name": "salesforce",
									"type": "String"
								}
							},
							{
								"source": {
									"name": "invoice_range",
									"type": "String"
								},
								"sink": {
									"name": "invoice_range",
									"type": "String"
								}
							},
							{
								"source": {
									"name": "year_id",
									"type": "Int32"
								},
								"sink": {
									"name": "year_id",
									"type": "Int32"
								}
							},
							{
								"source": {
									"name": "month_id",
									"type": "Int32"
								},
								"sink": {
									"name": "month_id",
									"type": "Int32"
								}
							},
							{
								"source": {
									"name": "time_key",
									"type": "Int32"
								},
								"sink": {
									"name": "time_key",
									"type": "Int32"
								}
							},
							{
								"source": {
									"name": "insert_ts",
									"type": "DateTime"
								},
								"sink": {
									"name": "insert_ts",
									"type": "DateTime"
								}
							},
							{
								"source": {
									"name": "update_ts",
									"type": "DateTime"
								},
								"sink": {
									"name": "update_ts",
									"type": "DateTime"
								}
							},
							{
								"source": {
									"name": "map_index",
									"type": "Int32"
								},
								"sink": {
									"name": "map_index",
									"type": "Int32"
								}
							}
						]
					}
				},
				"inputs": [
					{
						"referenceName": "DS_ADLS_TRN",
						"type": "DatasetReference",
						"parameters": {
							"RawFolder": {
								"value": "/unilever/EDGE_Analytics/Datalake/temp/hist_dss_agg/",
								"type": "Expression"
							},
							"SubFolder": {
								"value": "temp",
								"type": "Expression"
							}
						}
					}
				],
				"outputs": [
					{
						"referenceName": "DS_ASDW",
						"type": "DatasetReference",
						"parameters": {
							"schema": "dbo",
							"tableName": "fact_dss_aggregate"
						}
					}
				]
			},
			{
				"name": "Get DSS to Delta 2018",
				"type": "DatabricksNotebook",
				"dependsOn": [],
				"policy": {
					"timeout": "7.00:00:00",
					"retry": 0,
					"retryIntervalInSeconds": 30,
					"secureOutput": false,
					"secureInput": false
				},
				"userProperties": [],
				"typeProperties": {
					"notebookPath": "/Shared/EDGE_Analytics/Hist_DSS_Aggr_Load_From_Delta_To_Stg",
					"baseParameters": {
						"year_id": {
							"value": "2018",
							"type": "Expression"
						}
					}
				},
				"linkedServiceName": {
					"referenceName": "LS_ADB",
					"type": "LinkedServiceReference"
				}
			},
			{
				"name": "Get DSS to Delta 2020",
				"type": "DatabricksNotebook",
				"dependsOn": [
					{
						"activity": "CopyDSSToDW 2019",
						"dependencyConditions": [
							"Succeeded"
						]
					}
				],
				"policy": {
					"timeout": "7.00:00:00",
					"retry": 0,
					"retryIntervalInSeconds": 30,
					"secureOutput": false,
					"secureInput": false
				},
				"userProperties": [],
				"typeProperties": {
					"notebookPath": "/Shared/EDGE_Analytics/Hist_DSS_Aggr_Load_From_Delta_To_Stg",
					"baseParameters": {
						"year_id": {
							"value": "2020",
							"type": "Expression"
						}
					}
				},
				"linkedServiceName": {
					"referenceName": "LS_ADB",
					"type": "LinkedServiceReference"
				}
			},
			{
				"name": "Get DSS to Delta 2019",
				"type": "DatabricksNotebook",
				"dependsOn": [
					{
						"activity": "CopyDSSToDW 2018",
						"dependencyConditions": [
							"Succeeded"
						]
					}
				],
				"policy": {
					"timeout": "7.00:00:00",
					"retry": 0,
					"retryIntervalInSeconds": 30,
					"secureOutput": false,
					"secureInput": false
				},
				"userProperties": [],
				"typeProperties": {
					"notebookPath": "/Shared/EDGE_Analytics/Hist_DSS_Aggr_Load_From_Delta_To_Stg",
					"baseParameters": {
						"year_id": {
							"value": "2019",
							"type": "Expression"
						}
					}
				},
				"linkedServiceName": {
					"referenceName": "LS_ADB",
					"type": "LinkedServiceReference"
				}
			},
			{
				"name": "CopyDSSToDW 2019",
				"type": "Copy",
				"dependsOn": [
					{
						"activity": "Get DSS to Delta 2019",
						"dependencyConditions": [
							"Succeeded"
						]
					}
				],
				"policy": {
					"timeout": "7.00:00:00",
					"retry": 0,
					"retryIntervalInSeconds": 30,
					"secureOutput": false,
					"secureInput": false
				},
				"userProperties": [],
				"typeProperties": {
					"source": {
						"type": "ParquetSource",
						"storeSettings": {
							"type": "AzureBlobFSReadSettings",
							"recursive": true,
							"wildcardFileName": "*",
							"enablePartitionDiscovery": false
						}
					},
					"sink": {
						"type": "SqlDWSink",
						"maxConcurrentConnections": 10,
						"allowPolyBase": true,
						"polyBaseSettings": {
							"rejectValue": 0,
							"rejectType": "value",
							"useTypeDefault": true
						},
						"disableMetricsCollection": false
					},
					"enableStaging": false,
					"parallelCopies": 20,
					"dataIntegrationUnits": 18,
					"translator": {
						"type": "TabularTranslator",
						"mappings": [
							{
								"source": {
									"name": "total_sku_lines",
									"type": "Int64"
								},
								"sink": {
									"name": "total_sku_lines",
									"type": "Int64"
								}
							},
							{
								"source": {
									"name": "non_zero_amount_bill_count",
									"type": "Int64"
								},
								"sink": {
									"name": "non_zero_amount_bill_count",
									"type": "Int64"
								}
							},
							{
								"source": {
									"name": "total_bill_count",
									"type": "Int64"
								},
								"sink": {
									"name": "total_bill_count",
									"type": "Int64"
								}
							},
							{
								"source": {
									"name": "salesman_product_group_code",
									"type": "String"
								},
								"sink": {
									"name": "salesman_product_group_code",
									"type": "String"
								}
							},
							{
								"source": {
									"name": "transactional_spg",
									"type": "String"
								},
								"sink": {
									"name": "transactional_spg",
									"type": "String"
								}
							},
							{
								"source": {
									"name": "transactional_distributor_code",
									"type": "String"
								},
								"sink": {
									"name": "transactional_distributor_code",
									"type": "String"
								}
							},
							{
								"source": {
									"name": "transactional_site_code",
									"type": "String"
								},
								"sink": {
									"name": "transactional_site_code",
									"type": "String"
								}
							},
							{
								"source": {
									"name": "transactional_outlet_code",
									"type": "String"
								},
								"sink": {
									"name": "transactional_outlet_code",
									"type": "String"
								}
							},
							{
								"source": {
									"name": "invoice_date",
									"type": "DateTime"
								},
								"sink": {
									"name": "invoice_date",
									"type": "DateTime"
								}
							},
							{
								"source": {
									"name": "transactional_salesman_code",
									"type": "String"
								},
								"sink": {
									"name": "transactional_salesman_code",
									"type": "String"
								}
							},
							{
								"source": {
									"name": "gsv",
									"type": "Double"
								},
								"sink": {
									"name": "gross_sales_val",
									"type": "Single"
								}
							},
							{
								"source": {
									"name": "net_invoice",
									"type": "Double"
								},
								"sink": {
									"name": "net_invoice_val",
									"type": "Single"
								}
							},
							{
								"source": {
									"name": "salesforce",
									"type": "String"
								},
								"sink": {
									"name": "salesforce",
									"type": "String"
								}
							},
							{
								"source": {
									"name": "invoice_range",
									"type": "String"
								},
								"sink": {
									"name": "invoice_range",
									"type": "String"
								}
							},
							{
								"source": {
									"name": "year_id",
									"type": "Int32"
								},
								"sink": {
									"name": "year_id",
									"type": "Int32"
								}
							},
							{
								"source": {
									"name": "month_id",
									"type": "Int32"
								},
								"sink": {
									"name": "month_id",
									"type": "Int32"
								}
							},
							{
								"source": {
									"name": "time_key",
									"type": "Int32"
								},
								"sink": {
									"name": "time_key",
									"type": "Int32"
								}
							},
							{
								"source": {
									"name": "insert_ts",
									"type": "DateTime"
								},
								"sink": {
									"name": "insert_ts",
									"type": "DateTime"
								}
							},
							{
								"source": {
									"name": "update_ts",
									"type": "DateTime"
								},
								"sink": {
									"name": "update_ts",
									"type": "DateTime"
								}
							},
							{
								"source": {
									"name": "map_index",
									"type": "Int32"
								},
								"sink": {
									"name": "map_index",
									"type": "Int32"
								}
							}
						]
					}
				},
				"inputs": [
					{
						"referenceName": "DS_ADLS_TRN",
						"type": "DatasetReference",
						"parameters": {
							"RawFolder": {
								"value": "/unilever/EDGE_Analytics/Datalake/temp/hist_dss_agg/",
								"type": "Expression"
							},
							"SubFolder": {
								"value": "temp",
								"type": "Expression"
							}
						}
					}
				],
				"outputs": [
					{
						"referenceName": "DS_ASDW",
						"type": "DatasetReference",
						"parameters": {
							"schema": "dbo",
							"tableName": "fact_dss_aggregate"
						}
					}
				]
			},
			{
				"name": "CopyDSSToDW 2020",
				"type": "Copy",
				"dependsOn": [
					{
						"activity": "Get DSS to Delta 2020",
						"dependencyConditions": [
							"Succeeded"
						]
					}
				],
				"policy": {
					"timeout": "7.00:00:00",
					"retry": 0,
					"retryIntervalInSeconds": 30,
					"secureOutput": false,
					"secureInput": false
				},
				"userProperties": [],
				"typeProperties": {
					"source": {
						"type": "ParquetSource",
						"storeSettings": {
							"type": "AzureBlobFSReadSettings",
							"recursive": true,
							"wildcardFileName": "*",
							"enablePartitionDiscovery": false
						}
					},
					"sink": {
						"type": "SqlDWSink",
						"maxConcurrentConnections": 10,
						"allowPolyBase": true,
						"polyBaseSettings": {
							"rejectValue": 0,
							"rejectType": "value",
							"useTypeDefault": true
						},
						"disableMetricsCollection": false
					},
					"enableStaging": false,
					"parallelCopies": 20,
					"dataIntegrationUnits": 18,
					"translator": {
						"type": "TabularTranslator",
						"mappings": [
							{
								"source": {
									"name": "total_sku_lines",
									"type": "Int64"
								},
								"sink": {
									"name": "total_sku_lines",
									"type": "Int64"
								}
							},
							{
								"source": {
									"name": "non_zero_amount_bill_count",
									"type": "Int64"
								},
								"sink": {
									"name": "non_zero_amount_bill_count",
									"type": "Int64"
								}
							},
							{
								"source": {
									"name": "total_bill_count",
									"type": "Int64"
								},
								"sink": {
									"name": "total_bill_count",
									"type": "Int64"
								}
							},
							{
								"source": {
									"name": "salesman_product_group_code",
									"type": "String"
								},
								"sink": {
									"name": "salesman_product_group_code",
									"type": "String"
								}
							},
							{
								"source": {
									"name": "transactional_spg",
									"type": "String"
								},
								"sink": {
									"name": "transactional_spg",
									"type": "String"
								}
							},
							{
								"source": {
									"name": "transactional_distributor_code",
									"type": "String"
								},
								"sink": {
									"name": "transactional_distributor_code",
									"type": "String"
								}
							},
							{
								"source": {
									"name": "transactional_site_code",
									"type": "String"
								},
								"sink": {
									"name": "transactional_site_code",
									"type": "String"
								}
							},
							{
								"source": {
									"name": "transactional_outlet_code",
									"type": "String"
								},
								"sink": {
									"name": "transactional_outlet_code",
									"type": "String"
								}
							},
							{
								"source": {
									"name": "invoice_date",
									"type": "DateTime"
								},
								"sink": {
									"name": "invoice_date",
									"type": "DateTime"
								}
							},
							{
								"source": {
									"name": "transactional_salesman_code",
									"type": "String"
								},
								"sink": {
									"name": "transactional_salesman_code",
									"type": "String"
								}
							},
							{
								"source": {
									"name": "gsv",
									"type": "Double"
								},
								"sink": {
									"name": "gross_sales_val",
									"type": "Single"
								}
							},
							{
								"source": {
									"name": "net_invoice",
									"type": "Double"
								},
								"sink": {
									"name": "net_invoice_val",
									"type": "Single"
								}
							},
							{
								"source": {
									"name": "salesforce",
									"type": "String"
								},
								"sink": {
									"name": "salesforce",
									"type": "String"
								}
							},
							{
								"source": {
									"name": "invoice_range",
									"type": "String"
								},
								"sink": {
									"name": "invoice_range",
									"type": "String"
								}
							},
							{
								"source": {
									"name": "year_id",
									"type": "Int32"
								},
								"sink": {
									"name": "year_id",
									"type": "Int32"
								}
							},
							{
								"source": {
									"name": "month_id",
									"type": "Int32"
								},
								"sink": {
									"name": "month_id",
									"type": "Int32"
								}
							},
							{
								"source": {
									"name": "time_key",
									"type": "Int32"
								},
								"sink": {
									"name": "time_key",
									"type": "Int32"
								}
							},
							{
								"source": {
									"name": "insert_ts",
									"type": "DateTime"
								},
								"sink": {
									"name": "insert_ts",
									"type": "DateTime"
								}
							},
							{
								"source": {
									"name": "update_ts",
									"type": "DateTime"
								},
								"sink": {
									"name": "update_ts",
									"type": "DateTime"
								}
							},
							{
								"source": {
									"name": "map_index",
									"type": "Int32"
								},
								"sink": {
									"name": "map_index",
									"type": "Int32"
								}
							}
						]
					}
				},
				"inputs": [
					{
						"referenceName": "DS_ADLS_TRN",
						"type": "DatasetReference",
						"parameters": {
							"RawFolder": {
								"value": "/unilever/EDGE_Analytics/Datalake/temp/hist_dss_agg/",
								"type": "Expression"
							},
							"SubFolder": {
								"value": "temp",
								"type": "Expression"
							}
						}
					}
				],
				"outputs": [
					{
						"referenceName": "DS_ASDW",
						"type": "DatasetReference",
						"parameters": {
							"schema": "dbo",
							"tableName": "fact_dss_aggregate"
						}
					}
				]
			},
			{
				"name": "Get DSS to Delta 2021",
				"type": "DatabricksNotebook",
				"dependsOn": [
					{
						"activity": "CopyDSSToDW 2020",
						"dependencyConditions": [
							"Succeeded"
						]
					}
				],
				"policy": {
					"timeout": "7.00:00:00",
					"retry": 0,
					"retryIntervalInSeconds": 30,
					"secureOutput": false,
					"secureInput": false
				},
				"userProperties": [],
				"typeProperties": {
					"notebookPath": "/Shared/EDGE_Analytics/Hist_DSS_Aggr_Load_From_Delta_To_Stg",
					"baseParameters": {
						"year_id": {
							"value": "2021",
							"type": "Expression"
						}
					}
				},
				"linkedServiceName": {
					"referenceName": "LS_ADB",
					"type": "LinkedServiceReference"
				}
			},
			{
				"name": "CopyDSSToDW 2021",
				"type": "Copy",
				"dependsOn": [
					{
						"activity": "Get DSS to Delta 2021",
						"dependencyConditions": [
							"Succeeded"
						]
					}
				],
				"policy": {
					"timeout": "7.00:00:00",
					"retry": 0,
					"retryIntervalInSeconds": 30,
					"secureOutput": false,
					"secureInput": false
				},
				"userProperties": [],
				"typeProperties": {
					"source": {
						"type": "ParquetSource",
						"storeSettings": {
							"type": "AzureBlobFSReadSettings",
							"recursive": true,
							"wildcardFileName": "*",
							"enablePartitionDiscovery": false
						}
					},
					"sink": {
						"type": "SqlDWSink",
						"maxConcurrentConnections": 10,
						"allowPolyBase": true,
						"polyBaseSettings": {
							"rejectValue": 0,
							"rejectType": "value",
							"useTypeDefault": true
						},
						"disableMetricsCollection": false
					},
					"enableStaging": false,
					"parallelCopies": 20,
					"dataIntegrationUnits": 18,
					"translator": {
						"type": "TabularTranslator",
						"mappings": [
							{
								"source": {
									"name": "total_sku_lines",
									"type": "Int64"
								},
								"sink": {
									"name": "total_sku_lines",
									"type": "Int64"
								}
							},
							{
								"source": {
									"name": "non_zero_amount_bill_count",
									"type": "Int64"
								},
								"sink": {
									"name": "non_zero_amount_bill_count",
									"type": "Int64"
								}
							},
							{
								"source": {
									"name": "total_bill_count",
									"type": "Int64"
								},
								"sink": {
									"name": "total_bill_count",
									"type": "Int64"
								}
							},
							{
								"source": {
									"name": "salesman_product_group_code",
									"type": "String"
								},
								"sink": {
									"name": "salesman_product_group_code",
									"type": "String"
								}
							},
							{
								"source": {
									"name": "transactional_spg",
									"type": "String"
								},
								"sink": {
									"name": "transactional_spg",
									"type": "String"
								}
							},
							{
								"source": {
									"name": "transactional_distributor_code",
									"type": "String"
								},
								"sink": {
									"name": "transactional_distributor_code",
									"type": "String"
								}
							},
							{
								"source": {
									"name": "transactional_site_code",
									"type": "String"
								},
								"sink": {
									"name": "transactional_site_code",
									"type": "String"
								}
							},
							{
								"source": {
									"name": "transactional_outlet_code",
									"type": "String"
								},
								"sink": {
									"name": "transactional_outlet_code",
									"type": "String"
								}
							},
							{
								"source": {
									"name": "invoice_date",
									"type": "DateTime"
								},
								"sink": {
									"name": "invoice_date",
									"type": "DateTime"
								}
							},
							{
								"source": {
									"name": "transactional_salesman_code",
									"type": "String"
								},
								"sink": {
									"name": "transactional_salesman_code",
									"type": "String"
								}
							},
							{
								"source": {
									"name": "gsv",
									"type": "Double"
								},
								"sink": {
									"name": "gross_sales_val",
									"type": "Single"
								}
							},
							{
								"source": {
									"name": "net_invoice",
									"type": "Double"
								},
								"sink": {
									"name": "net_invoice_val",
									"type": "Single"
								}
							},
							{
								"source": {
									"name": "salesforce",
									"type": "String"
								},
								"sink": {
									"name": "salesforce",
									"type": "String"
								}
							},
							{
								"source": {
									"name": "invoice_range",
									"type": "String"
								},
								"sink": {
									"name": "invoice_range",
									"type": "String"
								}
							},
							{
								"source": {
									"name": "year_id",
									"type": "Int32"
								},
								"sink": {
									"name": "year_id",
									"type": "Int32"
								}
							},
							{
								"source": {
									"name": "month_id",
									"type": "Int32"
								},
								"sink": {
									"name": "month_id",
									"type": "Int32"
								}
							},
							{
								"source": {
									"name": "time_key",
									"type": "Int32"
								},
								"sink": {
									"name": "time_key",
									"type": "Int32"
								}
							},
							{
								"source": {
									"name": "insert_ts",
									"type": "DateTime"
								},
								"sink": {
									"name": "insert_ts",
									"type": "DateTime"
								}
							},
							{
								"source": {
									"name": "update_ts",
									"type": "DateTime"
								},
								"sink": {
									"name": "update_ts",
									"type": "DateTime"
								}
							},
							{
								"source": {
									"name": "map_index",
									"type": "Int32"
								},
								"sink": {
									"name": "map_index",
									"type": "Int32"
								}
							}
						]
					}
				},
				"inputs": [
					{
						"referenceName": "DS_ADLS_TRN",
						"type": "DatasetReference",
						"parameters": {
							"RawFolder": {
								"value": "/unilever/EDGE_Analytics/Datalake/temp/hist_dss_agg/",
								"type": "Expression"
							},
							"SubFolder": {
								"value": "temp",
								"type": "Expression"
							}
						}
					}
				],
				"outputs": [
					{
						"referenceName": "DS_ASDW",
						"type": "DatasetReference",
						"parameters": {
							"schema": "dbo",
							"tableName": "fact_dss_aggregate"
						}
					}
				]
			},
			{
				"name": "Get DSS to Delta 2022",
				"type": "DatabricksNotebook",
				"dependsOn": [
					{
						"activity": "CopyDSSToDW 2021",
						"dependencyConditions": [
							"Succeeded"
						]
					}
				],
				"policy": {
					"timeout": "7.00:00:00",
					"retry": 0,
					"retryIntervalInSeconds": 30,
					"secureOutput": false,
					"secureInput": false
				},
				"userProperties": [],
				"typeProperties": {
					"notebookPath": "/Shared/EDGE_Analytics/Hist_DSS_Aggr_Load_From_Delta_To_Stg",
					"baseParameters": {
						"year_id": {
							"value": "2022",
							"type": "Expression"
						}
					}
				},
				"linkedServiceName": {
					"referenceName": "LS_ADB",
					"type": "LinkedServiceReference"
				}
			},
			{
				"name": "CopyDSSToDW 2022",
				"type": "Copy",
				"dependsOn": [
					{
						"activity": "Get DSS to Delta 2022",
						"dependencyConditions": [
							"Succeeded"
						]
					}
				],
				"policy": {
					"timeout": "7.00:00:00",
					"retry": 0,
					"retryIntervalInSeconds": 30,
					"secureOutput": false,
					"secureInput": false
				},
				"userProperties": [],
				"typeProperties": {
					"source": {
						"type": "ParquetSource",
						"storeSettings": {
							"type": "AzureBlobFSReadSettings",
							"recursive": true,
							"wildcardFileName": "*",
							"enablePartitionDiscovery": false
						}
					},
					"sink": {
						"type": "SqlDWSink",
						"maxConcurrentConnections": 10,
						"allowPolyBase": true,
						"polyBaseSettings": {
							"rejectValue": 0,
							"rejectType": "value",
							"useTypeDefault": true
						},
						"disableMetricsCollection": false
					},
					"enableStaging": false,
					"parallelCopies": 20,
					"dataIntegrationUnits": 18,
					"translator": {
						"type": "TabularTranslator",
						"mappings": [
							{
								"source": {
									"name": "total_sku_lines",
									"type": "Int64"
								},
								"sink": {
									"name": "total_sku_lines",
									"type": "Int64"
								}
							},
							{
								"source": {
									"name": "non_zero_amount_bill_count",
									"type": "Int64"
								},
								"sink": {
									"name": "non_zero_amount_bill_count",
									"type": "Int64"
								}
							},
							{
								"source": {
									"name": "total_bill_count",
									"type": "Int64"
								},
								"sink": {
									"name": "total_bill_count",
									"type": "Int64"
								}
							},
							{
								"source": {
									"name": "salesman_product_group_code",
									"type": "String"
								},
								"sink": {
									"name": "salesman_product_group_code",
									"type": "String"
								}
							},
							{
								"source": {
									"name": "transactional_spg",
									"type": "String"
								},
								"sink": {
									"name": "transactional_spg",
									"type": "String"
								}
							},
							{
								"source": {
									"name": "transactional_distributor_code",
									"type": "String"
								},
								"sink": {
									"name": "transactional_distributor_code",
									"type": "String"
								}
							},
							{
								"source": {
									"name": "transactional_site_code",
									"type": "String"
								},
								"sink": {
									"name": "transactional_site_code",
									"type": "String"
								}
							},
							{
								"source": {
									"name": "transactional_outlet_code",
									"type": "String"
								},
								"sink": {
									"name": "transactional_outlet_code",
									"type": "String"
								}
							},
							{
								"source": {
									"name": "invoice_date",
									"type": "DateTime"
								},
								"sink": {
									"name": "invoice_date",
									"type": "DateTime"
								}
							},
							{
								"source": {
									"name": "transactional_salesman_code",
									"type": "String"
								},
								"sink": {
									"name": "transactional_salesman_code",
									"type": "String"
								}
							},
							{
								"source": {
									"name": "gsv",
									"type": "Double"
								},
								"sink": {
									"name": "gross_sales_val",
									"type": "Single"
								}
							},
							{
								"source": {
									"name": "net_invoice",
									"type": "Double"
								},
								"sink": {
									"name": "net_invoice_val",
									"type": "Single"
								}
							},
							{
								"source": {
									"name": "salesforce",
									"type": "String"
								},
								"sink": {
									"name": "salesforce",
									"type": "String"
								}
							},
							{
								"source": {
									"name": "invoice_range",
									"type": "String"
								},
								"sink": {
									"name": "invoice_range",
									"type": "String"
								}
							},
							{
								"source": {
									"name": "year_id",
									"type": "Int32"
								},
								"sink": {
									"name": "year_id",
									"type": "Int32"
								}
							},
							{
								"source": {
									"name": "month_id",
									"type": "Int32"
								},
								"sink": {
									"name": "month_id",
									"type": "Int32"
								}
							},
							{
								"source": {
									"name": "time_key",
									"type": "Int32"
								},
								"sink": {
									"name": "time_key",
									"type": "Int32"
								}
							},
							{
								"source": {
									"name": "insert_ts",
									"type": "DateTime"
								},
								"sink": {
									"name": "insert_ts",
									"type": "DateTime"
								}
							},
							{
								"source": {
									"name": "update_ts",
									"type": "DateTime"
								},
								"sink": {
									"name": "update_ts",
									"type": "DateTime"
								}
							}
						]
					}
				},
				"inputs": [
					{
						"referenceName": "DS_ADLS_TRN",
						"type": "DatasetReference",
						"parameters": {
							"RawFolder": {
								"value": "/unilever/EDGE_Analytics/Datalake/temp/hist_dss_agg/",
								"type": "Expression"
							},
							"SubFolder": {
								"value": "temp",
								"type": "Expression"
							}
						}
					}
				],
				"outputs": [
					{
						"referenceName": "DS_ASDW",
						"type": "DatasetReference",
						"parameters": {
							"schema": "dbo",
							"tableName": "fact_dss_aggregate"
						}
					}
				]
			}
		],
		"folder": {
			"name": "LODR/Hist Load/DSS_Aggregate_Hist_Load"
		},
		"annotations": [],
		"lastPublishTime": "2021-02-07T06:06:22Z"
	},
	"type": "Microsoft.DataFactory/factories/pipelines"
}