{
	"name": "PL_Load_Monthly_QualityStores",
	"properties": {
		"activities": [
			{
				"name": "ADLS_TO_DWH",
				"description": "This activity copies data generated from Databricks into DWH for further calculations",
				"type": "Copy",
				"dependsOn": [
					{
						"activity": "Transform_get_QualityStores",
						"dependencyConditions": [
							"Succeeded"
						]
					}
				],
				"policy": {
					"timeout": "7.00:00:00",
					"retry": 0,
					"retryIntervalInSeconds": 30,
					"secureOutput": false,
					"secureInput": false
				},
				"userProperties": [],
				"typeProperties": {
					"source": {
						"type": "DelimitedTextSource",
						"storeSettings": {
							"type": "AzureBlobFSReadSettings",
							"recursive": true,
							"wildcardFolderPath": {
								"value": "@concat(variables('filepath'),'/',variables('TargetfolderName'),'/',formatDateTime(utcnow(),'yyyy'),'/',formatDateTime(utcnow(),'MM'),'/',formatDateTime(utcnow(),'dd'))",
								"type": "Expression"
							},
							"wildcardFileName": "*.csv",
							"enablePartitionDiscovery": false
						},
						"formatSettings": {
							"type": "DelimitedTextReadSettings"
						}
					},
					"sink": {
						"type": "SqlDWSink",
						"preCopyScript": "truncate table dbo.fact_qualitystores",
						"allowPolyBase": true,
						"polyBaseSettings": {
							"rejectValue": 0,
							"rejectType": "value",
							"useTypeDefault": true
						},
						"disableMetricsCollection": false
					},
					"enableStaging": true,
					"stagingSettings": {
						"linkedServiceName": {
							"referenceName": "LS_ADLS",
							"type": "LinkedServiceReference"
						},
						"path": "unilever/EDGE_Analytics/Datalake/Staging/temp_qualitystores"
					},
					"translator": {
						"type": "TabularTranslator",
						"mappings": [
							{
								"source": {
									"name": "distributor_code",
									"type": "String"
								},
								"sink": {
									"name": "distributor_code",
									"type": "String"
								}
							},
							{
								"source": {
									"name": "year",
									"type": "String"
								},
								"sink": {
									"name": "year",
									"type": "Int32"
								}
							},
							{
								"source": {
									"name": "month",
									"type": "String"
								},
								"sink": {
									"name": "month",
									"type": "String"
								}
							},
							{
								"source": {
									"name": "wk_no",
									"type": "String"
								},
								"sink": {
									"name": "wk_no",
									"type": "Int32"
								}
							},
							{
								"source": {
									"name": "total_month_flag",
									"type": "String"
								},
								"sink": {
									"name": "total_month_flag",
									"type": "String"
								}
							},
							{
								"source": {
									"name": "transactional_quality_stores",
									"type": "String"
								},
								"sink": {
									"name": "transactional_quality_stores",
									"type": "Int32"
								}
							},
							{
								"source": {
									"name": "master_quality_stores",
									"type": "String"
								},
								"sink": {
									"name": "master_quality_stores",
									"type": "Int32"
								}
							},
							{
								"source": {
									"name": "transactional_active_stores",
									"type": "String"
								},
								"sink": {
									"name": "transactional_active_stores",
									"type": "Int32"
								}
							},
							{
								"source": {
									"name": "master_active_stores",
									"type": "String"
								},
								"sink": {
									"name": "master_active_stores",
									"type": "Int32"
								}
							}
						]
					}
				},
				"inputs": [
					{
						"referenceName": "DS_ADLS_FACT",
						"type": "DatasetReference"
					}
				],
				"outputs": [
					{
						"referenceName": "DS_ASDW_FACT_QUALITYSTORES",
						"type": "DatasetReference"
					}
				]
			},
			{
				"name": "Transform_get_QualityStores",
				"type": "DatabricksNotebook",
				"dependsOn": [],
				"policy": {
					"timeout": "7.00:00:00",
					"retry": 0,
					"retryIntervalInSeconds": 30,
					"secureOutput": false,
					"secureInput": false
				},
				"userProperties": [],
				"typeProperties": {
					"notebookPath": "/Shared/EDGE_Analytics/Fact_NumberOfQualityStores",
					"baseParameters": {
						"OP_qualitystores": {
							"value": "/mnt/adls/EDGE_Analytics/Datalake/Transformed/Facts/qualitystores/",
							"type": "Expression"
						}
					}
				},
				"linkedServiceName": {
					"referenceName": "LS_ADB",
					"type": "LinkedServiceReference"
				}
			},
			{
				"name": "Cube Refresh",
				"type": "ExecutePipeline",
				"dependsOn": [
					{
						"activity": "ADLS_TO_DWH",
						"dependencyConditions": [
							"Succeeded"
						]
					}
				],
				"userProperties": [],
				"typeProperties": {
					"pipeline": {
						"referenceName": "PL_PROCESS_CUBE",
						"type": "PipelineReference"
					},
					"waitOnCompletion": true,
					"parameters": {
						"refresh_databaseName": "TabularProject1",
						"refresh_tableName": "fact_qualitystores"
					}
				}
			}
		],
		"variables": {
			"filepath": {
				"type": "String",
				"defaultValue": "EDGE_Analytics/Datalake/Transformed/Facts"
			},
			"TargetfolderName": {
				"type": "String",
				"defaultValue": "qualitystores"
			}
		},
		"folder": {
			"name": "LODR/Fact Load"
		},
		"annotations": [],
		"lastPublishTime": "2021-02-02T05:05:08Z"
	},
	"type": "Microsoft.DataFactory/factories/pipelines"
}