{
	"name": "PL_Load_Fact_KPI",
	"properties": {
		"activities": [
			{
				"name": "ADLS_to_DWH",
				"description": "ABC",
				"type": "Copy",
				"dependsOn": [
					{
						"activity": "Transform_Fact_KPI",
						"dependencyConditions": [
							"Succeeded"
						]
					}
				],
				"policy": {
					"timeout": "7.00:00:00",
					"retry": 0,
					"retryIntervalInSeconds": 30,
					"secureOutput": false,
					"secureInput": false
				},
				"userProperties": [],
				"typeProperties": {
					"source": {
						"type": "DelimitedTextSource",
						"storeSettings": {
							"type": "AzureBlobFSReadSettings",
							"recursive": true,
							"wildcardFolderPath": {
								"value": "@concat(variables('folders'),'/',variables('SourceFolderName'),'/',formatDateTime(utcnow(),'yyyy'),'/',formatDateTime(utcnow(),'MM'),'/',formatDateTime(utcnow(),'dd'))",
								"type": "Expression"
							},
							"wildcardFileName": "*.csv"
						},
						"formatSettings": {
							"type": "DelimitedTextReadSettings"
						}
					},
					"sink": {
						"type": "SqlDWSink",
						"preCopyScript": "truncate table dbo.fact_kpi",
						"disableMetricsCollection": false
					},
					"enableStaging": false,
					"translator": {
						"type": "TabularTranslator",
						"mappings": [
							{
								"source": {
									"name": "dt",
									"type": "String",
									"physicalType": "String"
								},
								"sink": {
									"name": "dt",
									"type": "Int32",
									"physicalType": "int"
								}
							},
							{
								"source": {
									"name": "wk",
									"type": "String",
									"physicalType": "String"
								},
								"sink": {
									"name": "wk",
									"type": "Int32",
									"physicalType": "int"
								}
							},
							{
								"source": {
									"name": "salesforce",
									"type": "String",
									"physicalType": "String"
								},
								"sink": {
									"name": "salesforce",
									"type": "String",
									"physicalType": "varchar"
								}
							},
							{
								"source": {
									"name": "salesman_product_group",
									"type": "String",
									"physicalType": "String"
								},
								"sink": {
									"name": "salesman_product_group",
									"type": "String",
									"physicalType": "varchar"
								}
							},
							{
								"source": {
									"name": "salesman_code",
									"type": "String",
									"physicalType": "String"
								},
								"sink": {
									"name": "salesman_code",
									"type": "Int32",
									"physicalType": "int"
								}
							},
							{
								"source": {
									"name": "year",
									"type": "String",
									"physicalType": "String"
								},
								"sink": {
									"name": "year",
									"type": "Int32",
									"physicalType": "int"
								}
							},
							{
								"source": {
									"name": "actual_outlet_time",
									"type": "String",
									"physicalType": "String"
								},
								"sink": {
									"name": "actual_outlet_time",
									"type": "Int32",
									"physicalType": "int"
								}
							},
							{
								"source": {
									"name": "distributor_code",
									"type": "String",
									"physicalType": "String"
								},
								"sink": {
									"name": "distributor_code",
									"type": "String",
									"physicalType": "varchar"
								}
							},
							{
								"source": {
									"name": "site_code",
									"type": "String",
									"physicalType": "String"
								},
								"sink": {
									"name": "site_code",
									"type": "String",
									"physicalType": "varchar"
								}
							},
							{
								"source": {
									"name": "month",
									"type": "String",
									"physicalType": "String"
								},
								"sink": {
									"name": "month",
									"type": "String",
									"physicalType": "varchar"
								}
							},
							{
								"source": {
									"name": "country",
									"type": "String",
									"physicalType": "String"
								},
								"sink": {
									"name": "country",
									"type": "String",
									"physicalType": "varchar"
								}
							},
							{
								"source": {
									"name": "trading_day",
									"type": "String",
									"physicalType": "String"
								},
								"sink": {
									"name": "trading_day",
									"type": "Int32",
									"physicalType": "int"
								}
							},
							{
								"source": {
									"name": "trading_days_month",
									"type": "String",
									"physicalType": "String"
								},
								"sink": {
									"name": "trading_days_month",
									"type": "Int32",
									"physicalType": "int"
								}
							},
							{
								"source": {
									"name": "trading_days_passed",
									"type": "String",
									"physicalType": "String"
								},
								"sink": {
									"name": "trading_days_passed",
									"type": "Int32",
									"physicalType": "int"
								}
							},
							{
								"source": {
									"name": "wk_wt",
									"type": "String",
									"physicalType": "String"
								},
								"sink": {
									"name": "wk_wt",
									"type": "Single",
									"physicalType": "float"
								}
							},
							{
								"source": {
									"name": "kpi_in_scope",
									"type": "String",
									"physicalType": "String"
								},
								"sink": {
									"name": "kpi_in_scope",
									"type": "String",
									"physicalType": "varchar"
								}
							},
							{
								"source": {
									"name": "trading_days_remaining",
									"type": "String",
									"physicalType": "String"
								},
								"sink": {
									"name": "trading_days_remaining",
									"type": "Int32",
									"physicalType": "int"
								}
							},
							{
								"source": {
									"name": "PC_target",
									"type": "String",
									"physicalType": "String"
								},
								"sink": {
									"name": "PC_target",
									"type": "Single",
									"physicalType": "float"
								}
							},
							{
								"source": {
									"name": "ECO_target",
									"type": "String",
									"physicalType": "String"
								},
								"sink": {
									"name": "ECO_target",
									"type": "String",
									"physicalType": "varchar"
								}
							},
							{
								"source": {
									"name": "EB_target",
									"type": "String",
									"physicalType": "String"
								},
								"sink": {
									"name": "EB_target",
									"type": "String",
									"physicalType": "varchar"
								}
							},
							{
								"source": {
									"name": "total_lines_target",
									"type": "String",
									"physicalType": "String"
								},
								"sink": {
									"name": "total_lines_target",
									"type": "Single",
									"physicalType": "float"
								}
							},
							{
								"source": {
									"name": "assortment_target",
									"type": "String",
									"physicalType": "String"
								},
								"sink": {
									"name": "assortment_target",
									"type": "String",
									"physicalType": "varchar"
								}
							},
							{
								"source": {
									"name": "FourP_target",
									"type": "String",
									"physicalType": "String"
								},
								"sink": {
									"name": "FourP_target",
									"type": "String",
									"physicalType": "varchar"
								}
							},
							{
								"source": {
									"name": "cotc_target",
									"type": "String",
									"physicalType": "String"
								},
								"sink": {
									"name": "cotc_target",
									"type": "String",
									"physicalType": "varchar"
								}
							},
							{
								"source": {
									"name": "wp_target",
									"type": "String",
									"physicalType": "String"
								},
								"sink": {
									"name": "wp_target",
									"type": "String",
									"physicalType": "varchar"
								}
							},
							{
								"source": {
									"name": "geo_target",
									"type": "String",
									"physicalType": "String"
								},
								"sink": {
									"name": "geo_target",
									"type": "String",
									"physicalType": "varchar"
								}
							},
							{
								"source": {
									"name": "non_pc_above_eot_target",
									"type": "String",
									"physicalType": "String"
								},
								"sink": {
									"name": "non_pc_above_eot_target",
									"type": "String",
									"physicalType": "varchar"
								}
							},
							{
								"source": {
									"name": "pjp_target",
									"type": "String",
									"physicalType": "String"
								},
								"sink": {
									"name": "pjp_target",
									"type": "String",
									"physicalType": "varchar"
								}
							},
							{
								"source": {
									"name": "RL_target",
									"type": "String",
									"physicalType": "String"
								},
								"sink": {
									"name": "RL_target",
									"type": "String",
									"physicalType": "varchar"
								}
							},
							{
								"source": {
									"name": "NPD_target",
									"type": "String",
									"physicalType": "String"
								},
								"sink": {
									"name": "NPD_target",
									"type": "String",
									"physicalType": "varchar"
								}
							},
							{
								"source": {
									"name": "avg_time_spent_target",
									"type": "String",
									"physicalType": "String"
								},
								"sink": {
									"name": "avg_time_spent_target",
									"type": "Single",
									"physicalType": "float"
								}
							},
							{
								"source": {
									"name": "weekend_target_PC",
									"type": "String",
									"physicalType": "String"
								},
								"sink": {
									"name": "weekend_target_PC",
									"type": "String",
									"physicalType": "varchar"
								}
							},
							{
								"source": {
									"name": "remaining_target_PC",
									"type": "String",
									"physicalType": "String"
								},
								"sink": {
									"name": "remaining_target_PC",
									"type": "Single",
									"physicalType": "float"
								}
							},
							{
								"source": {
									"name": "weekly_cumulative_PC_target",
									"type": "String",
									"physicalType": "String"
								},
								"sink": {
									"name": "weekly_cumulative_PC_target",
									"type": "Single",
									"physicalType": "float"
								}
							},
							{
								"source": {
									"name": "PC_target_monthly",
									"type": "String",
									"physicalType": "String"
								},
								"sink": {
									"name": "PC_target_monthly",
									"type": "Single",
									"physicalType": "float"
								}
							},
							{
								"source": {
									"name": "key_col",
									"type": "String",
									"physicalType": "String"
								},
								"sink": {
									"name": "key_col",
									"type": "String",
									"physicalType": "varchar"
								}
							},
							{
								"source": {
									"name": "Role_Business_Scope_Assignment",
									"type": "String",
									"physicalType": "String"
								},
								"sink": {
									"name": "Role_Business_Scope_Assignment",
									"type": "String",
									"physicalType": "varchar"
								}
							},
							{
								"source": {
									"name": "effective_outlet_time",
									"type": "String",
									"physicalType": "String"
								},
								"sink": {
									"name": "effective_outlet_time",
									"type": "Single",
									"physicalType": "float"
								}
							},
							{
								"source": {
									"name": "geo_complied_calls",
									"type": "String",
									"physicalType": "String"
								},
								"sink": {
									"name": "geo_complied_calls",
									"type": "Int32",
									"physicalType": "int"
								}
							},
							{
								"source": {
									"name": "pjp_complied_calls",
									"type": "String",
									"physicalType": "String"
								},
								"sink": {
									"name": "pjp_complied_calls",
									"type": "Int32",
									"physicalType": "int"
								}
							},
							{
								"source": {
									"name": "geo_complied_calls_weekly",
									"type": "String",
									"physicalType": "String"
								},
								"sink": {
									"name": "geo_complied_calls_weekly",
									"type": "Int32",
									"physicalType": "int"
								}
							},
							{
								"source": {
									"name": "pjp_complied_calls_weekly",
									"type": "String",
									"physicalType": "String"
								},
								"sink": {
									"name": "pjp_complied_calls_weekly",
									"type": "Int32",
									"physicalType": "int"
								}
							},
							{
								"source": {
									"name": "planned_calls",
									"type": "String",
									"physicalType": "String"
								},
								"sink": {
									"name": "planned_calls",
									"type": "Int32",
									"physicalType": "int"
								}
							},
							{
								"source": {
									"name": "planned_calls_weekly",
									"type": "String",
									"physicalType": "String"
								},
								"sink": {
									"name": "planned_calls_weekly",
									"type": "Int32",
									"physicalType": "int"
								}
							},
							{
								"source": {
									"name": "total_sales_return",
									"type": "String",
									"physicalType": "String"
								},
								"sink": {
									"name": "total_sales_return",
									"type": "Int64",
									"physicalType": "bigint"
								}
							},
							{
								"source": {
									"name": "actual_calls",
									"type": "String",
									"physicalType": "String"
								},
								"sink": {
									"name": "actual_calls",
									"type": "Int32",
									"physicalType": "int"
								}
							},
							{
								"source": {
									"name": "actual_calls_weekly",
									"type": "String",
									"physicalType": "String"
								},
								"sink": {
									"name": "actual_calls_weekly",
									"type": "Int32",
									"physicalType": "int"
								}
							},
							{
								"source": {
									"name": "total_outlet_count",
									"type": "String",
									"physicalType": "String"
								},
								"sink": {
									"name": "total_outlet_count",
									"type": "Single",
									"physicalType": "float"
								}
							},
							{
								"source": {
									"name": "FourP_compliance_outlet",
									"type": "String",
									"physicalType": "String"
								},
								"sink": {
									"name": "FourP_compliance_outlet",
									"type": "Single",
									"physicalType": "float"
								}
							},
							{
								"source": {
									"name": "EB_target_abs",
									"type": "String",
									"physicalType": "String"
								},
								"sink": {
									"name": "EB_target_abs",
									"type": "Single",
									"physicalType": "float"
								}
							},
							{
								"source": {
									"name": "EB_actual",
									"type": "String",
									"physicalType": "String"
								},
								"sink": {
									"name": "EB_actual",
									"type": "Single",
									"physicalType": "float"
								}
							},
							{
								"source": {
									"name": "RL_target_abs",
									"type": "String",
									"physicalType": "String"
								},
								"sink": {
									"name": "RL_target_abs",
									"type": "Single",
									"physicalType": "float"
								}
							},
							{
								"source": {
									"name": "RL_actual",
									"type": "String",
									"physicalType": "String"
								},
								"sink": {
									"name": "RL_actual",
									"type": "Single",
									"physicalType": "float"
								}
							},
							{
								"source": {
									"name": "WP_target_abs",
									"type": "String",
									"physicalType": "String"
								},
								"sink": {
									"name": "WP_target_abs",
									"type": "Single",
									"physicalType": "float"
								}
							},
							{
								"source": {
									"name": "WP_actual",
									"type": "String",
									"physicalType": "String"
								},
								"sink": {
									"name": "WP_actual",
									"type": "Single",
									"physicalType": "float"
								}
							},
							{
								"source": {
									"name": "COTC_target_abs",
									"type": "String",
									"physicalType": "String"
								},
								"sink": {
									"name": "COTC_target_abs",
									"type": "Single",
									"physicalType": "float"
								}
							},
							{
								"source": {
									"name": "COTC_actual",
									"type": "String",
									"physicalType": "String"
								},
								"sink": {
									"name": "COTC_actual",
									"type": "Single",
									"physicalType": "float"
								}
							},
							{
								"source": {
									"name": "NPD_target_abs",
									"type": "String",
									"physicalType": "String"
								},
								"sink": {
									"name": "NPD_target_abs",
									"type": "Single",
									"physicalType": "float"
								}
							},
							{
								"source": {
									"name": "NPD_actual",
									"type": "String",
									"physicalType": "String"
								},
								"sink": {
									"name": "NPD_actual",
									"type": "Single",
									"physicalType": "float"
								}
							},
							{
								"source": {
									"name": "active_shop_in_pjp",
									"type": "String",
									"physicalType": "String"
								},
								"sink": {
									"name": "active_shop_in_pjp",
									"type": "Single",
									"physicalType": "float"
								}
							},
							{
								"source": {
									"name": "eco_actual",
									"type": "String",
									"physicalType": "String"
								},
								"sink": {
									"name": "eco_actual",
									"type": "Single",
									"physicalType": "float"
								}
							},
							{
								"source": {
									"name": "calls_to_be_visited",
									"type": "String",
									"physicalType": "String"
								},
								"sink": {
									"name": "calls_to_be_visited",
									"type": "Single",
									"physicalType": "float"
								}
							},
							{
								"source": {
									"name": "sales_actual",
									"type": "String",
									"physicalType": "String"
								},
								"sink": {
									"name": "sales_actual",
									"type": "Single",
									"physicalType": "float"
								}
							},
							{
								"source": {
									"name": "PC",
									"type": "String",
									"physicalType": "String"
								},
								"sink": {
									"name": "PC",
									"type": "Single",
									"physicalType": "float"
								}
							},
							{
								"source": {
									"name": "total_sku_line",
									"type": "String",
									"physicalType": "String"
								},
								"sink": {
									"name": "total_sku_line",
									"type": "Single",
									"physicalType": "float"
								}
							},
							{
								"source": {
									"name": "lppc",
									"type": "String",
									"physicalType": "String"
								},
								"sink": {
									"name": "lppc",
									"type": "Single",
									"physicalType": "float"
								}
							},
							{
								"source": {
									"name": "sales_target",
									"type": "String",
									"physicalType": "String"
								},
								"sink": {
									"name": "sales_target",
									"type": "Int64",
									"physicalType": "bigint"
								}
							},
							{
								"source": {
									"name": "salesperson_with_target",
									"type": "String",
									"physicalType": "String"
								},
								"sink": {
									"name": "salesperson_with_target",
									"type": "String",
									"physicalType": "varchar"
								}
							},
							{
								"source": {
									"name": "assortment_target_abs",
									"type": "String",
									"physicalType": "String"
								},
								"sink": {
									"name": "assortment_target_abs",
									"type": "Single",
									"physicalType": "float"
								}
							},
							{
								"source": {
									"name": "assortment_achieved",
									"type": "String",
									"physicalType": "String"
								},
								"sink": {
									"name": "assortment_achieved",
									"type": "Single",
									"physicalType": "float"
								}
							},
							{
								"source": {
									"name": "EOT_benchmark",
									"type": "String",
									"physicalType": "String"
								},
								"sink": {
									"name": "EOT_benchmark",
									"type": "Int32",
									"physicalType": "int"
								}
							},
							{
								"source": {
									"name": "week_flag",
									"type": "String",
									"physicalType": "String"
								},
								"sink": {
									"name": "week_flag",
									"type": "Int32",
									"physicalType": "int"
								}
							},
							{
								"source": {
									"name": "cum_wk_wt",
									"type": "String",
									"physicalType": "String"
								},
								"sink": {
									"name": "cum_wk_wt",
									"type": "Single",
									"physicalType": "float"
								}
							},
							{
								"source": {
									"name": "sales_perc",
									"type": "String",
									"physicalType": "String"
								},
								"sink": {
									"name": "sales_perc",
									"type": "Single",
									"physicalType": "float"
								}
							},
							{
								"source": {
									"name": "sales_balance_to_hit",
									"type": "String",
									"physicalType": "String"
								},
								"sink": {
									"name": "sales_balance_to_hit",
									"type": "Single",
									"physicalType": "float"
								}
							},
							{
								"source": {
									"name": "sales_balance_to_hit_daily",
									"type": "String",
									"physicalType": "String"
								},
								"sink": {
									"name": "sales_balance_to_hit_daily",
									"type": "Single",
									"physicalType": "float"
								}
							},
							{
								"source": {
									"name": "PC_target_month",
									"type": "String",
									"physicalType": "String"
								},
								"sink": {
									"name": "PC_target_month",
									"type": "Single",
									"physicalType": "float"
								}
							},
							{
								"source": {
									"name": "PC_perc",
									"type": "String",
									"physicalType": "String"
								},
								"sink": {
									"name": "PC_perc",
									"type": "Single",
									"physicalType": "float"
								}
							},
							{
								"source": {
									"name": "PC_per_salesperson",
									"type": "String",
									"physicalType": "String"
								},
								"sink": {
									"name": "PC_per_salesperson",
									"type": "Single",
									"physicalType": "float"
								}
							},
							{
								"source": {
									"name": "PC_balance_to_hit",
									"type": "String",
									"physicalType": "String"
								},
								"sink": {
									"name": "PC_balance_to_hit",
									"type": "Single",
									"physicalType": "float"
								}
							},
							{
								"source": {
									"name": "PC_balance_to_hit_daily",
									"type": "String",
									"physicalType": "String"
								},
								"sink": {
									"name": "PC_balance_to_hit_daily",
									"type": "Single",
									"physicalType": "float"
								}
							},
							{
								"source": {
									"name": "PJP_compliance",
									"type": "String",
									"physicalType": "String"
								},
								"sink": {
									"name": "PJP_compliance",
									"type": "Single",
									"physicalType": "float"
								}
							},
							{
								"source": {
									"name": "geo_compliance",
									"type": "String",
									"physicalType": "String"
								},
								"sink": {
									"name": "geo_compliance",
									"type": "Single",
									"physicalType": "float"
								}
							},
							{
								"source": {
									"name": "avg_time_spent_daily",
									"type": "String",
									"physicalType": "String"
								},
								"sink": {
									"name": "avg_time_spent_daily",
									"type": "Single",
									"physicalType": "float"
								}
							},
							{
								"source": {
									"name": "ECO_perc",
									"type": "String",
									"physicalType": "String"
								},
								"sink": {
									"name": "ECO_perc",
									"type": "Single",
									"physicalType": "float"
								}
							},
							{
								"source": {
									"name": "ECO_balance_to_hit",
									"type": "String",
									"physicalType": "String"
								},
								"sink": {
									"name": "ECO_balance_to_hit",
									"type": "Single",
									"physicalType": "float"
								}
							},
							{
								"source": {
									"name": "total_lines_perc",
									"type": "String",
									"physicalType": "String"
								},
								"sink": {
									"name": "total_lines_perc",
									"type": "Single",
									"physicalType": "float"
								}
							},
							{
								"source": {
									"name": "total_lines_balance_to_hit_month",
									"type": "String",
									"physicalType": "String"
								},
								"sink": {
									"name": "total_lines_balance_to_hit_month",
									"type": "Single",
									"physicalType": "float"
								}
							},
							{
								"source": {
									"name": "total_lines_balance_to_hit_daily",
									"type": "String",
									"physicalType": "String"
								},
								"sink": {
									"name": "total_lines_balance_to_hit_daily",
									"type": "Single",
									"physicalType": "float"
								}
							},
							{
								"source": {
									"name": "RL_perc",
									"type": "String",
									"physicalType": "String"
								},
								"sink": {
									"name": "RL_perc",
									"type": "Single",
									"physicalType": "float"
								}
							},
							{
								"source": {
									"name": "EB_perc",
									"type": "String",
									"physicalType": "String"
								},
								"sink": {
									"name": "EB_perc",
									"type": "Single",
									"physicalType": "float"
								}
							},
							{
								"source": {
									"name": "WP_perc",
									"type": "String",
									"physicalType": "String"
								},
								"sink": {
									"name": "WP_perc",
									"type": "Single",
									"physicalType": "float"
								}
							},
							{
								"source": {
									"name": "COTC_perc",
									"type": "String",
									"physicalType": "String"
								},
								"sink": {
									"name": "COTC_perc",
									"type": "Single",
									"physicalType": "float"
								}
							},
							{
								"source": {
									"name": "NPD_perc",
									"type": "String",
									"physicalType": "String"
								},
								"sink": {
									"name": "NPD_perc",
									"type": "Single",
									"physicalType": "float"
								}
							},
							{
								"source": {
									"name": "FourP_perc",
									"type": "String",
									"physicalType": "String"
								},
								"sink": {
									"name": "FourP_perc",
									"type": "Single",
									"physicalType": "float"
								}
							},
							{
								"source": {
									"name": "Assortment_perc",
									"type": "String",
									"physicalType": "String"
								},
								"sink": {
									"name": "Assortment_perc",
									"type": "Single",
									"physicalType": "float"
								}
							},
							{
								"source": {
									"name": "Non_prod_pjp_above_eot",
									"type": "String",
									"physicalType": "String"
								},
								"sink": {
									"name": "Non_prod_pjp_above_eot",
									"type": "Single",
									"physicalType": "float"
								}
							},
							{
								"source": {
									"name": "Non_prod_pjp",
									"type": "String",
									"physicalType": "String"
								},
								"sink": {
									"name": "Non_prod_pjp",
									"type": "Single",
									"physicalType": "float"
								}
							},
							{
								"source": {
									"name": "Non_pc_above_eot_perc",
									"type": "String",
									"physicalType": "String"
								},
								"sink": {
									"name": "Non_pc_above_eot_perc",
									"type": "Single",
									"physicalType": "float"
								}
							},
							{
								"source": {
									"name": "sales_status",
									"type": "String",
									"physicalType": "String"
								},
								"sink": {
									"name": "sales_status",
									"type": "String",
									"physicalType": "varchar"
								}
							},
							{
								"source": {
									"name": "PC_status",
									"type": "String",
									"physicalType": "String"
								},
								"sink": {
									"name": "PC_status",
									"type": "String",
									"physicalType": "varchar"
								}
							},
							{
								"source": {
									"name": "PJP_status",
									"type": "String",
									"physicalType": "String"
								},
								"sink": {
									"name": "PJP_status",
									"type": "String",
									"physicalType": "varchar"
								}
							},
							{
								"source": {
									"name": "Geo_status",
									"type": "String",
									"physicalType": "String"
								},
								"sink": {
									"name": "Geo_status",
									"type": "String",
									"physicalType": "varchar"
								}
							},
							{
								"source": {
									"name": "RL_status",
									"type": "String",
									"physicalType": "String"
								},
								"sink": {
									"name": "RL_status",
									"type": "String",
									"physicalType": "varchar"
								}
							},
							{
								"source": {
									"name": "avg_time_spent_status",
									"type": "String",
									"physicalType": "String"
								},
								"sink": {
									"name": "avg_time_spent_status",
									"type": "String",
									"physicalType": "varchar"
								}
							},
							{
								"source": {
									"name": "EB_status",
									"type": "String",
									"physicalType": "String"
								},
								"sink": {
									"name": "EB_status",
									"type": "String",
									"physicalType": "varchar"
								}
							},
							{
								"source": {
									"name": "WP_status",
									"type": "String",
									"physicalType": "String"
								},
								"sink": {
									"name": "WP_status",
									"type": "String",
									"physicalType": "varchar"
								}
							},
							{
								"source": {
									"name": "total_lines_status",
									"type": "String",
									"physicalType": "String"
								},
								"sink": {
									"name": "total_lines_status",
									"type": "String",
									"physicalType": "varchar"
								}
							},
							{
								"source": {
									"name": "NPD_status",
									"type": "String",
									"physicalType": "String"
								},
								"sink": {
									"name": "NPD_status",
									"type": "String",
									"physicalType": "varchar"
								}
							},
							{
								"source": {
									"name": "Assortment_status",
									"type": "String",
									"physicalType": "String"
								},
								"sink": {
									"name": "Assortment_status",
									"type": "String",
									"physicalType": "varchar"
								}
							},
							{
								"source": {
									"name": "COTC_status",
									"type": "String",
									"physicalType": "String"
								},
								"sink": {
									"name": "COTC_status",
									"type": "String",
									"physicalType": "varchar"
								}
							},
							{
								"source": {
									"name": "FourP_status",
									"type": "String",
									"physicalType": "String"
								},
								"sink": {
									"name": "FourP_status",
									"type": "String",
									"physicalType": "varchar"
								}
							},
							{
								"source": {
									"name": "ECO_status",
									"type": "String",
									"physicalType": "String"
								},
								"sink": {
									"name": "ECO_status",
									"type": "String",
									"physicalType": "varchar"
								}
							},
							{
								"source": {
									"name": "non_PC_above_eot_status",
									"type": "String",
									"physicalType": "String"
								},
								"sink": {
									"name": "non_PC_above_eot_status",
									"type": "String",
									"physicalType": "varchar"
								}
							},
							{
								"source": {
									"name": "recommendation_id",
									"type": "String",
									"physicalType": "String"
								},
								"sink": {
									"name": "recommendation_id",
									"type": "Int32",
									"physicalType": "int"
								}
							},
							{
								"source": {
									"name": "issue_type",
									"type": "String",
									"physicalType": "String"
								},
								"sink": {
									"name": "issue_type",
									"type": "String",
									"physicalType": "varchar"
								}
							},
							{
								"source": {
									"name": "performance",
									"type": "String",
									"physicalType": "String"
								},
								"sink": {
									"name": "performance",
									"type": "String",
									"physicalType": "varchar"
								}
							}
						],
						"typeConversion": true,
						"typeConversionSettings": {
							"allowDataTruncation": true,
							"treatBooleanAsNumber": false
						}
					}
				},
				"inputs": [
					{
						"referenceName": "DS_ADLS_DIM",
						"type": "DatasetReference"
					}
				],
				"outputs": [
					{
						"referenceName": "DS_ASDW_FACT_KPI",
						"type": "DatasetReference"
					}
				]
			},
			{
				"name": "Transform_Fact_KPI",
				"type": "DatabricksNotebook",
				"dependsOn": [
					{
						"activity": "Load Staging Data",
						"dependencyConditions": [
							"Succeeded"
						]
					}
				],
				"policy": {
					"timeout": "7.00:00:00",
					"retry": 0,
					"retryIntervalInSeconds": 30,
					"secureOutput": false,
					"secureInput": false
				},
				"userProperties": [],
				"typeProperties": {
					"notebookPath": "/Shared/EDGE_Analytics/Fact_KPI"
				},
				"linkedServiceName": {
					"referenceName": "LS_ADB",
					"type": "LinkedServiceReference"
				}
			},
			{
				"name": "Load Staging Data",
				"type": "ExecutePipeline",
				"dependsOn": [],
				"userProperties": [],
				"typeProperties": {
					"pipeline": {
						"referenceName": "PL_Load_Staging_to_Processed_KPI_Fact",
						"type": "PipelineReference"
					},
					"waitOnCompletion": true
				}
			},
			{
				"name": "Cube Refresh",
				"type": "ExecutePipeline",
				"dependsOn": [
					{
						"activity": "ADLS_to_DWH",
						"dependencyConditions": [
							"Succeeded"
						]
					}
				],
				"userProperties": [],
				"typeProperties": {
					"pipeline": {
						"referenceName": "PL_PROCESS_CUBE",
						"type": "PipelineReference"
					},
					"waitOnCompletion": true,
					"parameters": {
						"refresh_databaseName": "TabularProject1",
						"refresh_tableName": "fact_kpi"
					}
				}
			}
		],
		"variables": {
			"folders": {
				"type": "String",
				"defaultValue": "EDGE_Analytics/Datalake/Transformed/Transactional"
			},
			"SourceFolderName": {
				"type": "String",
				"defaultValue": "Fact_KPI"
			}
		},
		"folder": {
			"name": "LODR/Fact Load"
		},
		"annotations": []
	}
}