{
	"name": "PL_Load_Dim_Distributor",
	"properties": {
		"activities": [
			{
				"name": "ADLS_TO_DWH",
				"type": "Copy",
				"dependsOn": [
					{
						"activity": "Tranform_distributor",
						"dependencyConditions": [
							"Succeeded"
						]
					}
				],
				"policy": {
					"timeout": "7.00:00:00",
					"retry": 0,
					"retryIntervalInSeconds": 30,
					"secureOutput": false,
					"secureInput": false
				},
				"userProperties": [],
				"typeProperties": {
					"source": {
						"type": "DelimitedTextSource",
						"storeSettings": {
							"type": "AzureBlobFSReadSettings",
							"recursive": true,
							"wildcardFolderPath": {
								"value": "@concat('EDGE_Analytics/Datalake/Transformed/Dimensions/',variables('dimension'),'/',formatDateTime(utcnow(),'yyyy'),'/',formatDateTime(utcnow(),'MM'),'/',formatDateTime(utcnow(),'dd'))",
								"type": "Expression"
							},
							"wildcardFileName": "*.csv"
						},
						"formatSettings": {
							"type": "DelimitedTextReadSettings"
						}
					},
					"sink": {
						"type": "SqlDWSink",
						"preCopyScript": "truncate table dbo.dim_distributor",
						"disableMetricsCollection": false
					},
					"enableStaging": false,
					"translator": {
						"type": "TabularTranslator",
						"mappings": [
							{
								"source": {
									"name": "country_code",
									"type": "String",
									"physicalType": "String"
								},
								"sink": {
									"name": "country_code",
									"type": "String",
									"physicalType": "varchar"
								}
							},
							{
								"source": {
									"name": "site_code",
									"type": "String",
									"physicalType": "String"
								},
								"sink": {
									"name": "site_code",
									"type": "String",
									"physicalType": "varchar"
								}
							},
							{
								"source": {
									"name": "site_name",
									"type": "String",
									"physicalType": "String"
								},
								"sink": {
									"name": "site_name",
									"type": "String",
									"physicalType": "varchar"
								}
							},
							{
								"source": {
									"name": "distributor_code",
									"type": "String",
									"physicalType": "String"
								},
								"sink": {
									"name": "distributor_code",
									"type": "Int32",
									"physicalType": "int"
								}
							},
							{
								"source": {
									"name": "distributor_type",
									"type": "String",
									"physicalType": "String"
								},
								"sink": {
									"name": "distributor_type",
									"type": "String",
									"physicalType": "varchar"
								}
							},
							{
								"source": {
									"name": "distributor_name",
									"type": "String",
									"physicalType": "String"
								},
								"sink": {
									"name": "distributor_name",
									"type": "String",
									"physicalType": "varchar"
								}
							},
							{
								"source": {
									"name": "dt_region",
									"type": "String",
									"physicalType": "String"
								},
								"sink": {
									"name": "dt_region",
									"type": "String",
									"physicalType": "varchar"
								}
							},
							{
								"source": {
									"name": "dt_area",
									"type": "String",
									"physicalType": "String"
								},
								"sink": {
									"name": "dt_area",
									"type": "String",
									"physicalType": "varchar"
								}
							},
							{
								"source": {
									"name": "dt_district",
									"type": "String",
									"physicalType": "String"
								},
								"sink": {
									"name": "dt_district",
									"type": "String",
									"physicalType": "varchar"
								}
							},
							{
								"source": {
									"name": "salesorg",
									"type": "String",
									"physicalType": "String"
								},
								"sink": {
									"name": "salesorg",
									"type": "String",
									"physicalType": "varchar"
								}
							}
						],
						"typeConversion": true,
						"typeConversionSettings": {
							"allowDataTruncation": true,
							"treatBooleanAsNumber": false
						}
					}
				},
				"inputs": [
					{
						"referenceName": "DS_ADLS_DIM",
						"type": "DatasetReference"
					}
				],
				"outputs": [
					{
						"referenceName": "DS_ASDW_DIM_DISTRIBUTOR",
						"type": "DatasetReference"
					}
				]
			},
			{
				"name": "Tranform_distributor",
				"type": "DatabricksNotebook",
				"dependsOn": [
					{
						"activity": "PreProcessing",
						"dependencyConditions": [
							"Succeeded"
						]
					}
				],
				"policy": {
					"timeout": "7.00:00:00",
					"retry": 0,
					"retryIntervalInSeconds": 30,
					"secureOutput": false,
					"secureInput": false
				},
				"userProperties": [],
				"typeProperties": {
					"notebookPath": "/Shared/EDGE_Analytics/Dim_Distributor",
					"baseParameters": {
						"IP_Distributor": {
							"value": "@pipeline().parameters.IP_Distributor",
							"type": "Expression"
						},
						"IP_U2K2_NGDMS_Mapping": {
							"value": "@pipeline().parameters.IP_U2K2_NGDMS_Mapping",
							"type": "Expression"
						},
						"IP_Customer": {
							"value": "@pipeline().parameters.IP_Customer",
							"type": "Expression"
						},
						"OP_Distributor": {
							"value": "@pipeline().parameters.Distributor_OUTP",
							"type": "Expression"
						}
					}
				},
				"linkedServiceName": {
					"referenceName": "LS_ADB",
					"type": "LinkedServiceReference"
				}
			},
			{
				"name": "Customer_Master_UDL_TO_ADLS",
				"type": "Copy",
				"dependsOn": [],
				"policy": {
					"timeout": "7.00:00:00",
					"retry": 0,
					"retryIntervalInSeconds": 30,
					"secureOutput": false,
					"secureInput": false
				},
				"userProperties": [],
				"typeProperties": {
					"source": {
						"type": "DelimitedTextSource",
						"storeSettings": {
							"type": "AzureBlobFSReadSettings",
							"recursive": true,
							"modifiedDatetimeStart": {
								"value": "@adddays(utcnow(),-7)",
								"type": "Expression"
							},
							"modifiedDatetimeEnd": {
								"value": "@utcnow()",
								"type": "Expression"
							},
							"wildcardFolderPath": "TechDebt/InternalSources/U2K2BW/OpenHubFileDestination/CustomerMaster/SouthEastAsiaAustralasia/Processed",
							"wildcardFileName": "*.csv"
						},
						"formatSettings": {
							"type": "DelimitedTextReadSettings"
						}
					},
					"sink": {
						"type": "DelimitedTextSink",
						"storeSettings": {
							"type": "AzureBlobFSWriteSettings",
							"copyBehavior": "FlattenHierarchy"
						},
						"formatSettings": {
							"type": "DelimitedTextWriteSettings",
							"quoteAllText": true,
							"fileExtension": ".csv"
						}
					},
					"enableStaging": false
				},
				"inputs": [
					{
						"referenceName": "DS_ADLS_UDL",
						"type": "DatasetReference"
					}
				],
				"outputs": [
					{
						"referenceName": "DS_ADLS_TGT_STG_CUSTOMER_MASTER",
						"type": "DatasetReference"
					}
				]
			},
			{
				"name": "Distributor_Master_UDL_TO_ADLS",
				"type": "Copy",
				"dependsOn": [],
				"policy": {
					"timeout": "7.00:00:00",
					"retry": 0,
					"retryIntervalInSeconds": 30,
					"secureOutput": false,
					"secureInput": false
				},
				"userProperties": [],
				"typeProperties": {
					"source": {
						"type": "DelimitedTextSource",
						"storeSettings": {
							"type": "AzureBlobFSReadSettings",
							"recursive": true,
							"wildcardFolderPath": "UniversalDataLake/InternalSources/LeveredgeOnline/SAPECCISR/SAPHANA/T001W/Processed",
							"wildcardFileName": "*.csv"
						},
						"formatSettings": {
							"type": "DelimitedTextReadSettings"
						}
					},
					"sink": {
						"type": "DelimitedTextSink",
						"storeSettings": {
							"type": "AzureBlobFSWriteSettings"
						},
						"formatSettings": {
							"type": "DelimitedTextWriteSettings",
							"quoteAllText": true,
							"fileExtension": ".csv"
						}
					},
					"enableStaging": false
				},
				"inputs": [
					{
						"referenceName": "DS_ADLS_UDL",
						"type": "DatasetReference"
					}
				],
				"outputs": [
					{
						"referenceName": "DS_ADLS_TGT_STG",
						"type": "DatasetReference"
					}
				]
			},
			{
				"name": "U2K2_Mapping_UDL_TO_ADLS",
				"type": "Copy",
				"dependsOn": [],
				"policy": {
					"timeout": "7.00:00:00",
					"retry": 0,
					"retryIntervalInSeconds": 30,
					"secureOutput": false,
					"secureInput": false
				},
				"userProperties": [],
				"typeProperties": {
					"source": {
						"type": "DelimitedTextSource",
						"storeSettings": {
							"type": "AzureBlobFSReadSettings",
							"recursive": true,
							"wildcardFolderPath": "UniversalDataLake/InternalSources/LeveredgeOnline/SAPECCISR/SAPHANA/ZTU2K2_ORGMAP/Processed",
							"wildcardFileName": "*.csv"
						},
						"formatSettings": {
							"type": "DelimitedTextReadSettings"
						}
					},
					"sink": {
						"type": "DelimitedTextSink",
						"storeSettings": {
							"type": "AzureBlobFSWriteSettings"
						},
						"formatSettings": {
							"type": "DelimitedTextWriteSettings",
							"quoteAllText": true,
							"fileExtension": ".csv"
						}
					},
					"enableStaging": false
				},
				"inputs": [
					{
						"referenceName": "DS_ADLS_UDL",
						"type": "DatasetReference"
					}
				],
				"outputs": [
					{
						"referenceName": "DS_ADLS_STG_U2K2",
						"type": "DatasetReference"
					}
				]
			},
			{
				"name": "PreProcessing",
				"description": "descr1",
				"type": "DatabricksNotebook",
				"dependsOn": [
					{
						"activity": "Customer_Master_UDL_TO_ADLS",
						"dependencyConditions": [
							"Succeeded"
						]
					},
					{
						"activity": "Distributor_Master_UDL_TO_ADLS",
						"dependencyConditions": [
							"Succeeded"
						]
					},
					{
						"activity": "U2K2_Mapping_UDL_TO_ADLS",
						"dependencyConditions": [
							"Succeeded"
						]
					}
				],
				"policy": {
					"timeout": "7.00:00:00",
					"retry": 0,
					"retryIntervalInSeconds": 30,
					"secureOutput": false,
					"secureInput": false
				},
				"userProperties": [],
				"typeProperties": {
					"notebookPath": "/Shared/EDGE_Analytics/Pre_processing",
					"baseParameters": {
						"IP_Pre_Distributor": {
							"value": "@pipeline().parameters.IP_Pre_Distributor",
							"type": "Expression"
						},
						"OP_Distributor": {
							"value": "@pipeline().parameters.OP_Distributor",
							"type": "Expression"
						},
						"IP_Pre_U2K2": {
							"value": "@pipeline().parameters.IP_Pre_U2K2",
							"type": "Expression"
						},
						"OP_U2K2": {
							"value": "@pipeline().parameters.OP_U2K2",
							"type": "Expression"
						},
						"IP_Customer": {
							"value": "@pipeline().parameters.IP_Customer",
							"type": "Expression"
						},
						"IP_Pre_Customer": {
							"value": "@pipeline().parameters.IP_Pre_Customer",
							"type": "Expression"
						},
						"OP_Customer": {
							"value": "@pipeline().parameters.OP_Customer",
							"type": "Expression"
						}
					}
				},
				"linkedServiceName": {
					"referenceName": "LS_ADB",
					"type": "LinkedServiceReference"
				}
			},
			{
				"name": "Cube Refresh",
				"type": "ExecutePipeline",
				"dependsOn": [
					{
						"activity": "ADLS_TO_DWH",
						"dependencyConditions": [
							"Succeeded"
						]
					}
				],
				"userProperties": [],
				"typeProperties": {
					"pipeline": {
						"referenceName": "PL_PROCESS_CUBE",
						"type": "PipelineReference"
					},
					"waitOnCompletion": true,
					"parameters": {
						"refresh_databaseName": "TabularProject1",
						"refresh_tableName": "dim_distributor"
					}
				}
			}
		],
		"parameters": {
			"IP_Pre_Distributor": {
				"type": "string",
				"defaultValue": "/mnt/adls/EDGE_Analytics/Datalake/Staging/Incremental/Masters/Pre_Distributor/"
			},
			"OP_Distributor": {
				"type": "string",
				"defaultValue": "/mnt/adls/EDGE_Analytics/Datalake/Staging/Incremental/Masters/Distributor/"
			},
			"IP_Pre_U2K2": {
				"type": "string",
				"defaultValue": "/mnt/adls/EDGE_Analytics/Datalake/Staging/Incremental/Masters/Pre_U2K2_NGDMS_Mapping/"
			},
			"OP_U2K2": {
				"type": "string",
				"defaultValue": "/mnt/adls/EDGE_Analytics/Datalake/Staging/Incremental/Masters/U2K2_NGDMS_Mapping/"
			},
			"IP_Customer": {
				"type": "string",
				"defaultValue": "/mnt/adls/EDGE_Analytics/Datalake/Staging/Incremental/Masters/Customer/"
			},
			"IP_Pre_Customer": {
				"type": "string",
				"defaultValue": "/mnt/adls/EDGE_Analytics/Datalake/Staging/Incremental/Masters/Pre_Customer/"
			},
			"OP_Customer": {
				"type": "string",
				"defaultValue": "/mnt/adls/EDGE_Analytics/Datalake/Staging/Incremental/Masters/Customer/"
			},
			"IP_U2K2_NGDMS_Mapping": {
				"type": "string",
				"defaultValue": "/mnt/adls/EDGE_Analytics/Datalake/Staging/Incremental/Masters/U2K2_NGDMS_Mapping/"
			},
			"Distributor_OUTP": {
				"type": "string",
				"defaultValue": "/mnt/adls/EDGE_Analytics/Datalake/Transformed/Dimensions/Distributor/"
			},
			"IP_Distributor": {
				"type": "string",
				"defaultValue": "/mnt/adls/EDGE_Analytics/Datalake/Staging/Incremental/Masters/Distributor/"
			}
		},
		"variables": {
			"filepath": {
				"type": "String",
				"defaultValue": "EDGE_Analytics/Datalake/Transformed/Dimensions"
			},
			"StagingTargetFolderName": {
				"type": "String",
				"defaultValue": "Pre_Distributor"
			},
			"filetype": {
				"type": "String",
				"defaultValue": "Masters"
			},
			"dimension": {
				"type": "String",
				"defaultValue": "Distributor"
			}
		},
		"folder": {
			"name": "LODR/Dim Load"
		},
		"annotations": [],
		"lastPublishTime": "2021-03-24T10:01:11Z"
	},
	"type": "Microsoft.DataFactory/factories/pipelines"
}