{
	"name": "PL_Load_Staging_Transaction_4P_Salesman",
	"properties": {
		"activities": [
			{
				"name": "PDS_BLOB_TO_ADLS",
				"type": "Copy",
				"dependsOn": [],
				"policy": {
					"timeout": "7.00:00:00",
					"retry": 0,
					"retryIntervalInSeconds": 30,
					"secureOutput": false,
					"secureInput": false
				},
				"userProperties": [],
				"typeProperties": {
					"source": {
						"type": "DelimitedTextSource",
						"storeSettings": {
							"type": "AzureBlobStorageReadSettings",
							"recursive": true,
							"wildcardFolderPath": "CD/4P_Salesman_Transaction",
							"wildcardFileName": "*.csv"
						},
						"formatSettings": {
							"type": "DelimitedTextReadSettings",
							"skipLineCount": 6
						}
					},
					"sink": {
						"type": "DelimitedTextSink",
						"storeSettings": {
							"type": "AzureBlobFSWriteSettings"
						},
						"formatSettings": {
							"type": "DelimitedTextWriteSettings",
							"quoteAllText": true,
							"fileExtension": ".csv"
						}
					},
					"enableStaging": false,
					"translator": {
						"type": "TabularTranslator",
						"mappings": [
							{
								"source": {
									"type": "String",
									"ordinal": 1
								},
								"sink": {
									"name": "country",
									"physicalType": "String"
								}
							},
							{
								"source": {
									"type": "String",
									"ordinal": 2
								},
								"sink": {
									"name": "country_name",
									"physicalType": "String"
								}
							},
							{
								"source": {
									"type": "String",
									"ordinal": 3
								},
								"sink": {
									"name": "calender_month",
									"physicalType": "String"
								}
							},
							{
								"source": {
									"type": "String",
									"ordinal": 4
								},
								"sink": {
									"name": "distributor_code",
									"physicalType": "String"
								}
							},
							{
								"source": {
									"type": "String",
									"ordinal": 5
								},
								"sink": {
									"name": "distributor",
									"physicalType": "String"
								}
							},
							{
								"source": {
									"type": "String",
									"ordinal": 6
								},
								"sink": {
									"name": "site_code",
									"physicalType": "String"
								}
							},
							{
								"source": {
									"type": "String",
									"ordinal": 7
								},
								"sink": {
									"name": "site",
									"physicalType": "String"
								}
							},
							{
								"source": {
									"type": "String",
									"ordinal": 8
								},
								"sink": {
									"name": "salesman_code",
									"physicalType": "String"
								}
							},
							{
								"source": {
									"type": "String",
									"physicalType": "String",
									"ordinal": 9
								},
								"sink": {
									"name": "salesman",
									"physicalType": "String"
								}
							},
							{
								"source": {
									"type": "String",
									"ordinal": 10
								},
								"sink": {
									"name": "salesman_product_group",
									"physicalType": "String"
								}
							},
							{
								"source": {
									"type": "String",
									"ordinal": 11
								},
								"sink": {
									"name": "spg_name",
									"physicalType": "String"
								}
							},
							{
								"source": {
									"type": "String",
									"ordinal": 12
								},
								"sink": {
									"name": "product",
									"physicalType": "String"
								}
							},
							{
								"source": {
									"type": "String",
									"ordinal": 13
								},
								"sink": {
									"name": "pack",
									"physicalType": "String"
								}
							},
							{
								"source": {
									"type": "String",
									"ordinal": 14
								},
								"sink": {
									"name": "price",
									"physicalType": "String"
								}
							},
							{
								"source": {
									"type": "String",
									"ordinal": 15
								},
								"sink": {
									"name": "promotion",
									"physicalType": "String"
								}
							},
							{
								"source": {
									"type": "String",
									"ordinal": 16
								},
								"sink": {
									"name": "total_outlet_count",
									"physicalType": "String"
								}
							},
							{
								"source": {
									"type": "String",
									"ordinal": 17
								},
								"sink": {
									"name": "4P_compliance_outlet",
									"physicalType": "String"
								}
							},
							{
								"source": {
									"type": "String",
									"ordinal": 18
								},
								"sink": {
									"name": "EB_target",
									"physicalType": "String"
								}
							},
							{
								"source": {
									"type": "String",
									"ordinal": 19
								},
								"sink": {
									"name": "EB_actual",
									"physicalType": "String"
								}
							},
							{
								"source": {
									"type": "String",
									"ordinal": 20
								},
								"sink": {
									"name": "EB_perfect_outlet_count",
									"physicalType": "String"
								}
							},
							{
								"source": {
									"type": "String",
									"ordinal": 21
								},
								"sink": {
									"name": "redline_target",
									"physicalType": "String"
								}
							},
							{
								"source": {
									"type": "String",
									"ordinal": 22
								},
								"sink": {
									"name": "redline_actual",
									"physicalType": "String"
								}
							},
							{
								"source": {
									"type": "String",
									"ordinal": 23
								},
								"sink": {
									"name": "redline_perfect_outlet_count",
									"physicalType": "String"
								}
							},
							{
								"source": {
									"type": "String",
									"ordinal": 24
								},
								"sink": {
									"name": "COTC_target",
									"physicalType": "String"
								}
							},
							{
								"source": {
									"type": "String",
									"ordinal": 25
								},
								"sink": {
									"name": "COTC_actual",
									"physicalType": "String"
								}
							},
							{
								"source": {
									"type": "String",
									"ordinal": 26
								},
								"sink": {
									"name": "COTC_perfect_outlet_count",
									"physicalType": "String"
								}
							},
							{
								"source": {
									"type": "String",
									"ordinal": 27
								},
								"sink": {
									"name": "NPD_target",
									"physicalType": "String"
								}
							},
							{
								"source": {
									"type": "String",
									"ordinal": 28
								},
								"sink": {
									"name": "NPD_actual",
									"physicalType": "String"
								}
							},
							{
								"source": {
									"type": "String",
									"ordinal": 29
								},
								"sink": {
									"name": "NPD_perfect_outlet_count",
									"physicalType": "String"
								}
							},
							{
								"source": {
									"type": "String",
									"ordinal": 30
								},
								"sink": {
									"name": "BM_target",
									"physicalType": "String"
								}
							},
							{
								"source": {
									"type": "String",
									"ordinal": 31
								},
								"sink": {
									"name": "BM_actual",
									"physicalType": "String"
								}
							},
							{
								"source": {
									"type": "String",
									"ordinal": 32
								},
								"sink": {
									"name": "BM_perfect_outlet_count",
									"physicalType": "String"
								}
							},
							{
								"source": {
									"type": "String",
									"ordinal": 33
								},
								"sink": {
									"name": "WP_target",
									"physicalType": "String"
								}
							},
							{
								"source": {
									"type": "String",
									"ordinal": 34
								},
								"sink": {
									"name": "WP_actual",
									"physicalType": "String"
								}
							},
							{
								"source": {
									"type": "String",
									"ordinal": 35
								},
								"sink": {
									"name": "WP_perfect_outlet_count",
									"physicalType": "String"
								}
							},
							{
								"source": {
									"type": "String",
									"ordinal": 36
								},
								"sink": {
									"name": "PP_target",
									"physicalType": "String"
								}
							},
							{
								"source": {
									"type": "String",
									"ordinal": 37
								},
								"sink": {
									"name": "PP_actual",
									"physicalType": "String"
								}
							},
							{
								"source": {
									"type": "String",
									"ordinal": 38
								},
								"sink": {
									"name": "PP_perfect_outlet_count",
									"physicalType": "String"
								}
							},
							{
								"source": {
									"type": "String",
									"ordinal": 39
								},
								"sink": {
									"name": "Columnundefined",
									"type": "String",
									"physicalType": "String"
								}
							}
						],
						"typeConversion": true,
						"typeConversionSettings": {
							"allowDataTruncation": true,
							"treatBooleanAsNumber": false
						}
					}
				},
				"inputs": [
					{
						"referenceName": "DS_ABLB_PDS_KPI",
						"type": "DatasetReference"
					}
				],
				"outputs": [
					{
						"referenceName": "DS_ADLS_TGT_STG_HIST",
						"type": "DatasetReference"
					}
				]
			}
		],
		"variables": {
			"filetype": {
				"type": "String",
				"defaultValue": "Transaction"
			},
			"StagingTargetfolderName": {
				"type": "String",
				"defaultValue": "4P_Salesman_View"
			}
		},
		"folder": {
			"name": "LODR/Fact Load/Staging to Processed to Transformed Processing"
		},
		"annotations": []
	}
}