{
	"name": "PL_Load_Dim_Product",
	"properties": {
		"activities": [
			{
				"name": "ADLS_TO_DWH",
				"type": "Copy",
				"dependsOn": [
					{
						"activity": "Transform_Product",
						"dependencyConditions": [
							"Succeeded"
						]
					}
				],
				"policy": {
					"timeout": "7.00:00:00",
					"retry": 0,
					"retryIntervalInSeconds": 30,
					"secureOutput": false,
					"secureInput": false
				},
				"userProperties": [],
				"typeProperties": {
					"source": {
						"type": "DelimitedTextSource",
						"storeSettings": {
							"type": "AzureBlobFSReadSettings",
							"recursive": true,
							"wildcardFolderPath": {
								"value": "@concat('EDGE_Analytics/Datalake/Transformed/Dimensions/',variables('dimension'),'/',formatDateTime(utcnow(),'yyyy'),'/',formatDateTime(utcnow(),'MM'),'/',formatDateTime(utcnow(),'dd'))",
								"type": "Expression"
							},
							"wildcardFileName": "*.csv"
						},
						"formatSettings": {
							"type": "DelimitedTextReadSettings"
						}
					},
					"sink": {
						"type": "SqlDWSink",
						"preCopyScript": "truncate table dbo.dim_product",
						"disableMetricsCollection": false
					},
					"enableStaging": false,
					"translator": {
						"type": "TabularTranslator",
						"mappings": [
							{
								"source": {
									"name": "product_code",
									"type": "String",
									"physicalType": "String"
								},
								"sink": {
									"name": "product_code",
									"type": "Int32",
									"physicalType": "int"
								}
							},
							{
								"source": {
									"name": "dp_name",
									"type": "String",
									"physicalType": "String"
								},
								"sink": {
									"name": "dp_name",
									"type": "String",
									"physicalType": "varchar"
								}
							},
							{
								"source": {
									"name": "cotc",
									"type": "String",
									"physicalType": "String"
								},
								"sink": {
									"name": "cotc",
									"type": "String",
									"physicalType": "varchar"
								}
							},
							{
								"source": {
									"name": "packsize",
									"type": "String",
									"physicalType": "String"
								},
								"sink": {
									"name": "packsize",
									"type": "String",
									"physicalType": "varchar"
								}
							},
							{
								"source": {
									"name": "packgroup",
									"type": "String",
									"physicalType": "String"
								},
								"sink": {
									"name": "packgroup",
									"type": "String",
									"physicalType": "varchar"
								}
							},
							{
								"source": {
									"name": "brand_variant",
									"type": "String",
									"physicalType": "String"
								},
								"sink": {
									"name": "brand_variant",
									"type": "String",
									"physicalType": "varchar"
								}
							},
							{
								"source": {
									"name": "subbrand",
									"type": "String",
									"physicalType": "String"
								},
								"sink": {
									"name": "subbrand",
									"type": "String",
									"physicalType": "varchar"
								}
							},
							{
								"source": {
									"name": "brand",
									"type": "String",
									"physicalType": "String"
								},
								"sink": {
									"name": "brand",
									"type": "String",
									"physicalType": "varchar"
								}
							},
							{
								"source": {
									"name": "segment",
									"type": "String",
									"physicalType": "String"
								},
								"sink": {
									"name": "segment",
									"type": "String",
									"physicalType": "varchar"
								}
							},
							{
								"source": {
									"name": "ccbt",
									"type": "String",
									"physicalType": "String"
								},
								"sink": {
									"name": "ccbt",
									"type": "String",
									"physicalType": "varchar"
								}
							},
							{
								"source": {
									"name": "category",
									"type": "String",
									"physicalType": "String"
								},
								"sink": {
									"name": "category",
									"type": "String",
									"physicalType": "varchar"
								}
							},
							{
								"source": {
									"name": "category_code",
									"type": "String",
									"physicalType": "String"
								},
								"sink": {
									"name": "category_code",
									"type": "String",
									"physicalType": "varchar"
								}
							},
							{
								"source": {
									"name": "division",
									"type": "String",
									"physicalType": "String"
								},
								"sink": {
									"name": "division",
									"type": "String",
									"physicalType": "varchar"
								}
							},
							{
								"source": {
									"name": "cd_view_1",
									"type": "String",
									"physicalType": "String"
								},
								"sink": {
									"name": "cd_view_1",
									"type": "String",
									"physicalType": "varchar"
								}
							},
							{
								"source": {
									"name": "cd_view_2",
									"type": "String",
									"physicalType": "String"
								},
								"sink": {
									"name": "cd_view_2",
									"type": "String",
									"physicalType": "varchar"
								}
							},
							{
								"source": {
									"name": "sorting_index",
									"type": "String",
									"physicalType": "String"
								},
								"sink": {
									"name": "sorting_index",
									"type": "Int32",
									"physicalType": "int"
								}
							}
						],
						"typeConversion": true,
						"typeConversionSettings": {
							"allowDataTruncation": true,
							"treatBooleanAsNumber": false
						}
					}
				},
				"inputs": [
					{
						"referenceName": "DS_ADLS_DIM",
						"type": "DatasetReference"
					}
				],
				"outputs": [
					{
						"referenceName": "DS_ASDW_DIM_PRODUCT",
						"type": "DatasetReference"
					}
				]
			},
			{
				"name": "Transform_Product",
				"type": "DatabricksNotebook",
				"dependsOn": [
					{
						"activity": "Product_Hierarchy_Master_UDL_FMT_TO_ADLS",
						"dependencyConditions": [
							"Succeeded"
						]
					}
				],
				"policy": {
					"timeout": "7.00:00:00",
					"retry": 0,
					"retryIntervalInSeconds": 30,
					"secureOutput": false,
					"secureInput": false
				},
				"userProperties": [],
				"typeProperties": {
					"notebookPath": "/Shared/EDGE_Analytics/Dim_Product",
					"baseParameters": {
						"IP_Product": {
							"value": "@pipeline().parameters.Input_Product",
							"type": "Expression"
						},
						"OP_Product": {
							"value": "@pipeline().parameters.Output_Product",
							"type": "Expression"
						},
						"IP_Product_IDX": {
							"value": "@pipeline().parameters.IP_Product_IDX",
							"type": "Expression"
						}
					}
				},
				"linkedServiceName": {
					"referenceName": "LS_ADB",
					"type": "LinkedServiceReference"
				}
			},
			{
				"name": "Product_Hierarchy_Master_UDL_FMT_TO_ADLS",
				"type": "Copy",
				"dependsOn": [],
				"policy": {
					"timeout": "7.00:00:00",
					"retry": 0,
					"retryIntervalInSeconds": 30,
					"secureOutput": false,
					"secureInput": false
				},
				"userProperties": [],
				"typeProperties": {
					"source": {
						"type": "DelimitedTextSource",
						"storeSettings": {
							"type": "AzureBlobFSReadSettings",
							"recursive": true,
							"wildcardFolderPath": "UniversalDataLake/InternalSources/FileFMT/BlobFileShare/SecondarySales/Vietnam/ProdHierarchy/Processed",
							"wildcardFileName": "VN_LOCAL_PH_MAP.csv"
						},
						"formatSettings": {
							"type": "DelimitedTextReadSettings"
						}
					},
					"sink": {
						"type": "DelimitedTextSink",
						"storeSettings": {
							"type": "AzureBlobFSWriteSettings"
						},
						"formatSettings": {
							"type": "DelimitedTextWriteSettings",
							"quoteAllText": true,
							"fileExtension": ".csv"
						}
					},
					"enableStaging": false
				},
				"inputs": [
					{
						"referenceName": "DS_ABLB_UDL_FMT",
						"type": "DatasetReference"
					}
				],
				"outputs": [
					{
						"referenceName": "DS_ADLS_TGT_STG",
						"type": "DatasetReference"
					}
				]
			},
			{
				"name": "Cube Refresh",
				"type": "ExecutePipeline",
				"dependsOn": [
					{
						"activity": "ADLS_TO_DWH",
						"dependencyConditions": [
							"Succeeded"
						]
					}
				],
				"userProperties": [],
				"typeProperties": {
					"pipeline": {
						"referenceName": "PL_PROCESS_CUBE",
						"type": "PipelineReference"
					},
					"waitOnCompletion": true,
					"parameters": {
						"refresh_databaseName": "TabularProject1",
						"refresh_tableName": "dim_product"
					}
				}
			}
		],
		"parameters": {
			"Input_Product": {
				"type": "string",
				"defaultValue": "/mnt/adls/EDGE_Analytics/Datalake/Staging/Incremental/Masters/Product_Hierarchy_Mapping/"
			},
			"Output_Product": {
				"type": "string",
				"defaultValue": "/mnt/adls/EDGE_Analytics/Datalake/Transformed/Dimensions/Product/"
			},
			"IP_Product_IDX": {
				"type": "string",
				"defaultValue": "/mnt/adls/EDGE_Analytics/Datalake/Processed/FMT/"
			}
		},
		"variables": {
			"filetype": {
				"type": "String",
				"defaultValue": "Masters"
			},
			"StagingTargetfolderName": {
				"type": "String",
				"defaultValue": "Product_Hierarchy_Mapping"
			},
			"TargetfolderName": {
				"type": "String",
				"defaultValue": "Product"
			},
			"dimension": {
				"type": "String",
				"defaultValue": "Product"
			}
		},
		"folder": {
			"name": "LODR/Dim Load"
		},
		"annotations": [],
		"lastPublishTime": "2021-03-24T10:01:11Z"
	},
	"type": "Microsoft.DataFactory/factories/pipelines"
}