{
	"name": "PL_Load_Staging_Transaction_EFOS_Outlet",
	"properties": {
		"activities": [
			{
				"name": "PDS_BLOB_TO_ADLS",
				"type": "Copy",
				"dependsOn": [],
				"policy": {
					"timeout": "7.00:00:00",
					"retry": 0,
					"retryIntervalInSeconds": 30,
					"secureOutput": false,
					"secureInput": false
				},
				"userProperties": [],
				"typeProperties": {
					"source": {
						"type": "DelimitedTextSource",
						"storeSettings": {
							"type": "AzureBlobStorageReadSettings",
							"recursive": true,
							"wildcardFolderPath": "CD/EFOS_Daily_Outlet",
							"wildcardFileName": "*.csv"
						},
						"formatSettings": {
							"type": "DelimitedTextReadSettings",
							"skipLineCount": 5
						}
					},
					"sink": {
						"type": "DelimitedTextSink",
						"storeSettings": {
							"type": "AzureBlobFSWriteSettings"
						},
						"formatSettings": {
							"type": "DelimitedTextWriteSettings",
							"quoteAllText": true,
							"fileExtension": ".csv"
						}
					},
					"enableStaging": false,
					"translator": {
						"type": "TabularTranslator",
						"mappings": [
							{
								"source": {
									"type": "String",
									"ordinal": 1
								},
								"sink": {
									"name": "Dt",
									"physicalType": "String"
								}
							},
							{
								"source": {
									"type": "String",
									"ordinal": 2
								},
								"sink": {
									"name": "distributor_code",
									"physicalType": "String"
								}
							},
							{
								"source": {
									"type": "String",
									"ordinal": 3
								},
								"sink": {
									"name": "distributor",
									"physicalType": "String"
								}
							},
							{
								"source": {
									"type": "String",
									"ordinal": 4
								},
								"sink": {
									"name": "site_code",
									"physicalType": "String"
								}
							},
							{
								"source": {
									"type": "String",
									"ordinal": 5
								},
								"sink": {
									"name": "site",
									"physicalType": "String"
								}
							},
							{
								"source": {
									"type": "String",
									"ordinal": 6
								},
								"sink": {
									"name": "salesman_code",
									"physicalType": "String"
								}
							},
							{
								"source": {
									"type": "String",
									"ordinal": 7
								},
								"sink": {
									"name": "salesman",
									"physicalType": "String"
								}
							},
							{
								"source": {
									"type": "String",
									"ordinal": 8
								},
								"sink": {
									"name": "outlet_code",
									"physicalType": "String"
								}
							},
							{
								"source": {
									"type": "String",
									"ordinal": 9
								},
								"sink": {
									"name": "outlet",
									"physicalType": "String"
								}
							},
							{
								"source": {
									"type": "String",
									"ordinal": 10
								},
								"sink": {
									"name": "master_outlet_status_code",
									"physicalType": "String"
								}
							},
							{
								"source": {
									"type": "String",
									"ordinal": 11
								},
								"sink": {
									"name": "master_outlet_status",
									"physicalType": "String"
								}
							},
							{
								"source": {
									"type": "String",
									"ordinal": 12
								},
								"sink": {
									"name": "master_outlet_perfect_score",
									"physicalType": "String"
								}
							},
							{
								"source": {
									"type": "String",
									"ordinal": 13
								},
								"sink": {
									"name": "unnamed",
									"physicalType": "String"
								}
							},
							{
								"source": {
									"type": "String",
									"ordinal": 14
								},
								"sink": {
									"name": "time_in",
									"physicalType": "String"
								}
							},
							{
								"source": {
									"type": "String",
									"ordinal": 15
								},
								"sink": {
									"name": "time_out",
									"physicalType": "String"
								}
							},
							{
								"source": {
									"type": "String",
									"ordinal": 16
								},
								"sink": {
									"name": "actual_outlet_time",
									"physicalType": "String"
								}
							},
							{
								"source": {
									"type": "String",
									"ordinal": 17
								},
								"sink": {
									"name": "effective_outlet_time",
									"physicalType": "String"
								}
							},
							{
								"source": {
									"type": "String",
									"ordinal": 18
								},
								"sink": {
									"name": "total_sales_return",
									"physicalType": "String"
								}
							},
							{
								"source": {
									"type": "String",
									"ordinal": 19
								},
								"sink": {
									"name": "sku_order",
									"physicalType": "String"
								}
							},
							{
								"source": {
									"type": "String",
									"ordinal": 20
								},
								"sink": {
									"name": "geo_complied_calls",
									"physicalType": "String"
								}
							},
							{
								"source": {
									"type": "String",
									"ordinal": 21
								},
								"sink": {
									"name": "pjp_complied_calls",
									"physicalType": "String"
								}
							},
							{
								"source": {
									"type": "String",
									"ordinal": 22
								},
								"sink": {
									"name": "master_longitude",
									"physicalType": "String"
								}
							},
							{
								"source": {
									"type": "String",
									"ordinal": 23
								},
								"sink": {
									"name": "master_latitude",
									"physicalType": "String"
								}
							},
							{
								"source": {
									"type": "String",
									"ordinal": 24
								},
								"sink": {
									"name": "transaction_longitude",
									"physicalType": "String"
								}
							},
							{
								"source": {
									"type": "String",
									"ordinal": 25
								},
								"sink": {
									"name": "transaction_latitude",
									"physicalType": "String"
								}
							},
							{
								"source": {
									"type": "String",
									"ordinal": 26
								},
								"sink": {
									"name": "planned_calls",
									"physicalType": "String"
								}
							}
						],
						"typeConversion": true,
						"typeConversionSettings": {
							"allowDataTruncation": true,
							"treatBooleanAsNumber": false
						}
					}
				},
				"inputs": [
					{
						"referenceName": "DS_ABLB_PDS_KPI",
						"type": "DatasetReference"
					}
				],
				"outputs": [
					{
						"referenceName": "DS_ADLS_TGT_STG_HIST",
						"type": "DatasetReference"
					}
				]
			}
		],
		"variables": {
			"filetype": {
				"type": "String",
				"defaultValue": "Transaction"
			},
			"StagingTargetfolderName": {
				"type": "String",
				"defaultValue": "EFOS_Outlet_Daily"
			}
		},
		"folder": {
			"name": "LODR/Fact Load/Staging to Processed to Transformed Processing"
		},
		"annotations": [],
		"lastPublishTime": "2021-02-12T13:33:04Z"
	},
	"type": "Microsoft.DataFactory/factories/pipelines"
}