{
	"name": "PL_Load_Hist_Outlet",
	"properties": {
		"activities": [
			{
				"name": "ADLS_TO_DWH",
				"type": "Copy",
				"dependsOn": [
					{
						"activity": "Tranform_Hist_Outlet",
						"dependencyConditions": [
							"Succeeded"
						]
					}
				],
				"policy": {
					"timeout": "7.00:00:00",
					"retry": 0,
					"retryIntervalInSeconds": 30,
					"secureOutput": false,
					"secureInput": false
				},
				"userProperties": [],
				"typeProperties": {
					"source": {
						"type": "DelimitedTextSource",
						"storeSettings": {
							"type": "AzureBlobFSReadSettings",
							"recursive": true,
							"wildcardFolderPath": {
								"value": "@concat(variables('folder'),'/',variables('SourcefolderName'))",
								"type": "Expression"
							},
							"wildcardFileName": "*.csv"
						},
						"formatSettings": {
							"type": "DelimitedTextReadSettings"
						}
					},
					"sink": {
						"type": "SqlDWSink",
						"preCopyScript": "truncate table dbo.hist_outlet_map",
						"disableMetricsCollection": false
					},
					"enableStaging": false,
					"translator": {
						"type": "TabularTranslator",
						"mappings": [
							{
								"source": {
									"name": "dt",
									"type": "String"
								},
								"sink": {
									"name": "dt",
									"type": "Int32"
								}
							},
							{
								"source": {
									"name": "old_outlet_code",
									"type": "String"
								},
								"sink": {
									"name": "old_outlet_code",
									"type": "String"
								}
							},
							{
								"source": {
									"name": "new_outlet_code",
									"type": "String"
								},
								"sink": {
									"name": "new_outlet_code",
									"type": "String"
								}
							},
							{
								"source": {
									"name": "distributor_code",
									"type": "String"
								},
								"sink": {
									"name": "distributor_code",
									"type": "String"
								}
							},
							{
								"source": {
									"name": "site_code",
									"type": "String"
								},
								"sink": {
									"name": "site_code",
									"type": "String"
								}
							}
						]
					}
				},
				"inputs": [
					{
						"referenceName": "DS_ADLS_DIM",
						"type": "DatasetReference"
					}
				],
				"outputs": [
					{
						"referenceName": "DS_ASDW_HIST_OL_MAP",
						"type": "DatasetReference"
					}
				]
			},
			{
				"name": "Tranform_Hist_Outlet",
				"type": "DatabricksNotebook",
				"dependsOn": [],
				"policy": {
					"timeout": "7.00:00:00",
					"retry": 0,
					"retryIntervalInSeconds": 30,
					"secureOutput": false,
					"secureInput": false
				},
				"userProperties": [],
				"typeProperties": {
					"notebookPath": "/Shared/EDGE_Analytics/hist_outlet_map",
					"baseParameters": {
						"IP_Hist_Outlet_Mapping": {
							"value": "@pipeline().parameters.Input_Hist_Outlet_Map",
							"type": "Expression"
						},
						"OP_Hist_Outlet_Mapping": {
							"value": "@pipeline().parameters.Output_Hist_Outlet_Map",
							"type": "Expression"
						}
					}
				},
				"linkedServiceName": {
					"referenceName": "LS_ADB",
					"type": "LinkedServiceReference"
				}
			}
		],
		"parameters": {
			"Input_Hist_Outlet_Map": {
				"type": "string",
				"defaultValue": "/mnt/adls/EDGE_Analytics/Datalake/Processed/FMT/"
			},
			"Output_Hist_Outlet_Map": {
				"type": "string",
				"defaultValue": "/mnt/adls/EDGE_Analytics/Datalake/Transformed/Dimensions/Hist_Outlet_Map/"
			}
		},
		"variables": {
			"folder": {
				"type": "String",
				"defaultValue": "EDGE_Analytics/Datalake/Transformed/Dimensions"
			},
			"SourcefolderName": {
				"type": "String",
				"defaultValue": "Hist_Outlet_Map"
			},
			"filetype": {
				"type": "String",
				"defaultValue": "Masters"
			},
			"StagingTargetFolderName": {
				"type": "String",
				"defaultValue": "Historical_Outlet_Mapping"
			}
		},
		"folder": {
			"name": "LODR/Bridge Table Load"
		},
		"annotations": [],
		"lastPublishTime": "2021-02-12T13:32:57Z"
	},
	"type": "Microsoft.DataFactory/factories/pipelines"
}