{
	"name": "PL_Load_Standardized_SPGtoPH_Mapping",
	"properties": {
		"activities": [
			{
				"name": "ADLS_to_DWH",
				"type": "Copy",
				"dependsOn": [
					{
						"activity": "Tranform_SPG",
						"dependencyConditions": [
							"Succeeded"
						]
					}
				],
				"policy": {
					"timeout": "7.00:00:00",
					"retry": 0,
					"retryIntervalInSeconds": 30,
					"secureOutput": false,
					"secureInput": false
				},
				"userProperties": [],
				"typeProperties": {
					"source": {
						"type": "DelimitedTextSource",
						"storeSettings": {
							"type": "AzureBlobFSReadSettings",
							"recursive": true,
							"wildcardFolderPath": {
								"value": "@concat(variables('filepath'),'/',variables('SourceFolderName'))",
								"type": "Expression"
							},
							"wildcardFileName": "*.csv"
						},
						"formatSettings": {
							"type": "DelimitedTextReadSettings"
						}
					},
					"sink": {
						"type": "SqlDWSink",
						"preCopyScript": "truncate table dbo.map_spg_to_PH",
						"disableMetricsCollection": false
					},
					"enableStaging": false,
					"translator": {
						"type": "TabularTranslator",
						"mappings": [
							{
								"source": {
									"name": "salesforce",
									"type": "String",
									"physicalType": "String"
								},
								"sink": {
									"name": "salesforce",
									"type": "String",
									"physicalType": "varchar"
								}
							},
							{
								"source": {
									"name": "standardised_spg",
									"type": "String",
									"physicalType": "String"
								},
								"sink": {
									"name": "standardised_SPG",
									"type": "String",
									"physicalType": "varchar"
								}
							},
							{
								"source": {
									"name": "product_hierarchy",
									"type": "String",
									"physicalType": "String"
								},
								"sink": {
									"name": "product_hierarchy",
									"type": "String",
									"physicalType": "varchar"
								}
							}
						],
						"typeConversion": true,
						"typeConversionSettings": {
							"allowDataTruncation": true,
							"treatBooleanAsNumber": false
						}
					}
				},
				"inputs": [
					{
						"referenceName": "DS_ADLS_DIM",
						"type": "DatasetReference"
					}
				],
				"outputs": [
					{
						"referenceName": "AzureSynapseAnalyticsTable1",
						"type": "DatasetReference"
					}
				]
			},
			{
				"name": "Tranform_SPG",
				"type": "DatabricksNotebook",
				"dependsOn": [],
				"policy": {
					"timeout": "7.00:00:00",
					"retry": 0,
					"retryIntervalInSeconds": 30,
					"secureOutput": false,
					"secureInput": false
				},
				"userProperties": [],
				"typeProperties": {
					"notebookPath": "/Shared/EDGE_Analytics/SPHtoPH_MAP",
					"baseParameters": {
						"IP_SPG_TO_PH_MAP": {
							"value": "@pipeline().parameters.Input_SPG_TO_PH_MAP",
							"type": "Expression"
						},
						"OP_SPG_TO_PH_MAP": {
							"value": "@pipeline().parameters.Output_SPG_TO_PH_MAP",
							"type": "Expression"
						}
					}
				},
				"linkedServiceName": {
					"referenceName": "LS_ADB",
					"type": "LinkedServiceReference"
				}
			}
		],
		"parameters": {
			"Input_SPG_TO_PH_MAP": {
				"type": "string",
				"defaultValue": "/mnt/adls/EDGE_Analytics/Datalake/Processed/FMT/"
			},
			"Output_SPG_TO_PH_MAP": {
				"type": "string",
				"defaultValue": "/mnt/adls/EDGE_Analytics/Datalake/Transformed/Dimensions/SPG_TO_PH_MAP/"
			}
		},
		"variables": {
			"filepath": {
				"type": "String",
				"defaultValue": "EDGE_Analytics/Datalake/Transformed/Dimensions"
			},
			"SourceFolderName": {
				"type": "String",
				"defaultValue": "SPG_TO_PH_MAP"
			}
		},
		"folder": {
			"name": "LODR/Bridge Table Load"
		},
		"annotations": []
	}
}