{
	"name": "PL_Load_Staging_Transaction_Daily_SPG_Outlet",
	"properties": {
		"activities": [
			{
				"name": "Transform_Daily_SPG_Outlet_Mapping",
				"type": "DatabricksNotebook",
				"dependsOn": [
					{
						"activity": "PDS_Sandbox_TO_ADLS",
						"dependencyConditions": [
							"Succeeded"
						]
					}
				],
				"policy": {
					"timeout": "7.00:00:00",
					"retry": 0,
					"retryIntervalInSeconds": 30,
					"secureOutput": false,
					"secureInput": false
				},
				"userProperties": [],
				"typeProperties": {
					"notebookPath": "/Shared/EDGE_Analytics/Daily_SPG_Outlet_Map"
				},
				"linkedServiceName": {
					"referenceName": "LS_ADB",
					"type": "LinkedServiceReference"
				}
			},
			{
				"name": "Copy data to SQLDW",
				"type": "Copy",
				"dependsOn": [
					{
						"activity": "Transform_Daily_SPG_Outlet_Mapping",
						"dependencyConditions": [
							"Succeeded"
						]
					}
				],
				"policy": {
					"timeout": "7.00:00:00",
					"retry": 0,
					"retryIntervalInSeconds": 30,
					"secureOutput": false,
					"secureInput": false
				},
				"userProperties": [],
				"typeProperties": {
					"source": {
						"type": "ParquetSource",
						"storeSettings": {
							"type": "AzureBlobFSReadSettings",
							"recursive": true,
							"wildcardFolderPath": "EDGE_Analytics/Datalake/Transformed/Dimensions/ref_daily_spg_outlet_map",
							"wildcardFileName": "*",
							"enablePartitionDiscovery": false
						}
					},
					"sink": {
						"type": "SqlDWSink",
						"preCopyScript": {
							"value": "truncate table dbo.ref_daily_spg_outlet_map;",
							"type": "Expression"
						},
						"maxConcurrentConnections": 10,
						"allowPolyBase": true,
						"polyBaseSettings": {
							"rejectValue": 0,
							"rejectType": "value",
							"useTypeDefault": true
						},
						"disableMetricsCollection": false
					},
					"enableStaging": false,
					"parallelCopies": 10,
					"dataIntegrationUnits": 18,
					"translator": {
						"type": "TabularTranslator",
						"mappings": [
							{
								"source": {
									"name": "site_code",
									"type": "String"
								},
								"sink": {
									"name": "site_code",
									"type": "String"
								}
							},
							{
								"source": {
									"name": "master_outlet_code",
									"type": "String"
								},
								"sink": {
									"name": "master_outlet_code",
									"type": "String"
								}
							},
							{
								"source": {
									"name": "transactional_salesman_code",
									"type": "String"
								},
								"sink": {
									"name": "transactional_salesman_code",
									"type": "String"
								}
							},
							{
								"source": {
									"name": "salesman_product_group_code",
									"type": "String"
								},
								"sink": {
									"name": "salesman_product_group_code",
									"type": "String"
								}
							},
							{
								"source": {
									"name": "time_key",
									"type": "Int32"
								},
								"sink": {
									"name": "time_key",
									"type": "Int32"
								}
							},
							{
								"source": {
									"name": "num_slsp",
									"type": "Int32"
								},
								"sink": {
									"name": "salespersons",
									"type": "Int32"
								}
							},
							{
								"source": {
									"name": "orig",
									"type": "String"
								},
								"sink": {
									"name": "expected_spg",
									"type": "String"
								}
							},
							{
								"source": {
									"name": "division",
									"type": "String"
								},
								"sink": {
									"name": "division",
									"type": "String"
								}
							}
						]
					}
				},
				"inputs": [
					{
						"referenceName": "DS_ADLS",
						"type": "DatasetReference"
					}
				],
				"outputs": [
					{
						"referenceName": "DS_ASDW_ref_daily_spg_outlet_map",
						"type": "DatasetReference"
					}
				]
			},
			{
				"name": "PDS_Sandbox_TO_ADLS",
				"type": "Copy",
				"dependsOn": [],
				"policy": {
					"timeout": "7.00:00:00",
					"retry": 0,
					"retryIntervalInSeconds": 30,
					"secureOutput": false,
					"secureInput": false
				},
				"userProperties": [],
				"typeProperties": {
					"source": {
						"type": "DelimitedTextSource",
						"storeSettings": {
							"type": "AzureBlobStorageReadSettings",
							"recursive": true,
							"modifiedDatetimeStart": {
								"value": "@adddays(utcnow(),-21)",
								"type": "Expression"
							},
							"wildcardFolderPath": "bot_extractions/leveredge/spg_dailymap",
							"wildcardFileName": "*.csv"
						},
						"formatSettings": {
							"type": "DelimitedTextReadSettings",
							"skipLineCount": 6
						}
					},
					"sink": {
						"type": "DelimitedTextSink",
						"storeSettings": {
							"type": "AzureBlobFSWriteSettings"
						},
						"formatSettings": {
							"type": "DelimitedTextWriteSettings",
							"quoteAllText": true,
							"fileExtension": ".csv"
						}
					},
					"enableStaging": false,
					"enableSkipIncompatibleRow": true,
					"translator": {
						"type": "TabularTranslator",
						"typeConversion": true,
						"typeConversionSettings": {
							"allowDataTruncation": true,
							"treatBooleanAsNumber": false
						}
					}
				},
				"inputs": [
					{
						"referenceName": "DS_ABLB_PDS_Sandbox",
						"type": "DatasetReference",
						"parameters": {
							"folders": "bot_extractions/leveredge/spg_dailymap"
						}
					}
				],
				"outputs": [
					{
						"referenceName": "DS_ADLS_TGT_STG_HIST",
						"type": "DatasetReference"
					}
				]
			}
		],
		"variables": {
			"filetype": {
				"type": "String",
				"defaultValue": "Transaction"
			},
			"StagingTargetfolderName": {
				"type": "String",
				"defaultValue": "Daily_SPG_Outlet"
			}
		},
		"folder": {
			"name": "LODR/Ref Data Load"
		},
		"annotations": [],
		"lastPublishTime": "2021-05-12T14:07:02Z"
	},
	"type": "Microsoft.DataFactory/factories/pipelines"
}