{
	"name": "PL_Load_Fact_DSS_Incremental",
	"properties": {
		"activities": [
			{
				"name": "Process Daily Sales Incremental",
				"type": "DatabricksNotebook",
				"dependsOn": [
					{
						"activity": "Set ProcessingTimeKey",
						"dependencyConditions": [
							"Succeeded"
						]
					},
					{
						"activity": "Set TimeKeyST",
						"dependencyConditions": [
							"Succeeded"
						]
					},
					{
						"activity": "Set TimeKeyED",
						"dependencyConditions": [
							"Succeeded"
						]
					}
				],
				"policy": {
					"timeout": "7.00:00:00",
					"retry": 0,
					"retryIntervalInSeconds": 30,
					"secureOutput": false,
					"secureInput": false
				},
				"userProperties": [],
				"typeProperties": {
					"notebookPath": "/Shared/EDGE_Analytics/DSS - DailyIncrementalLoad",
					"baseParameters": {
						"ProcessingTimeKey": {
							"value": "@variables('ProcessingTimeKey')",
							"type": "Expression"
						}
					}
				},
				"linkedServiceName": {
					"referenceName": "LS_ADB",
					"type": "LinkedServiceReference"
				}
			},
			{
				"name": "Set ProcessingTimeKey",
				"type": "SetVariable",
				"dependsOn": [],
				"userProperties": [],
				"typeProperties": {
					"variableName": "ProcessingTimeKey",
					"value": {
						"value": "@if(equals(1,1),formatDateTime(adddays(utcnow(),-1), 'yyyyMMdd'), '20201227')",
						"type": "Expression"
					}
				}
			},
			{
				"name": "Copy Incremental Daily Sales SQLDW",
				"type": "Copy",
				"dependsOn": [
					{
						"activity": "Process Daily Sales Incremental",
						"dependencyConditions": [
							"Succeeded"
						]
					}
				],
				"policy": {
					"timeout": "7.00:00:00",
					"retry": 0,
					"retryIntervalInSeconds": 30,
					"secureOutput": false,
					"secureInput": false
				},
				"userProperties": [],
				"typeProperties": {
					"source": {
						"type": "ParquetSource",
						"storeSettings": {
							"type": "AzureBlobFSReadSettings",
							"recursive": true,
							"wildcardFolderPath": {
								"value": "EDGE_Analytics/Datalake/temp/temp_fact_daily_sales",
								"type": "Expression"
							},
							"wildcardFileName": "*",
							"enablePartitionDiscovery": false
						}
					},
					"sink": {
						"type": "SqlDWSink",
						"preCopyScript": {
							"value": "@{concat('delete from dbo.fact_daily_sales where time_key between ',variables('TimeKeyST'),' and ',variables('TimeKeyED'))}",
							"type": "Expression"
						},
						"maxConcurrentConnections": 10,
						"allowPolyBase": true,
						"polyBaseSettings": {
							"rejectValue": 0,
							"rejectType": "value",
							"useTypeDefault": true
						},
						"disableMetricsCollection": false
					},
					"enableStaging": false,
					"parallelCopies": 20,
					"dataIntegrationUnits": 18,
					"translator": {
						"type": "TabularTranslator",
						"mappings": [
							{
								"source": {
									"name": "country_code",
									"type": "String"
								},
								"sink": {
									"name": "country_code"
								}
							},
							{
								"source": {
									"name": "product_code",
									"type": "String"
								},
								"sink": {
									"name": "product_code"
								}
							},
							{
								"source": {
									"name": "invoice_number",
									"type": "String"
								},
								"sink": {
									"name": "invoice_number"
								}
							},
							{
								"source": {
									"name": "site_code_year",
									"type": "String"
								},
								"sink": {
									"name": "site_code_year"
								}
							},
							{
								"source": {
									"name": "transactional_distributor_code",
									"type": "String"
								},
								"sink": {
									"name": "transactional_distributor_code"
								}
							},
							{
								"source": {
									"name": "transactional_site_code",
									"type": "String"
								},
								"sink": {
									"name": "transactional_site_code"
								}
							},
							{
								"source": {
									"name": "transactional_outlet_code",
									"type": "String"
								},
								"sink": {
									"name": "transactional_outlet_code"
								}
							},
							{
								"source": {
									"name": "invoice_date",
									"type": "DateTime"
								},
								"sink": {
									"name": "invoice_date"
								}
							},
							{
								"source": {
									"name": "transactional_salesman_code",
									"type": "String"
								},
								"sink": {
									"name": "transactional_salesman_code"
								}
							},
							{
								"source": {
									"name": "invoicetype",
									"type": "String"
								},
								"sink": {
									"name": "invoicetype"
								}
							},
							{
								"source": {
									"name": "customer_ZRSS_flag",
									"type": "String"
								},
								"sink": {
									"name": "customer_ZRSS_flag"
								}
							},
							{
								"source": {
									"name": "sales_ret_ref_invoice_number",
									"type": "String"
								},
								"sink": {
									"name": "sales_ret_ref_invoice_number"
								}
							},
							{
								"source": {
									"name": "gross_sales_val",
									"type": "Double"
								},
								"sink": {
									"name": "gross_sales_val"
								}
							},
							{
								"source": {
									"name": "gross_sales_val_mn",
									"type": "Double"
								},
								"sink": {
									"name": "gsv_million"
								}
							},
							{
								"source": {
									"name": "net_invoice_val",
									"type": "Double"
								},
								"sink": {
									"name": "net_invoice_val"
								}
							},
							{
								"source": {
									"name": "gross_sales_return_val",
									"type": "Double"
								},
								"sink": {
									"name": "gross_sales_return_val"
								}
							},
							{
								"source": {
									"name": "sales_return_val",
									"type": "Double"
								},
								"sink": {
									"name": "sales_return_val"
								}
							},
							{
								"source": {
									"name": "on_invoice_discount_val",
									"type": "Double"
								},
								"sink": {
									"name": "on_invoice_discount_val"
								}
							},
							{
								"source": {
									"name": "value_added_tax",
									"type": "Double"
								},
								"sink": {
									"name": "value_added_tax"
								}
							},
							{
								"source": {
									"name": "off_inv_discount_val",
									"type": "Double"
								},
								"sink": {
									"name": "off_inv_discount_val"
								}
							},
							{
								"source": {
									"name": "turn_over_val",
									"type": "Double"
								},
								"sink": {
									"name": "turn_over_val"
								}
							},
							{
								"source": {
									"name": "sales_with_return_pc_qty",
									"type": "Int32"
								},
								"sink": {
									"name": "sales_with_return_pc_qty"
								}
							},
							{
								"source": {
									"name": "sales_return_pc_qty",
									"type": "Int32"
								},
								"sink": {
									"name": "sales_return_pc_qty"
								}
							},
							{
								"source": {
									"name": "sales_pc_qty",
									"type": "Int32"
								},
								"sink": {
									"name": "sales_pc_qty"
								}
							},
							{
								"source": {
									"name": "sales_cs_vol",
									"type": "Double"
								},
								"sink": {
									"name": "sales_cs_vol"
								}
							},
							{
								"source": {
									"name": "sales_kg_vol",
									"type": "Double"
								},
								"sink": {
									"name": "sales_kg_vol"
								}
							},
							{
								"source": {
									"name": "sales_lt_vol",
									"type": "Double"
								},
								"sink": {
									"name": "sales_lt_vol"
								}
							},
							{
								"source": {
									"name": "free_pc_qty",
									"type": "Int32"
								},
								"sink": {
									"name": "free_pc_qty"
								}
							},
							{
								"source": {
									"name": "salesforce",
									"type": "String"
								},
								"sink": {
									"name": "salesforce"
								}
							},
							{
								"source": {
									"name": "brand",
									"type": "String"
								},
								"sink": {
									"name": "brand"
								}
							},
							{
								"source": {
									"name": "category_code",
									"type": "String"
								},
								"sink": {
									"name": "category_code"
								}
							},
							{
								"source": {
									"name": "brand_cat_core",
									"type": "String"
								},
								"sink": {
									"name": "brand_cat_core"
								}
							},
							{
								"source": {
									"name": "year_id",
									"type": "Int32"
								},
								"sink": {
									"name": "year_id"
								}
							},
							{
								"source": {
									"name": "month_id",
									"type": "Int32"
								},
								"sink": {
									"name": "month_id"
								}
							},
							{
								"source": {
									"name": "time_key",
									"type": "Int32"
								},
								"sink": {
									"name": "time_key"
								}
							},
							{
								"source": {
									"name": "insert_ts",
									"type": "DateTime"
								},
								"sink": {
									"name": "insert_ts"
								}
							},
							{
								"source": {
									"name": "update_ts",
									"type": "DateTime"
								},
								"sink": {
									"name": "update_ts"
								}
							}
						]
					}
				},
				"inputs": [
					{
						"referenceName": "DS_ADLS",
						"type": "DatasetReference"
					}
				],
				"outputs": [
					{
						"referenceName": "DS_ASDW_FACT_DAILY_SALES",
						"type": "DatasetReference"
					}
				]
			},
			{
				"name": "Set TimeKeyST",
				"type": "SetVariable",
				"dependsOn": [],
				"userProperties": [],
				"typeProperties": {
					"variableName": "TimeKeyST",
					"value": {
						"value": "@if(equals(1,1),formatDateTime(adddays(utcnow(),-7), 'yyyyMMdd'), '20201221')",
						"type": "Expression"
					}
				}
			},
			{
				"name": "Set TimeKeyED",
				"type": "SetVariable",
				"dependsOn": [],
				"userProperties": [],
				"typeProperties": {
					"variableName": "TimeKeyED",
					"value": {
						"value": "@if(equals(1,1),formatDateTime(adddays(utcnow(),-1), 'yyyyMMdd'), '20201227')",
						"type": "Expression"
					}
				}
			},
			{
				"name": "Daily Sales Compute Stats",
				"type": "SqlServerStoredProcedure",
				"dependsOn": [
					{
						"activity": "Copy Incremental Daily Sales SQLDW",
						"dependencyConditions": [
							"Succeeded"
						]
					}
				],
				"policy": {
					"timeout": "7.00:00:00",
					"retry": 0,
					"retryIntervalInSeconds": 30,
					"secureOutput": false,
					"secureInput": false
				},
				"userProperties": [],
				"typeProperties": {
					"storedProcedureName": "[dbo].[computeStatsFactDailySales]"
				},
				"linkedServiceName": {
					"referenceName": "LS_ASDW",
					"type": "LinkedServiceReference"
				}
			}
		],
		"variables": {
			"ProcessingTimeKey": {
				"type": "String",
				"defaultValue": "20201205"
			},
			"TimeKeyST": {
				"type": "String",
				"defaultValue": "20201129"
			},
			"TimeKeyED": {
				"type": "String",
				"defaultValue": "20201205"
			}
		},
		"folder": {
			"name": "LODR/Fact Load"
		},
		"annotations": [],
		"lastPublishTime": "2021-02-01T07:04:18Z"
	},
	"type": "Microsoft.DataFactory/factories/pipelines"
}