{
	"name": "PL_Load_Ref_Update_TargetDistributorSiteCategory",
	"properties": {
		"activities": [
			{
				"name": "Transform_Update_TargetDistributorSiteCategory",
				"type": "DatabricksNotebook",
				"dependsOn": [
					{
						"activity": "Set ProcessingYear",
						"dependencyConditions": [
							"Succeeded"
						]
					}
				],
				"policy": {
					"timeout": "7.00:00:00",
					"retry": 0,
					"retryIntervalInSeconds": 30,
					"secureOutput": false,
					"secureInput": false
				},
				"userProperties": [],
				"typeProperties": {
					"notebookPath": "/Shared/EDGE_Analytics/REF - UpdateTargetDistributorSiteCategory",
					"baseParameters": {
						"ProcessingYear": {
							"value": "@variables('year')",
							"type": "Expression"
						}
					}
				},
				"linkedServiceName": {
					"referenceName": "LS_ADB",
					"type": "LinkedServiceReference"
				}
			},
			{
				"name": "Set ProcessingYear",
				"type": "SetVariable",
				"dependsOn": [],
				"userProperties": [],
				"typeProperties": {
					"variableName": "year",
					"value": {
						"value": "@formatDateTime(utcnow(),'yyyy')",
						"type": "Expression"
					}
				}
			},
			{
				"name": "Copy To SQLDW",
				"type": "Copy",
				"dependsOn": [
					{
						"activity": "Transform_Update_TargetDistributorSiteCategory",
						"dependencyConditions": [
							"Succeeded"
						]
					}
				],
				"policy": {
					"timeout": "7.00:00:00",
					"retry": 0,
					"retryIntervalInSeconds": 30,
					"secureOutput": false,
					"secureInput": false
				},
				"userProperties": [],
				"typeProperties": {
					"source": {
						"type": "ParquetSource",
						"storeSettings": {
							"type": "AzureBlobFSReadSettings",
							"recursive": true,
							"wildcardFolderPath": {
								"value": "EDGE_Analytics/Datalake/temp/temp_ref_dist_site_cat_sales",
								"type": "Expression"
							},
							"wildcardFileName": "*.parquet",
							"enablePartitionDiscovery": false
						}
					},
					"sink": {
						"type": "SqlDWSink",
						"preCopyScript": {
							"value": "@{concat('delete from dbo.tgt_distributor_site_category where year=',variables('year'))}",
							"type": "Expression"
						},
						"disableMetricsCollection": false
					},
					"enableStaging": false,
					"translator": {
						"type": "TabularTranslator",
						"mappings": [
							{
								"source": {
									"name": "year",
									"type": "Int32",
									"physicalType": "INT32"
								},
								"sink": {
									"name": "year",
									"type": "Int32",
									"physicalType": "int"
								}
							},
							{
								"source": {
									"name": "year_month",
									"type": "Int32",
									"physicalType": "INT32"
								},
								"sink": {
									"name": "year_month",
									"type": "Int32",
									"physicalType": "int"
								}
							},
							{
								"source": {
									"name": "distributor_code",
									"type": "String",
									"physicalType": "UTF8"
								},
								"sink": {
									"name": "distributor_code",
									"type": "Int32",
									"physicalType": "int"
								}
							},
							{
								"source": {
									"name": "site_code",
									"type": "String",
									"physicalType": "UTF8"
								},
								"sink": {
									"name": "site_code",
									"type": "String",
									"physicalType": "varchar"
								}
							},
							{
								"source": {
									"name": "master_prod_cat_code",
									"type": "String",
									"physicalType": "UTF8"
								},
								"sink": {
									"name": "master_product_Category_code",
									"type": "String",
									"physicalType": "varchar"
								}
							},
							{
								"source": {
									"name": "month",
									"type": "String",
									"physicalType": "UTF8"
								},
								"sink": {
									"name": "month",
									"type": "String",
									"physicalType": "varchar"
								}
							},
							{
								"source": {
									"name": "before_transition_target",
									"type": "Single",
									"physicalType": "FLOAT"
								},
								"sink": {
									"name": "before_transition_target",
									"type": "Single",
									"physicalType": "float"
								}
							},
							{
								"source": {
									"name": "after_transition_target",
									"type": "Single",
									"physicalType": "FLOAT"
								},
								"sink": {
									"name": "after_transition_target",
									"type": "Single",
									"physicalType": "float"
								}
							}
						],
						"typeConversion": true,
						"typeConversionSettings": {
							"allowDataTruncation": true,
							"treatBooleanAsNumber": false
						}
					}
				},
				"inputs": [
					{
						"referenceName": "DS_ADLS_TEMP",
						"type": "DatasetReference"
					}
				],
				"outputs": [
					{
						"referenceName": "DS_ASDW_TGT_DIST",
						"type": "DatasetReference"
					}
				]
			}
		],
		"variables": {
			"year": {
				"type": "String",
				"defaultValue": "2020"
			}
		},
		"folder": {
			"name": "LODR/Ref Data Load"
		},
		"annotations": []
	}
}