{
	"name": "PL_Load_Staging_Transaction_FCS_Salesperson",
	"properties": {
		"activities": [
			{
				"name": "PDS_BLOB_TO_ADLS",
				"type": "Copy",
				"dependsOn": [],
				"policy": {
					"timeout": "7.00:00:00",
					"retry": 0,
					"retryIntervalInSeconds": 30,
					"secureOutput": false,
					"secureInput": false
				},
				"userProperties": [],
				"typeProperties": {
					"source": {
						"type": "DelimitedTextSource",
						"storeSettings": {
							"type": "AzureBlobStorageReadSettings",
							"recursive": true,
							"wildcardFolderPath": "CD/FCS_Salesperson",
							"wildcardFileName": "*.csv",
							"enablePartitionDiscovery": false
						},
						"formatSettings": {
							"type": "DelimitedTextReadSettings",
							"skipLineCount": 7
						}
					},
					"sink": {
						"type": "DelimitedTextSink",
						"storeSettings": {
							"type": "AzureBlobFSWriteSettings"
						},
						"formatSettings": {
							"type": "DelimitedTextWriteSettings",
							"quoteAllText": true,
							"fileExtension": ".csv"
						}
					},
					"enableStaging": false,
					"translator": {
						"type": "TabularTranslator",
						"mappings": [
							{
								"source": {
									"type": "String",
									"ordinal": 1
								},
								"sink": {
									"name": "calender_month",
									"physicalType": "String"
								}
							},
							{
								"source": {
									"type": "String",
									"ordinal": 2
								},
								"sink": {
									"name": "distributor_code",
									"physicalType": "String"
								}
							},
							{
								"source": {
									"type": "String",
									"ordinal": 3
								},
								"sink": {
									"name": "distributor",
									"physicalType": "String"
								}
							},
							{
								"source": {
									"type": "String",
									"ordinal": 4
								},
								"sink": {
									"name": "site_code",
									"physicalType": "String"
								}
							},
							{
								"source": {
									"type": "String",
									"ordinal": 5
								},
								"sink": {
									"name": "site",
									"physicalType": "String"
								}
							},
							{
								"source": {
									"type": "String",
									"ordinal": 6
								},
								"sink": {
									"name": "salesman_code",
									"physicalType": "String"
								}
							},
							{
								"source": {
									"type": "String",
									"ordinal": 7
								},
								"sink": {
									"name": "salesman",
									"physicalType": "String"
								}
							},
							{
								"source": {
									"type": "String",
									"ordinal": 8
								},
								"sink": {
									"name": "active_shop_in_pjp",
									"physicalType": "String"
								}
							},
							{
								"source": {
									"type": "String",
									"ordinal": 9
								},
								"sink": {
									"name": "eco_actual",
									"physicalType": "String"
								}
							},
							{
								"source": {
									"type": "String",
									"ordinal": 10
								},
								"sink": {
									"name": "calls_to_be_visited",
									"physicalType": "String"
								}
							},
							{
								"source": {
									"type": "String",
									"ordinal": 11
								},
								"sink": {
									"name": "PC_total_number_of_invoices",
									"physicalType": "String"
								}
							},
							{
								"source": {
									"type": "String",
									"ordinal": 12
								},
								"sink": {
									"name": "total_sku_line",
									"physicalType": "String"
								}
							},
							{
								"source": {
									"type": "String",
									"ordinal": 13
								},
								"sink": {
									"name": "gsv",
									"physicalType": "String"
								}
							}
						],
						"typeConversion": true,
						"typeConversionSettings": {
							"allowDataTruncation": true,
							"treatBooleanAsNumber": false
						}
					}
				},
				"inputs": [
					{
						"referenceName": "DS_ABLB_PDS_KPI",
						"type": "DatasetReference"
					}
				],
				"outputs": [
					{
						"referenceName": "DS_ADLS_TGT_STG_HIST",
						"type": "DatasetReference"
					}
				]
			}
		],
		"variables": {
			"filetype": {
				"type": "String",
				"defaultValue": "Transaction"
			},
			"StagingTargetfolderName": {
				"type": "String",
				"defaultValue": "FCS_Salesperson"
			}
		},
		"folder": {
			"name": "LODR/Fact Load/Staging to Processed to Transformed Processing"
		},
		"annotations": [],
		"lastPublishTime": "2021-02-12T13:33:05Z"
	},
	"type": "Microsoft.DataFactory/factories/pipelines"
}