{
	"name": "PL_MASTER_TTS",
	"properties": {
		"activities": [
			{
				"name": "MetaData GiftMaster",
				"type": "GetMetadata",
				"dependsOn": [
					{
						"activity": "Set RunDate",
						"dependencyConditions": [
							"Succeeded"
						]
					}
				],
				"policy": {
					"timeout": "7.00:00:00",
					"retry": 0,
					"retryIntervalInSeconds": 30,
					"secureOutput": false,
					"secureInput": false
				},
				"userProperties": [],
				"typeProperties": {
					"dataset": {
						"referenceName": "DS_ABLB_PDS",
						"type": "DatasetReference",
						"parameters": {
							"RootFolder": {
								"value": "@pipeline().globalParameters.TTS_PDS_STG_MTHLY",
								"type": "Expression"
							},
							"SubFolder": "MappingGiftMaster"
						}
					},
					"fieldList": [
						"itemName",
						"childItems"
					],
					"storeSettings": {
						"type": "AzureBlobStorageReadSettings",
						"enablePartitionDiscovery": false
					},
					"formatSettings": {
						"type": "DelimitedTextReadSettings"
					}
				}
			},
			{
				"name": "Set Count_OBJ_GiftMaster",
				"type": "SetVariable",
				"dependsOn": [
					{
						"activity": "MetaData GiftMaster",
						"dependencyConditions": [
							"Succeeded"
						]
					}
				],
				"userProperties": [],
				"typeProperties": {
					"variableName": "Count_OBJ_GiftMaster",
					"value": {
						"value": "@string(length(activity('MetaData GiftMaster').output.childItems))",
						"type": "Expression"
					}
				}
			},
			{
				"name": "If Condition1",
				"type": "IfCondition",
				"dependsOn": [
					{
						"activity": "Set Count_OBJ_GiftMaster",
						"dependencyConditions": [
							"Succeeded"
						]
					},
					{
						"activity": "Set Count_OBJ_GiftPriceMaster",
						"dependencyConditions": [
							"Succeeded"
						]
					},
					{
						"activity": "Set Count_OBJ_IOMaster",
						"dependencyConditions": [
							"Succeeded"
						]
					},
					{
						"activity": "Set Count_OBJ_ArticleMaster",
						"dependencyConditions": [
							"Succeeded"
						]
					}
				],
				"userProperties": [],
				"typeProperties": {
					"expression": {
						"value": "@and(equals(int(variables('Count_OBJ_GiftMaster')),2),and(equals(int(variables('Count_OBJ_GiftPriceMaster')),2),and(equals(int(variables('Count_OBJ_IOMaster')),2),equals(int(variables('Count_OBJ_ArticleMaster')),2))))",
						"type": "Expression"
					},
					"ifTrueActivities": [
						{
							"name": "Execute PL_MAIN_MonthlyLoad",
							"type": "ExecutePipeline",
							"dependsOn": [],
							"userProperties": [],
							"typeProperties": {
								"pipeline": {
									"referenceName": "PL_MAIN_MonthlyLoad",
									"type": "PipelineReference"
								},
								"waitOnCompletion": true,
								"parameters": {
									"RefreshDate": {
										"value": "@variables('RunDate')",
										"type": "Expression"
									}
								}
							}
						}
					]
				}
			},
			{
				"name": "MetaData GiftPriceMaster",
				"type": "GetMetadata",
				"dependsOn": [
					{
						"activity": "Set RunDate",
						"dependencyConditions": [
							"Succeeded"
						]
					}
				],
				"policy": {
					"timeout": "7.00:00:00",
					"retry": 0,
					"retryIntervalInSeconds": 30,
					"secureOutput": false,
					"secureInput": false
				},
				"userProperties": [],
				"typeProperties": {
					"dataset": {
						"referenceName": "DS_ABLB_PDS",
						"type": "DatasetReference",
						"parameters": {
							"RootFolder": {
								"value": "@pipeline().globalParameters.TTS_PDS_STG_MTHLY",
								"type": "Expression"
							},
							"SubFolder": "MappingGiftPriceMaster"
						}
					},
					"fieldList": [
						"itemName",
						"childItems"
					],
					"storeSettings": {
						"type": "AzureBlobStorageReadSettings",
						"enablePartitionDiscovery": false
					},
					"formatSettings": {
						"type": "DelimitedTextReadSettings"
					}
				}
			},
			{
				"name": "Set Count_OBJ_GiftPriceMaster",
				"type": "SetVariable",
				"dependsOn": [
					{
						"activity": "MetaData GiftPriceMaster",
						"dependencyConditions": [
							"Succeeded"
						]
					}
				],
				"userProperties": [],
				"typeProperties": {
					"variableName": "Count_OBJ_GiftPriceMaster",
					"value": {
						"value": "@string(length(activity('MetaData GiftPriceMaster').output.childItems))",
						"type": "Expression"
					}
				}
			},
			{
				"name": "Metadata IOMaster",
				"type": "GetMetadata",
				"dependsOn": [
					{
						"activity": "Set RunDate",
						"dependencyConditions": [
							"Succeeded"
						]
					}
				],
				"policy": {
					"timeout": "7.00:00:00",
					"retry": 0,
					"retryIntervalInSeconds": 30,
					"secureOutput": false,
					"secureInput": false
				},
				"userProperties": [],
				"typeProperties": {
					"dataset": {
						"referenceName": "DS_ABLB_PDS",
						"type": "DatasetReference",
						"parameters": {
							"RootFolder": {
								"value": "@pipeline().globalParameters.TTS_PDS_STG_MTHLY",
								"type": "Expression"
							},
							"SubFolder": "MappingIOMaster"
						}
					},
					"fieldList": [
						"itemName",
						"childItems"
					],
					"storeSettings": {
						"type": "AzureBlobStorageReadSettings",
						"enablePartitionDiscovery": false
					},
					"formatSettings": {
						"type": "DelimitedTextReadSettings"
					}
				}
			},
			{
				"name": "Set Count_OBJ_IOMaster",
				"type": "SetVariable",
				"dependsOn": [
					{
						"activity": "Metadata IOMaster",
						"dependencyConditions": [
							"Succeeded"
						]
					}
				],
				"userProperties": [],
				"typeProperties": {
					"variableName": "Count_OBJ_IOMaster",
					"value": {
						"value": "@string(length(activity('Metadata IOMaster').output.childItems))",
						"type": "Expression"
					}
				}
			},
			{
				"name": "Metadata ArticleMaster",
				"type": "GetMetadata",
				"dependsOn": [
					{
						"activity": "Set RunDate",
						"dependencyConditions": [
							"Succeeded"
						]
					}
				],
				"policy": {
					"timeout": "7.00:00:00",
					"retry": 0,
					"retryIntervalInSeconds": 30,
					"secureOutput": false,
					"secureInput": false
				},
				"userProperties": [],
				"typeProperties": {
					"dataset": {
						"referenceName": "DS_ABLB_PDS",
						"type": "DatasetReference",
						"parameters": {
							"RootFolder": {
								"value": "@pipeline().globalParameters.TTS_PDS_STG_MTHLY",
								"type": "Expression"
							},
							"SubFolder": "MappingArticleMaster"
						}
					},
					"fieldList": [
						"itemName",
						"childItems"
					],
					"storeSettings": {
						"type": "AzureBlobStorageReadSettings",
						"enablePartitionDiscovery": false
					},
					"formatSettings": {
						"type": "DelimitedTextReadSettings"
					}
				}
			},
			{
				"name": "Set Count_OBJ_ArticleMaster",
				"type": "SetVariable",
				"dependsOn": [
					{
						"activity": "Metadata ArticleMaster",
						"dependencyConditions": [
							"Succeeded"
						]
					}
				],
				"userProperties": [],
				"typeProperties": {
					"variableName": "Count_OBJ_ArticleMaster",
					"value": {
						"value": "@string(length(activity('Metadata ArticleMaster').output.childItems))",
						"type": "Expression"
					}
				}
			},
			{
				"name": "Set RunDate",
				"type": "SetVariable",
				"dependsOn": [],
				"userProperties": [],
				"typeProperties": {
					"variableName": "RunDate",
					"value": {
						"value": "@formatDateTime(addToTime(utcnow(),-1,'Month'),'yyyyMMdd')",
						"type": "Expression"
					}
				}
			}
		],
		"variables": {
			"Count_OBJ_GiftMaster": {
				"type": "String"
			},
			"Count_OBJ_GiftPriceMaster": {
				"type": "String"
			},
			"Count_OBJ_IOMaster": {
				"type": "String"
			},
			"Count_OBJ_ArticleMaster": {
				"type": "String"
			},
			"RunDate": {
				"type": "String"
			},
			"all_good": {
				"type": "String"
			}
		},
		"folder": {
			"name": "TTS"
		},
		"annotations": []
	}
}