{
	"name": "PL_MAIN_MonthlyLoad",
	"properties": {
		"activities": [
			{
				"name": "PL_TRN_NRMDSS",
				"type": "ExecutePipeline",
				"dependsOn": [
					{
						"activity": "PL_PRC_NRMDSS",
						"dependencyConditions": [
							"Succeeded"
						]
					}
				],
				"userProperties": [],
				"typeProperties": {
					"pipeline": {
						"referenceName": "PL_TRN_NRMDSS",
						"type": "PipelineReference"
					},
					"waitOnCompletion": true,
					"parameters": {
						"RefreshDate": {
							"value": "@variables('RunDate')",
							"type": "Expression"
						},
						"ValidationThreshold": "0.5"
					}
				}
			},
			{
				"name": "Set RunDate",
				"type": "SetVariable",
				"dependsOn": [],
				"userProperties": [],
				"typeProperties": {
					"variableName": "RunDate",
					"value": {
						"value": "@pipeline().parameters.RefreshDate",
						"type": "Expression"
					}
				}
			},
			{
				"name": "PL_NRMDSS_AGG",
				"type": "ExecutePipeline",
				"dependsOn": [
					{
						"activity": "PL_TRN_NRMDSS",
						"dependencyConditions": [
							"Succeeded"
						]
					}
				],
				"userProperties": [],
				"typeProperties": {
					"pipeline": {
						"referenceName": "PL_TRN_PromoAgg",
						"type": "PipelineReference"
					},
					"waitOnCompletion": true,
					"parameters": {
						"RefreshDate": {
							"value": "@variables('RunDate')",
							"type": "Expression"
						}
					}
				}
			},
			{
				"name": "PL_PRC_NRMDSS",
				"type": "ExecutePipeline",
				"dependsOn": [
					{
						"activity": "PL_TRN_CustomDimensions",
						"dependencyConditions": [
							"Succeeded"
						]
					}
				],
				"userProperties": [],
				"typeProperties": {
					"pipeline": {
						"referenceName": "PL_PRC_NRMDSS",
						"type": "PipelineReference"
					},
					"waitOnCompletion": true,
					"parameters": {
						"RefreshDate": {
							"value": "@variables('RunDate')",
							"type": "Expression"
						},
						"ValidationThreshold": "0.5"
					}
				}
			},
			{
				"name": "PL_PRC_GiftMaster",
				"type": "ExecutePipeline",
				"dependsOn": [
					{
						"activity": "Set RunDate",
						"dependencyConditions": [
							"Succeeded"
						]
					}
				],
				"userProperties": [],
				"typeProperties": {
					"pipeline": {
						"referenceName": "PL_PRC_GiftMaster",
						"type": "PipelineReference"
					},
					"waitOnCompletion": true,
					"parameters": {
						"RefreshDate": {
							"value": "@variables('RunDate')",
							"type": "Expression"
						}
					}
				}
			},
			{
				"name": "PL_PRC_GiftPriceMaster",
				"type": "ExecutePipeline",
				"dependsOn": [
					{
						"activity": "Set RunDate",
						"dependencyConditions": [
							"Succeeded"
						]
					}
				],
				"userProperties": [],
				"typeProperties": {
					"pipeline": {
						"referenceName": "PL_PRC_GiftPriceMaster",
						"type": "PipelineReference"
					},
					"waitOnCompletion": true,
					"parameters": {
						"RefreshDate": {
							"value": "@variables('RunDate')",
							"type": "Expression"
						}
					}
				}
			},
			{
				"name": "PL_TRN_IOMaster",
				"type": "ExecutePipeline",
				"dependsOn": [
					{
						"activity": "Set RunDate",
						"dependencyConditions": [
							"Succeeded"
						]
					}
				],
				"userProperties": [],
				"typeProperties": {
					"pipeline": {
						"referenceName": "PL_TRN_IOMaster",
						"type": "PipelineReference"
					},
					"waitOnCompletion": true,
					"parameters": {
						"RefreshDate": {
							"value": "@variables('RunDate')",
							"type": "Expression"
						}
					}
				}
			},
			{
				"name": "PL_TRN_ArticleMaster",
				"type": "ExecutePipeline",
				"dependsOn": [
					{
						"activity": "Set RunDate",
						"dependencyConditions": [
							"Succeeded"
						]
					}
				],
				"userProperties": [],
				"typeProperties": {
					"pipeline": {
						"referenceName": "PL_TRN_ArticleMaster",
						"type": "PipelineReference"
					},
					"waitOnCompletion": true,
					"parameters": {
						"RefreshDate": {
							"value": "@variables('RunDate')",
							"type": "Expression"
						}
					}
				}
			},
			{
				"name": "PL_TRN_SalesAgg",
				"type": "ExecutePipeline",
				"dependsOn": [
					{
						"activity": "PL_NRMDSS_AGG",
						"dependencyConditions": [
							"Succeeded"
						]
					}
				],
				"userProperties": [],
				"typeProperties": {
					"pipeline": {
						"referenceName": "PL_TRN_SalesAgg",
						"type": "PipelineReference"
					},
					"waitOnCompletion": true,
					"parameters": {
						"RefreshDate": {
							"value": "@variables('RunDate')",
							"type": "Expression"
						}
					}
				}
			},
			{
				"name": "PL_TRN_CustomDimensions",
				"type": "ExecutePipeline",
				"dependsOn": [
					{
						"activity": "PL_PRC_GiftMaster",
						"dependencyConditions": [
							"Succeeded"
						]
					},
					{
						"activity": "PL_PRC_GiftPriceMaster",
						"dependencyConditions": [
							"Succeeded"
						]
					},
					{
						"activity": "PL_TRN_IOMaster",
						"dependencyConditions": [
							"Succeeded"
						]
					},
					{
						"activity": "PL_TRN_ArticleMaster",
						"dependencyConditions": [
							"Succeeded"
						]
					},
					{
						"activity": "PL_TRN_MasterChannel",
						"dependencyConditions": [
							"Succeeded"
						]
					}
				],
				"userProperties": [],
				"typeProperties": {
					"pipeline": {
						"referenceName": "PL_TRN_CustomDimensions",
						"type": "PipelineReference"
					},
					"waitOnCompletion": true
				}
			},
			{
				"name": "PL_TRN_MasterChannel",
				"type": "ExecutePipeline",
				"dependsOn": [
					{
						"activity": "Set RunDate",
						"dependencyConditions": [
							"Succeeded"
						]
					}
				],
				"userProperties": [],
				"typeProperties": {
					"pipeline": {
						"referenceName": "PL_TRN_MasterChannel",
						"type": "PipelineReference"
					},
					"waitOnCompletion": true,
					"parameters": {
						"RefreshDate": {
							"value": "@variables('RunDate')",
							"type": "Expression"
						}
					}
				}
			}
		],
		"parameters": {
			"RefreshDate": {
				"type": "string"
			}
		},
		"variables": {
			"RunDate": {
				"type": "String"
			}
		},
		"folder": {
			"name": "TTS"
		},
		"annotations": [],
		"lastPublishTime": "2021-02-10T16:35:31Z"
	},
	"type": "Microsoft.DataFactory/factories/pipelines"
}