{
	"name": "PL_NRMDSS_fromRAWtoPDS",
	"properties": {
		"activities": [
			{
				"name": "Set RunDate",
				"type": "SetVariable",
				"dependsOn": [],
				"userProperties": [],
				"typeProperties": {
					"variableName": "RunDate",
					"value": {
						"value": "@formatDateTime(addToTime(utcnow(),-6,'Month'),'yyyyMMdd')",
						"type": "Expression"
					}
				}
			},
			{
				"name": "FROM RAW To PDS",
				"type": "Copy",
				"dependsOn": [
					{
						"activity": "Set RunDate",
						"dependencyConditions": [
							"Succeeded"
						]
					}
				],
				"policy": {
					"timeout": "7.00:00:00",
					"retry": 0,
					"retryIntervalInSeconds": 30,
					"secureOutput": false,
					"secureInput": false
				},
				"userProperties": [],
				"typeProperties": {
					"source": {
						"type": "DelimitedTextSource",
						"storeSettings": {
							"type": "AzureBlobFSReadSettings",
							"recursive": true,
							"wildcardFileName": "*.csv",
							"enablePartitionDiscovery": false
						},
						"formatSettings": {
							"type": "DelimitedTextReadSettings"
						}
					},
					"sink": {
						"type": "DelimitedTextSink",
						"storeSettings": {
							"type": "AzureBlobStorageWriteSettings"
						},
						"formatSettings": {
							"type": "DelimitedTextWriteSettings",
							"quoteAllText": true,
							"fileExtension": ".txt"
						}
					},
					"enableStaging": false,
					"translator": {
						"type": "TabularTranslator",
						"typeConversion": true,
						"typeConversionSettings": {
							"allowDataTruncation": true,
							"treatBooleanAsNumber": false
						}
					}
				},
				"inputs": [
					{
						"referenceName": "DS_ADLS_RAW",
						"type": "DatasetReference",
						"parameters": {
							"RootFolder": {
								"value": "@pipeline().globalParameters.TTS_DL_RAW_DLY",
								"type": "Expression"
							},
							"SubFolder": {
								"value": "@concat('nrm_dss/',substring(variables('RunDate'),0,6))",
								"type": "Expression"
							}
						}
					}
				],
				"outputs": [
					{
						"referenceName": "DS_ABLB_PDS",
						"type": "DatasetReference",
						"parameters": {
							"RootFolder": "stage/transactions",
							"SubFolder": "nrm_dss/"
						}
					}
				]
			}
		],
		"variables": {
			"RunDate": {
				"type": "String"
			}
		},
		"folder": {
			"name": "TTS"
		},
		"annotations": [],
		"lastPublishTime": "2021-02-10T16:35:23Z"
	},
	"type": "Microsoft.DataFactory/factories/pipelines"
}