{
	"name": "PL_NRMDSS_HistoryLoad",
	"properties": {
		"activities": [
			{
				"name": "Set RunDate",
				"type": "SetVariable",
				"dependsOn": [],
				"userProperties": [],
				"typeProperties": {
					"variableName": "RunDate",
					"value": {
						"value": "@if(equals(1,2),formatDateTime(addToTime(utcnow(),-12,'Month'),'yyyyMMdd'),'20200630')",
						"type": "Expression"
					}
				}
			},
			{
				"name": "PROCESS_NRMDSS",
				"type": "DatabricksNotebook",
				"dependsOn": [
					{
						"activity": "Set RunDate",
						"dependencyConditions": [
							"Succeeded"
						]
					}
				],
				"policy": {
					"timeout": "7.00:00:00",
					"retry": 0,
					"retryIntervalInSeconds": 30,
					"secureOutput": false,
					"secureInput": false
				},
				"userProperties": [],
				"typeProperties": {
					"notebookPath": "/Shared/TTS/PROCESS_NRMDSS",
					"baseParameters": {
						"ProcessingYear": {
							"value": "@substring(variables('RunDate'),0,4)",
							"type": "Expression"
						},
						"ProcessingMonth": {
							"value": "@substring(variables('RunDate'),4,2)",
							"type": "Expression"
						},
						"ValidationThreshold": "100"
					}
				},
				"linkedServiceName": {
					"referenceName": "LS_ADB",
					"type": "LinkedServiceReference"
				}
			},
			{
				"name": "TRANSFORM_NRMDSS",
				"type": "DatabricksNotebook",
				"dependsOn": [
					{
						"activity": "PROCESS_NRMDSS",
						"dependencyConditions": [
							"Succeeded"
						]
					}
				],
				"policy": {
					"timeout": "7.00:00:00",
					"retry": 0,
					"retryIntervalInSeconds": 30,
					"secureOutput": false,
					"secureInput": false
				},
				"userProperties": [],
				"typeProperties": {
					"notebookPath": "/Shared/TTS/TRANSFORM_NRMDSS",
					"baseParameters": {
						"ProcessingYear": {
							"value": "@substring(variables('RunDate'),0,4)",
							"type": "Expression"
						},
						"ProcessingMonth": {
							"value": "@substring(variables('RunDate'),4,2)",
							"type": "Expression"
						}
					}
				},
				"linkedServiceName": {
					"referenceName": "LS_ADB",
					"type": "LinkedServiceReference"
				}
			},
			{
				"name": "FROM TEMP To SQLDW",
				"type": "Copy",
				"dependsOn": [
					{
						"activity": "TRANSFORM_NRMDSS",
						"dependencyConditions": [
							"Succeeded"
						]
					}
				],
				"policy": {
					"timeout": "7.00:00:00",
					"retry": 0,
					"retryIntervalInSeconds": 30,
					"secureOutput": false,
					"secureInput": false
				},
				"userProperties": [],
				"typeProperties": {
					"source": {
						"type": "ParquetSource",
						"storeSettings": {
							"type": "AzureBlobFSReadSettings",
							"recursive": true,
							"wildcardFileName": "*",
							"enablePartitionDiscovery": false
						}
					},
					"sink": {
						"type": "SqlDWSink",
						"preCopyScript": {
							"value": "@{concat('delete from dbo.fact_daily_promotions where month_id =', substring(variables('RunDate'),0,6))}",
							"type": "Expression"
						},
						"allowPolyBase": true,
						"polyBaseSettings": {
							"rejectValue": 0,
							"rejectType": "value",
							"useTypeDefault": true
						},
						"disableMetricsCollection": false
					},
					"enableStaging": false,
					"dataIntegrationUnits": 16
				},
				"inputs": [
					{
						"referenceName": "DS_ADLS_TTS_TEMP",
						"type": "DatasetReference",
						"parameters": {
							"RawFolder": {
								"value": "@pipeline().globalParameters.TTS_DL_TEMP",
								"type": "Expression"
							},
							"SubFolder": "temp_fact_daily_promotions"
						}
					}
				],
				"outputs": [
					{
						"referenceName": "DS_ASDW",
						"type": "DatasetReference",
						"parameters": {
							"schema": "dbo",
							"tableName": "fact_daily_promotions"
						}
					}
				]
			}
		],
		"variables": {
			"RunDate": {
				"type": "String"
			}
		},
		"folder": {
			"name": "TTS"
		},
		"annotations": [],
		"lastPublishTime": "2021-02-10T16:35:30Z"
	},
	"type": "Microsoft.DataFactory/factories/pipelines"
}