{
	"name": "PL_PRC_NRMDSS",
	"properties": {
		"activities": [
			{
				"name": "nrm_dss FROM PDS To DLRAW",
				"type": "Copy",
				"dependsOn": [
					{
						"activity": "Set RunDate",
						"dependencyConditions": [
							"Succeeded"
						]
					}
				],
				"policy": {
					"timeout": "7.00:00:00",
					"retry": 0,
					"retryIntervalInSeconds": 30,
					"secureOutput": false,
					"secureInput": false
				},
				"userProperties": [],
				"typeProperties": {
					"source": {
						"type": "DelimitedTextSource",
						"storeSettings": {
							"type": "AzureBlobStorageReadSettings",
							"recursive": true,
							"wildcardFileName": "*.csv",
							"enablePartitionDiscovery": false
						},
						"formatSettings": {
							"type": "DelimitedTextReadSettings"
						}
					},
					"sink": {
						"type": "DelimitedTextSink",
						"storeSettings": {
							"type": "AzureBlobFSWriteSettings"
						},
						"formatSettings": {
							"type": "DelimitedTextWriteSettings",
							"quoteAllText": true,
							"fileExtension": ".txt"
						}
					},
					"enableStaging": false,
					"translator": {
						"type": "TabularTranslator",
						"typeConversion": true,
						"typeConversionSettings": {
							"allowDataTruncation": true,
							"treatBooleanAsNumber": false
						}
					}
				},
				"inputs": [
					{
						"referenceName": "DS_ABLB_PDS",
						"type": "DatasetReference",
						"parameters": {
							"RootFolder": {
								"value": "@pipeline().globalParameters.TTS_PDS_STG_MTHLY",
								"type": "Expression"
							},
							"SubFolder": "nrm_dss"
						}
					}
				],
				"outputs": [
					{
						"referenceName": "DS_ADLS_RAW",
						"type": "DatasetReference",
						"parameters": {
							"RootFolder": {
								"value": "@pipeline().globalParameters.TTS_DL_RAW_DLY",
								"type": "Expression"
							},
							"SubFolder": {
								"value": "@concat('nrm_dss/',substring(variables('RunDate'),0,6))",
								"type": "Expression"
							}
						}
					}
				]
			},
			{
				"name": "Set RunDate",
				"type": "SetVariable",
				"dependsOn": [],
				"userProperties": [],
				"typeProperties": {
					"variableName": "RunDate",
					"value": {
						"value": "@pipeline().parameters.RefreshDate",
						"type": "Expression"
					}
				}
			},
			{
				"name": "PROCESS_NRMDSS",
				"type": "DatabricksNotebook",
				"dependsOn": [
					{
						"activity": "nrm_dss_val FROM PDS To DLRAW",
						"dependencyConditions": [
							"Succeeded"
						]
					}
				],
				"policy": {
					"timeout": "7.00:00:00",
					"retry": 0,
					"retryIntervalInSeconds": 30,
					"secureOutput": false,
					"secureInput": false
				},
				"userProperties": [],
				"typeProperties": {
					"notebookPath": "/Shared/TTS/PROCESS_NRMDSS",
					"baseParameters": {
						"ProcessingYear": {
							"value": "@substring(variables('RunDate'),0,4)",
							"type": "Expression"
						},
						"ProcessingMonth": {
							"value": "@substring(variables('RunDate'),4,2)",
							"type": "Expression"
						},
						"ValidationThreshold": {
							"value": "@pipeline().parameters.ValidationThreshold",
							"type": "Expression"
						}
					}
				},
				"linkedServiceName": {
					"referenceName": "LS_ADB",
					"type": "LinkedServiceReference"
				}
			},
			{
				"name": "nrm_dss DELETE  FROM PDS",
				"type": "Delete",
				"dependsOn": [
					{
						"activity": "nrm_dss FROM PDS To DLRAW",
						"dependencyConditions": [
							"Succeeded"
						]
					}
				],
				"policy": {
					"timeout": "7.00:00:00",
					"retry": 0,
					"retryIntervalInSeconds": 30,
					"secureOutput": false,
					"secureInput": false
				},
				"userProperties": [],
				"typeProperties": {
					"dataset": {
						"referenceName": "DS_ABLB_PDS",
						"type": "DatasetReference",
						"parameters": {
							"RootFolder": {
								"value": "@pipeline().globalParameters.TTS_PDS_STG_MTHLY",
								"type": "Expression"
							},
							"SubFolder": "nrm_dss"
						}
					},
					"enableLogging": false,
					"storeSettings": {
						"type": "AzureBlobStorageReadSettings",
						"recursive": true,
						"wildcardFileName": "*.csv",
						"enablePartitionDiscovery": false
					}
				}
			},
			{
				"name": "nrm_dss_val FROM PDS To DLRAW",
				"type": "Copy",
				"dependsOn": [
					{
						"activity": "nrm_dss FROM PDS To DLRAW",
						"dependencyConditions": [
							"Succeeded"
						]
					}
				],
				"policy": {
					"timeout": "7.00:00:00",
					"retry": 0,
					"retryIntervalInSeconds": 30,
					"secureOutput": false,
					"secureInput": false
				},
				"userProperties": [],
				"typeProperties": {
					"source": {
						"type": "DelimitedTextSource",
						"storeSettings": {
							"type": "AzureBlobStorageReadSettings",
							"recursive": true,
							"wildcardFileName": "*.csv",
							"enablePartitionDiscovery": false
						},
						"formatSettings": {
							"type": "DelimitedTextReadSettings"
						}
					},
					"sink": {
						"type": "DelimitedTextSink",
						"storeSettings": {
							"type": "AzureBlobFSWriteSettings"
						},
						"formatSettings": {
							"type": "DelimitedTextWriteSettings",
							"quoteAllText": true,
							"fileExtension": ".txt"
						}
					},
					"enableStaging": false,
					"translator": {
						"type": "TabularTranslator",
						"typeConversion": true,
						"typeConversionSettings": {
							"allowDataTruncation": true,
							"treatBooleanAsNumber": false
						}
					}
				},
				"inputs": [
					{
						"referenceName": "DS_ABLB_PDS",
						"type": "DatasetReference",
						"parameters": {
							"RootFolder": {
								"value": "@pipeline().globalParameters.TTS_PDS_STG_MTHLY",
								"type": "Expression"
							},
							"SubFolder": {
								"value": "nrm_dss_val",
								"type": "Expression"
							}
						}
					}
				],
				"outputs": [
					{
						"referenceName": "DS_ADLS_RAW",
						"type": "DatasetReference",
						"parameters": {
							"RootFolder": {
								"value": "@pipeline().globalParameters.TTS_DL_RAW_DLY",
								"type": "Expression"
							},
							"SubFolder": "@concat('nrm_dss_val/',substring(variables('RunDate'),0,6))"
						}
					}
				]
			},
			{
				"name": "nrm_dss_val DELETE FROM PDS",
				"type": "Delete",
				"dependsOn": [
					{
						"activity": "nrm_dss_val FROM PDS To DLRAW",
						"dependencyConditions": [
							"Succeeded"
						]
					}
				],
				"policy": {
					"timeout": "7.00:00:00",
					"retry": 0,
					"retryIntervalInSeconds": 30,
					"secureOutput": false,
					"secureInput": false
				},
				"userProperties": [],
				"typeProperties": {
					"dataset": {
						"referenceName": "DS_ABLB_PDS",
						"type": "DatasetReference",
						"parameters": {
							"RootFolder": {
								"value": "@pipeline().globalParameters.TTS_PDS_STG_MTHLY",
								"type": "Expression"
							},
							"SubFolder": "nrm_dss_val"
						}
					},
					"enableLogging": false,
					"storeSettings": {
						"type": "AzureBlobStorageReadSettings",
						"recursive": true,
						"wildcardFileName": "*.csv",
						"enablePartitionDiscovery": false
					}
				}
			}
		],
		"parameters": {
			"RefreshDate": {
				"type": "string"
			},
			"ValidationThreshold": {
				"type": "string"
			}
		},
		"variables": {
			"RunDate": {
				"type": "String"
			}
		},
		"folder": {
			"name": "TTS"
		},
		"annotations": [],
		"lastPublishTime": "2021-02-10T16:35:23Z"
	},
	"type": "Microsoft.DataFactory/factories/pipelines"
}