{
	"name": "PL_PROCESS_CUBE",
	"properties": {
		"description": "Process AAS Cube using TMSL refresh command.",
		"activities": [
			{
				"name": "ExecuteTMSL",
				"type": "WebActivity",
				"dependsOn": [],
				"policy": {
					"timeout": "7.00:00:00",
					"retry": 0,
					"retryIntervalInSeconds": 30,
					"secureOutput": false,
					"secureInput": false
				},
				"userProperties": [],
				"typeProperties": {
					"url": "https://s9events.azure-automation.net/webhooks?token=pbNj8QScN5%2feViIkAaOZgwyoAvstRVtsoY5IlRwB4FM%3d",
					"method": "POST",
					"body": {
						"value": "@concat('{\"csv\":\"',pipeline().DataFactory,',',pipeline().RunId,',,PL_PROCESS_CUBE_CALLBACK\",','\"object\":', \n\n\nif( empty(pipeline().parameters.refresh_tableName),\n\nconcat('{\"refresh\":{\"type\":\"',pipeline().parameters.refreshType_full_automatic_dataOnly,'\",\"objects\":[{\"database\":\"',pipeline().parameters.refresh_databaseName,'\"}]}}')\n,\n\nif( empty(pipeline().parameters.refresh_partition),\nconcat('{\"refresh\":{\"type\":\"',pipeline().parameters.refreshType_full_automatic_dataOnly,'\",\"objects\":[{\"database\":\"',pipeline().parameters.refresh_databaseName,'\",\"table\":\"', pipeline().parameters.refresh_tableName,'\"}]}}')\n\n,\n\nconcat('{\"refresh\":{\"type\":\"',pipeline().parameters.refreshType_full_automatic_dataOnly,'\",\"objects\":[{\"database\":\"',pipeline().parameters.refresh_databaseName,'\",\"table\":\"', pipeline().parameters.refresh_tableName,'\",\"partition\":\"', pipeline().parameters.refresh_partition,'\"}]}}')\n\n)\n\n)\n\n\n,'}')",
						"type": "Expression"
					}
				}
			}
		],
		"parameters": {
			"tmslScript": {
				"type": "string",
				"defaultValue": {
					"refresh": {
						"type": "full",
						"objects": [
							{
								"AnalysisServicesServer": "asazure://northeurope.asazure.windows.net/bienoda12d901311unilevercomas01",
								"AnalysisServicesDatabaseName": "TTS-Cube",
								"table": "Dim Month"
							}
						]
					}
				}
			},
			"refreshType_full_automatic_dataOnly": {
				"type": "string",
				"defaultValue": "full"
			},
			"refresh_databaseName": {
				"type": "string"
			},
			"refresh_tableName": {
				"type": "string"
			},
			"refresh_partition": {
				"type": "string"
			}
		},
		"variables": {
			"var_tmslscript": {
				"type": "String"
			}
		},
		"annotations": [],
		"lastPublishTime": "2021-02-09T14:09:59Z"
	},
	"type": "Microsoft.DataFactory/factories/pipelines"
}