{
	"name": "PL_PROCESS_CUBE_TTS",
	"properties": {
		"description": "Process AAS Cubes using TMSL refresh command.",
		"activities": [
			{
				"name": "ExecuteTMSL",
				"type": "WebActivity",
				"dependsOn": [],
				"policy": {
					"timeout": "7.00:00:00",
					"retry": 0,
					"retryIntervalInSeconds": 30,
					"secureOutput": false,
					"secureInput": false
				},
				"userProperties": [],
				"typeProperties": {
					"url": "https://s9events.azure-automation.net/webhooks?token=pbNj8QScN5%2feViIkAaOZgwyoAvstRVtsoY5IlRwB4FM%3d",
					"method": "POST",
					"body": {
						"value": "@concat('{\"csv\":\"',pipeline().DataFactory,',',pipeline().RunId,',,PL_PROCESS_CUBE_CALLBACK\",','\"object\":',pipeline().parameters.tmslScript,'}')",
						"type": "Expression"
					}
				}
			}
		],
		"parameters": {
			"tmslScript": {
				"type": "string",
				"defaultValue": {
					"refresh": {
						"type": "full",
						"objects": [
							{
								"AnalysisServicesServer": "asazure://northeurope.asazure.windows.net/bienoda12d901311unilevercomas01",
								"AnalysisServicesDatabaseName": "TTS-Cube",
								"Table": "Dim Month"
							}
						]
					}
				}
			}
		},
		"folder": {
			"name": "TTS"
		},
		"annotations": [],
		"lastPublishTime": "2021-02-10T16:35:21Z"
	},
	"type": "Microsoft.DataFactory/factories/pipelines"
}