{
	"name": "PL_PRC_OldNewBrandCode",
	"properties": {
		"activities": [
			{
				"name": "Set RunDate",
				"type": "SetVariable",
				"dependsOn": [],
				"userProperties": [],
				"typeProperties": {
					"variableName": "RunDate",
					"value": {
						"value": "@formatDateTime(addToTime(utcnow(),-1,'Month'),'yyyyMMdd')",
						"type": "Expression"
					}
				}
			},
			{
				"name": "FROM PDS To RAW",
				"type": "Copy",
				"dependsOn": [
					{
						"activity": "Set RunDate",
						"dependencyConditions": [
							"Succeeded"
						]
					}
				],
				"policy": {
					"timeout": "7.00:00:00",
					"retry": 0,
					"retryIntervalInSeconds": 30,
					"secureOutput": false,
					"secureInput": false
				},
				"userProperties": [],
				"typeProperties": {
					"source": {
						"type": "DelimitedTextSource",
						"storeSettings": {
							"type": "AzureBlobStorageReadSettings",
							"recursive": true,
							"wildcardFileName": "*.csv",
							"enablePartitionDiscovery": false
						},
						"formatSettings": {
							"type": "DelimitedTextReadSettings"
						}
					},
					"sink": {
						"type": "DelimitedTextSink",
						"storeSettings": {
							"type": "AzureBlobFSWriteSettings"
						},
						"formatSettings": {
							"type": "DelimitedTextWriteSettings",
							"quoteAllText": true,
							"fileExtension": ".txt"
						}
					},
					"enableStaging": false,
					"translator": {
						"type": "TabularTranslator",
						"typeConversion": true,
						"typeConversionSettings": {
							"allowDataTruncation": true,
							"treatBooleanAsNumber": false
						}
					}
				},
				"inputs": [
					{
						"referenceName": "DS_ABLB_PDS",
						"type": "DatasetReference",
						"parameters": {
							"RootFolder": {
								"value": "@pipeline().globalParameters.TTS_PDS_STG_STATIC",
								"type": "Expression"
							},
							"SubFolder": {
								"value": "MappingOldNewBrandCode",
								"type": "Expression"
							}
						}
					}
				],
				"outputs": [
					{
						"referenceName": "DS_ADLS_RAW",
						"type": "DatasetReference",
						"parameters": {
							"RootFolder": {
								"value": "@pipeline().globalParameters.TTS_DL_RAW_STAT",
								"type": "Expression"
							},
							"SubFolder": {
								"value": "@concat('mapping_old_new_brand_code/',substring(variables('RunDate'),0,4),'/',substring(variables('RunDate'),4,2),'/',substring(variables('RunDate'),6,2))",
								"type": "Expression"
							}
						}
					}
				]
			},
			{
				"name": "FROM RAW To PRC",
				"type": "Copy",
				"dependsOn": [
					{
						"activity": "FROM PDS To RAW",
						"dependencyConditions": [
							"Succeeded"
						]
					}
				],
				"policy": {
					"timeout": "7.00:00:00",
					"retry": 0,
					"retryIntervalInSeconds": 30,
					"secureOutput": false,
					"secureInput": false
				},
				"userProperties": [],
				"typeProperties": {
					"source": {
						"type": "DelimitedTextSource",
						"storeSettings": {
							"type": "AzureBlobFSReadSettings",
							"recursive": true,
							"wildcardFileName": "*.csv",
							"enablePartitionDiscovery": false
						},
						"formatSettings": {
							"type": "DelimitedTextReadSettings"
						}
					},
					"sink": {
						"type": "ParquetSink",
						"storeSettings": {
							"type": "AzureBlobFSWriteSettings"
						},
						"formatSettings": {
							"type": "ParquetWriteSettings"
						}
					},
					"enableStaging": false,
					"translator": {
						"type": "TabularTranslator",
						"typeConversion": true,
						"typeConversionSettings": {
							"allowDataTruncation": true,
							"treatBooleanAsNumber": false
						}
					}
				},
				"inputs": [
					{
						"referenceName": "DS_ADLS_RAW",
						"type": "DatasetReference",
						"parameters": {
							"RootFolder": {
								"value": "@pipeline().globalParameters.TTS_DL_RAW_STAT",
								"type": "Expression"
							},
							"SubFolder": {
								"value": "@concat('mapping_old_new_brand_code/',substring(variables('RunDate'),0,4),'/',substring(variables('RunDate'),4,2),'/',substring(variables('RunDate'),6,2))",
								"type": "Expression"
							}
						}
					}
				],
				"outputs": [
					{
						"referenceName": "DS_ADLS_PRC",
						"type": "DatasetReference",
						"parameters": {
							"RootFolder": {
								"value": "@pipeline().globalParameters.TTS_DL_PRC_REF",
								"type": "Expression"
							},
							"SubFolder": {
								"value": "@concat('ref_old_new_brand_code/',substring(variables('RunDate'),0,4))",
								"type": "Expression"
							}
						}
					}
				]
			},
			{
				"name": "DELETE FROM PDS",
				"type": "Delete",
				"dependsOn": [
					{
						"activity": "FROM PDS To RAW",
						"dependencyConditions": [
							"Succeeded"
						]
					}
				],
				"policy": {
					"timeout": "7.00:00:00",
					"retry": 0,
					"retryIntervalInSeconds": 30,
					"secureOutput": false,
					"secureInput": false
				},
				"userProperties": [],
				"typeProperties": {
					"dataset": {
						"referenceName": "DS_ABLB_PDS",
						"type": "DatasetReference",
						"parameters": {
							"RootFolder": {
								"value": "@pipeline().globalParameters.TTS_PDS_STG_STATIC",
								"type": "Expression"
							},
							"SubFolder": {
								"value": "MappingOldNewBrandCode",
								"type": "Expression"
							}
						}
					},
					"enableLogging": false,
					"storeSettings": {
						"type": "AzureBlobStorageReadSettings",
						"recursive": true,
						"wildcardFileName": "*.csv",
						"enablePartitionDiscovery": false
					}
				}
			}
		],
		"variables": {
			"RunDate": {
				"type": "String"
			}
		},
		"folder": {
			"name": "TTS"
		},
		"annotations": []
	}
}