{
	"name": "PL_PROCESS_CUBE_CALLBACK",
	"properties": {
		"description": "Example of a pipeline that can be triggered after processing a cube using PL_PROCESS_CUBE.  Notice the parameters exitStatus and logFileName.",
		"activities": [
			{
				"name": "ReplaceWithYourActivities",
				"type": "Wait",
				"dependsOn": [],
				"userProperties": [],
				"typeProperties": {
					"waitTimeInSeconds": 1
				}
			}
		],
		"parameters": {
			"exitStatus": {
				"type": "bool"
			},
			"logFileName": {
				"type": "string"
			}
		},
		"variables": {
			"dummy": {
				"type": "String"
			}
		},
		"annotations": [],
		"lastPublishTime": "2020-10-29T08:50:06Z"
	},
	"type": "Microsoft.DataFactory/factories/pipelines"
}