{
	"name": "PL_PRC_LocalProdHeirarchy",
	"properties": {
		"activities": [
			{
				"name": "Set RunDate",
				"type": "SetVariable",
				"dependsOn": [],
				"userProperties": [],
				"typeProperties": {
					"variableName": "RunDate",
					"value": {
						"value": "@formatDateTime(addToTime(utcnow(),-1,'Month'),'yyyyMMdd')",
						"type": "Expression"
					}
				}
			},
			{
				"name": "FROM PDS To DLRAW",
				"type": "Copy",
				"dependsOn": [
					{
						"activity": "Set RunDate",
						"dependencyConditions": [
							"Succeeded"
						]
					}
				],
				"policy": {
					"timeout": "7.00:00:00",
					"retry": 0,
					"retryIntervalInSeconds": 30,
					"secureOutput": false,
					"secureInput": false
				},
				"userProperties": [],
				"typeProperties": {
					"source": {
						"type": "DelimitedTextSource",
						"storeSettings": {
							"type": "AzureBlobStorageReadSettings",
							"recursive": true,
							"wildcardFileName": "*.csv",
							"enablePartitionDiscovery": false
						},
						"formatSettings": {
							"type": "DelimitedTextReadSettings"
						}
					},
					"sink": {
						"type": "DelimitedTextSink",
						"storeSettings": {
							"type": "AzureBlobFSWriteSettings"
						},
						"formatSettings": {
							"type": "DelimitedTextWriteSettings",
							"quoteAllText": true,
							"fileExtension": ".txt"
						}
					},
					"enableStaging": false,
					"translator": {
						"type": "TabularTranslator",
						"typeConversion": true,
						"typeConversionSettings": {
							"allowDataTruncation": true,
							"treatBooleanAsNumber": false
						}
					}
				},
				"inputs": [
					{
						"referenceName": "DS_ABLB_PDS",
						"type": "DatasetReference",
						"parameters": {
							"RootFolder": {
								"value": "@pipeline().globalParameters.TTS_PDS_STG_STATIC",
								"type": "Expression"
							},
							"SubFolder": "MappingLocalProduct"
						}
					}
				],
				"outputs": [
					{
						"referenceName": "DS_ADLS_RAW",
						"type": "DatasetReference",
						"parameters": {
							"RootFolder": {
								"value": "@pipeline().globalParameters.TTS_DL_RAW_MTLY",
								"type": "Expression"
							},
							"SubFolder": "@concat('Mapping_LocalProduct/',substring(variables('RunDate'),0,4),'/',substring(variables('RunDate'),4,2))"
						}
					}
				]
			},
			{
				"name": "FROM DLRAW To DLPDS",
				"type": "DatabricksNotebook",
				"dependsOn": [
					{
						"activity": "FROM PDS To DLRAW",
						"dependencyConditions": [
							"Succeeded"
						]
					}
				],
				"policy": {
					"timeout": "7.00:00:00",
					"retry": 0,
					"retryIntervalInSeconds": 30,
					"secureOutput": false,
					"secureInput": false
				},
				"userProperties": [],
				"typeProperties": {
					"notebookPath": "/Shared/TTS/PROCESS_LocalProdHeirarchyMap"
				},
				"linkedServiceName": {
					"referenceName": "LS_ADB",
					"type": "LinkedServiceReference"
				}
			},
			{
				"name": "DELETE FROM PDS",
				"type": "Delete",
				"dependsOn": [
					{
						"activity": "FROM PDS To DLRAW",
						"dependencyConditions": [
							"Completed"
						]
					}
				],
				"policy": {
					"timeout": "7.00:00:00",
					"retry": 0,
					"retryIntervalInSeconds": 30,
					"secureOutput": false,
					"secureInput": false
				},
				"userProperties": [],
				"typeProperties": {
					"dataset": {
						"referenceName": "DS_ABLB_PDS",
						"type": "DatasetReference",
						"parameters": {
							"RootFolder": {
								"value": "@pipeline().globalParameters.TTS_PDS_STG_STATIC",
								"type": "Expression"
							},
							"SubFolder": "MappingLocalProduct"
						}
					},
					"enableLogging": false,
					"storeSettings": {
						"type": "AzureBlobStorageReadSettings",
						"recursive": true,
						"wildcardFileName": "*.csv",
						"enablePartitionDiscovery": false
					}
				}
			}
		],
		"variables": {
			"RunDate": {
				"type": "String"
			}
		},
		"folder": {
			"name": "TTS"
		},
		"annotations": [],
		"lastPublishTime": "2021-02-10T16:35:24Z"
	},
	"type": "Microsoft.DataFactory/factories/pipelines"
}