{
	"name": "PL_RESUME_SQLDW",
	"properties": {
		"description": "Resume sql dw using a webhook call.",
		"activities": [
			{
				"name": "ResumeSqlDw",
				"type": "WebActivity",
				"dependsOn": [],
				"policy": {
					"timeout": "7.00:00:00",
					"retry": 0,
					"retryIntervalInSeconds": 30,
					"secureOutput": false,
					"secureInput": false
				},
				"userProperties": [],
				"typeProperties": {
					"url": "https://s9events.azure-automation.net/webhooks?token=JRi9QKLI6HmnwaMGrHQx%2fyi%2be98ADBWhWc5t8UWH4Ew%3d",
					"method": "POST",
					"body": {
						"value": "@concat(pipeline().DataFactory,',',pipeline().RunId,',','')",
						"type": "Expression"
					}
				}
			}
		],
		"annotations": [],
		"lastPublishTime": "2020-10-29T08:50:06Z"
	},
	"type": "Microsoft.DataFactory/factories/pipelines"
}