{
	"name": "PL_RAW_MOVE",
	"properties": {
		"activities": [
			{
				"name": "Copy PDS Data to Higher Env",
				"type": "Copy",
				"dependsOn": [],
				"policy": {
					"timeout": "7.00:00:00",
					"retry": 0,
					"retryIntervalInSeconds": 30,
					"secureOutput": false,
					"secureInput": false
				},
				"userProperties": [],
				"typeProperties": {
					"source": {
						"type": "DelimitedTextSource",
						"storeSettings": {
							"type": "AzureBlobFSReadSettings",
							"recursive": true,
							"wildcardFileName": "*",
							"enablePartitionDiscovery": false
						},
						"formatSettings": {
							"type": "DelimitedTextReadSettings"
						}
					},
					"sink": {
						"type": "DelimitedTextSink",
						"storeSettings": {
							"type": "AzureBlobStorageWriteSettings"
						},
						"formatSettings": {
							"type": "DelimitedTextWriteSettings",
							"quoteAllText": true,
							"fileExtension": ".txt"
						}
					},
					"enableStaging": false
				},
				"inputs": [
					{
						"referenceName": "DS_ADLS_MOVE",
						"type": "DatasetReference"
					}
				],
				"outputs": [
					{
						"referenceName": "DS_ABLB_MOVE",
						"type": "DatasetReference"
					}
				]
			}
		],
		"folder": {
			"name": "TTS"
		},
		"annotations": [],
		"lastPublishTime": "2021-02-10T16:35:23Z"
	},
	"type": "Microsoft.DataFactory/factories/pipelines"
}