{
	"name": "PL_SCALE_AAS",
	"properties": {
		"description": "ScaleAzure Analysis Services using a webhook call.",
		"activities": [
			{
				"name": "ScaleAnalysisServices",
				"type": "WebActivity",
				"dependsOn": [],
				"policy": {
					"timeout": "7.00:00:00",
					"retry": 0,
					"retryIntervalInSeconds": 30,
					"secureOutput": false,
					"secureInput": false
				},
				"userProperties": [],
				"typeProperties": {
					"url": "https://58aa0e39-9d27-49e5-b6b8-62c34ebca19d.webhook.ne.azure-automation.net/webhooks?token=VdlIPH%2biX3ERduL7vrv7vsvr0T%2fggcyATmwLqN3m8qU%3d",
					"method": "POST",
					"body": {
						"value": "@concat(pipeline().DataFactory,',',pipeline().RunId,',,,',pipeline().parameters.aasSKU,'')",
						"type": "Expression"
					}
				}
			}
		],
		"parameters": {
			"aasSKU": {
				"type": "string"
			}
		},
		"annotations": [],
		"lastPublishTime": "2020-10-29T08:50:06Z"
	},
	"type": "Microsoft.DataFactory/factories/pipelines"
}