{
	"name": "PL_SCALE_SQLDB",
	"properties": {
		"description": "Scale Azure Sql Database using a webhook call.",
		"activities": [
			{
				"name": "ScaleDB",
				"type": "WebActivity",
				"dependsOn": [],
				"policy": {
					"timeout": "7.00:00:00",
					"retry": 0,
					"retryIntervalInSeconds": 30,
					"secureOutput": false,
					"secureInput": false
				},
				"userProperties": [],
				"typeProperties": {
					"url": "https://s9events.azure-automation.net/webhooks?token=lriM4WaRsRSMkgcX5klkrgDwj0s%2fF1zUOg1GZ1jBtFs%3d",
					"method": "POST",
					"body": {
						"value": "@concat(pipeline().DataFactory,',',pipeline().RunId,',,,Standard,S1')",
						"type": "Expression"
					}
				}
			}
		],
		"annotations": [],
		"lastPublishTime": "2020-10-29T08:50:06Z"
	},
	"type": "Microsoft.DataFactory/factories/pipelines"
}