{
	"name": "PL_Send_Email_Notifications",
	"properties": {
		"activities": [
			{
				"name": "Send Email",
				"description": "hello",
				"type": "WebActivity",
				"dependsOn": [],
				"policy": {
					"timeout": "7.00:00:00",
					"retry": 0,
					"retryIntervalInSeconds": 30,
					"secureOutput": false,
					"secureInput": false
				},
				"userProperties": [],
				"typeProperties": {
					"url": "https://prod-39.northeurope.logic.azure.com:443/workflows/485200ab4d0645358146b2ffdc2e6751/triggers/manual/paths/invoke?api-version=2016-10-01&sp=%2Ftriggers%2Fmanual%2Frun&sv=1.0&sig=dMlAOGl8IBs352gv1j4-FlTuWy6hb3bFqlcjkM-43fw",
					"method": "POST",
					"body": {
						"value": "{\n   \"DataFactoryName\": \"@{pipeline().DataFactory}\",\n   \"PipelineName\": \"@{pipeline().Pipeline}\",\n   \"Subject\": \"@{pipeline().parameters.Subject}\",\n   \"ErrorMessage\": \"@{pipeline().parameters.Message}\",\n   \"EmailTo\": \"@{pipeline().parameters.To}\"\n}",
						"type": "Expression"
					}
				}
			}
		],
		"concurrency": 50,
		"parameters": {
			"To": {
				"type": "string",
				"defaultValue": "pulkit.kumar@unilever.com"
			},
			"Subject": {
				"type": "string",
				"defaultValue": "hello"
			},
			"Message": {
				"type": "string",
				"defaultValue": "message"
			}
		},
		"annotations": [],
		"lastPublishTime": "2020-10-29T08:50:06Z"
	},
	"type": "Microsoft.DataFactory/factories/pipelines"
}