{
	"name": "PL_SCALE_WEB",
	"properties": {
		"description": "Scale Azure Web App using a webhook call.",
		"activities": [
			{
				"name": "ScaleWeb",
				"type": "WebActivity",
				"dependsOn": [],
				"policy": {
					"timeout": "7.00:00:00",
					"retry": 0,
					"retryIntervalInSeconds": 30,
					"secureOutput": false,
					"secureInput": false
				},
				"userProperties": [],
				"typeProperties": {
					"url": "https://58aa0e39-9d27-49e5-b6b8-62c34ebca19d.webhook.ne.azure-automation.net/webhooks?token=KnHQYVO2QDmSRYcdpEzZ5qo9zVkQm3BhwRimYQ%2bPf5I%3d",
					"method": "POST",
					"body": {
						"value": "@concat(pipeline().DataFactory,',',pipeline().RunId,',,,F1')",
						"type": "Expression"
					}
				}
			}
		],
		"annotations": [],
		"lastPublishTime": "2020-10-29T08:50:06Z"
	},
	"type": "Microsoft.DataFactory/factories/pipelines"
}