{
    "$schema": "https://schema.management.azure.com/schemas/2019-04-01/deploymentTemplate.json#",
    "contentVersion": "1.0.0.0",
    "parameters": {
      "actionGroupName": {
        "type": "string",
        "metadata": {
          "description": "Unique name (within the Resource Group) for the Action group."
        }
      },
      "actionGroupShortName": {
        "type": "string",
        "metadata": {
          "description": "Short name (maximum 12 characters) for the Action group."
        }
      },
      "actionGroupPrimaryEmail": {
          "type": "string",
          "metadata": {
              "description": "Primary Email for alert of action group."
          }

      }

    },
    "resources": [
      {
        "type": "Microsoft.Insights/actionGroups",
        "apiVersion": "2018-03-01",
        "name": "[parameters('actionGroupName')]",
        "location": "Global",
        "properties": {
          "groupShortName": "[parameters('actionGroupShortName')]",
          "enabled": true,
          "emailReceivers": [
            {
              "name": "SupportEmail",
              "emailAddress": "[parameters('actionGroupPrimaryEmail')]"
            }
          ]
        }
      }
    ],
    "outputs":{
        "actionGroupId":{
            "type":"string",
            "value":"[resourceId('Microsoft.Insights/actionGroups',parameters('actionGroupName'))]"
        }
    }
  }