{
    "$schema": "https://schema.management.azure.com/schemas/2015-01-01/deploymentParameters.json#",
    "contentVersion": "1.0.0.0",
    "parameters": {
        "factoryName": {
            "value": ""
        },
        "LS_ABLB_properties_typeProperties_connectionString_secretName": {
            "value": "LocalStorageAccountConnection"
        },
        "LS_ADLS_properties_typeProperties_dataLakeStoreUri": {
            "value": ""
        },
        "LS_ADLS_properties_typeProperties_servicePrincipalId": {
            "value": ""
        },
        "LS_ADLS_properties_typeProperties_servicePrincipalKey_secretName": {
            "value": ""
        },
        "LS_ADLS_properties_typeProperties_subscriptionId": {
            "value": ""
        },
        "LS_ADLS_properties_typeProperties_resourceGroupName": {
            "value": ""
        },
        "LS_ADLS_properties_typeProperties_Url": {
            "value": ""
        },
        "LS_ADLS_UDL_properties_typeProperties_dataLakeStoreUri": {
            "value": ""
        },
        "LS_ADLS_UDL_properties_typeProperties_servicePrincipalId": {
            "value": ""
        },
        "LS_ADLS_UDL_properties_typeProperties_servicePrincipalKey_secretName": {
            "value": ""
        },
        "LS_ADLS_UDL_properties_typeProperties_subscriptionId": {
            "value": "50327adb-f8a0-4908-8d31-aa182df19f02"
        },
        "LS_ADLS_UDL_properties_typeProperties_resourceGroupName": {
            "value": ""
        },
        "LS_ADLS_PSLZ_properties_typeProperties_dataLakeStoreUri": {
            "value": ""
        },
        "LS_ADLS_PSLZ_properties_typeProperties_servicePrincipalId": {
            "value": ""
        },
        "LS_ADLS_PSLZ_properties_typeProperties_servicePrincipalKey_secretName": {
            "value": ""
        },
        "LS_ADLS_PSLZ_properties_typeProperties_subscriptionId": {
            "value": ""
        },
        "LS_ADLS_PSLZ_properties_typeProperties_resourceGroupName": {
            "value": ""
        },
        "LS_ASDW_properties_typeProperties_connectionString": {
            "value": ""
        },
        "LS_ASDW_properties_typeProperties_tenant": {
            "value": "f66fae02-5d36-495b-bfe0-78a6ff9f8e6e"
        },
        "LS_ASQL_properties_typeProperties_connectionString": {
            "value": ""
        },
        "LS_ASQL_properties_typeProperties_servicePrincipalId": {
            "value": "ec766eef-80de-462a-a9d0-ea8a0d0122c1"
        },
        "LS_ASQL_properties_typeProperties_servicePrincipalKey_secretName": {
            "value": ""
        },
        "LS_KV_LOCAL_properties_typeProperties_baseUrl": {
            "value": ""
        },
        "dfgw-onprem_properties_typeProperties_linkedInfo_resourceId": {
            "value": ""
        },
        "PL_PAUSE_AAS_properties_0_typeProperties_url": {
			"value": ""
		},
		"PL_PAUSE_SQLDW_properties_0_typeProperties_url": {
			"value": ""
		},
		"PL_RESUME_AAS_properties_0_typeProperties_url": {
			"value": ""
		},
		"PL_RESUME_SQLDW_properties_0_typeProperties_url": {
			"value": ""
		},
		"PL_RESUME_SQLDW_WITH_CALLBACK_properties_0_typeProperties_url": {
			"value": ""
		},
		"PL_SCALE_AAS_properties_0_typeProperties_url": {
			"value": ""
		},
		"PL_SCALE_SQLDB_properties_0_typeProperties_url": {
			"value": ""
		},
		"PL_SCALE_SQLDW_properties_0_typeProperties_url": {
			"value": ""
		}
    }
}