{
    "$schema": "http://schema.management.azure.com/schemas/2015-01-01/deploymentTemplate.json#",
    "contentVersion": "1.0.0.0",
    "parameters": {
        "adlAnalyticsName": {
            "type": "string",
            "metadata": {
                "description": "The name of the Data Lake Analytics account to create."
            }
        },
        "adlStoreName": {
            "type": "string",
            "metadata": {
                "description": "The name of the Data Lake Store account."
            }
        },
        "location": {
            "type": "string",
            "metadata": {
                "description": "The location of the Data Lake Analytics account to create."
            }
        },
        "apiVersion": {
            "type": "string",
            "defaultValue": "2016-11-01",
            "metadata": {
                "description": "The version of the api to provision data lake analytics."
            }
        },
        "tagValues": {
        "type": "object",
        "metadata": {
            "description": "The custom tags for this component"
        }
        }
    },
    "resources": [
        {
            "name": "[parameters('adlAnalyticsName')]",
            "type": "Microsoft.DataLakeAnalytics/accounts",
            "location": "[parameters('location')]",
            "tags":"[parameters('tagValues')]",
            "apiVersion": "[parameters('apiVersion')]",
            "properties": {
                "defaultDataLakeStoreAccount": "[parameters('adlStoreName')]",
                "dataLakeStoreAccounts": [
                    {
                         "properties": {
                            "suffix": "azuredatalakestore.net"
                         },
                        "name": "[parameters('adlStoreName')]"
                    }
                ]
            }
        }
    ]
}