{
    "$schema": "http://schema.management.azure.com/schemas/2015-01-01/deploymentTemplate.json#",
    "contentVersion": "1.0.0.0",
    "parameters": {
        "adlStoreName": {
            "type": "string",
            "metadata": {
                "description": "The name of the Data Lake Store account to create."
            }
        },
        "location": {
            "type": "string",
            "metadata": {
                "description": "The location for the data factory. This must be complaint with the organization approved locations."
            }
        },
        "apiVersion": {
            "type": "string",
            "defaultValue": "2016-11-01",
            "metadata": {
                "description": "The api version to deploy the data lake store."
            }
        },
        "startIpAddress": {
            "type": "string",
            "defaultValue": "192.168.0.1",
            "metadata": {
                "description": "The start ip address for the firewall rules."
            }
        },
        "endIpAddress": {
            "type": "string",
            "defaultValue": "192.168.0.1",
            "metadata": {
                "description": "The end ip address for the firewall rules."
            }
        },
        "firewallRuleName": {
            "type": "string",
            "metadata": {
                "description": "firewall rule name"
            }
        },
        "tagValues": {
            "type": "object",
            "metadata": {
                "description": "The custom tags for this component"
            }
        }
    },
    "resources": [
        {
            "name": "[parameters('adlStoreName')]",
            "type": "Microsoft.DataLakeStore/accounts",
            "location": "[parameters('location')]",
            "tags":"[parameters('tagValues')]",
            "apiVersion": "[parameters('apiVersion')]",
            "properties": {
                "firewallState": "Disabled",
                "firewallAllowAzureIps": "Enabled",        
                "firewallRules": [
                    {
                        "properties": {
                            "startIpAddress": "[parameters('startIpAddress')]",
                            "endIpAddress": "[parameters('endIpAddress')]"
                        },
                        "name": "[parameters('firewallRuleName')]"
                    }
                ],
                "encryptionState": "Enabled",
                "encryptionConfig": {
                    "type": "ServiceManaged"
                }
            }
        }
    ]
}