{
    "$schema": "http://schema.management.azure.com/schemas/2014-04-01-preview/deploymentTemplate.json#",
    "contentVersion": "1.0.0.0",
    "parameters": {
        "analysisServicesName": {
            "type": "string"
        },
        "location": {
            "type": "string"
        },
        "sku": {
            "type": "string",
            "allowedValues": [
                "D1",
                "B1",
                "B2",
                "S0",
                "S1",
                "S2",
                "S4",
                "S8",
                "S9"
            ]
        },
        "admin": {
            "type": "string"
        },
        "backupBlobContainerUri": {
            "type": "string"
        },
        "managedMode": {
            "type": "int",
            "defaultValue": 1
        },
        "ipAddressStart": {
            "type": "string"
        },
        "ipAddressEnd": {
            "type": "string"
        },
        "firewallRuleName": {
            "type": "string"
        }
    },
    "resources": [
        {
            "apiVersion": "2017-08-01",
            "name": "[parameters('analysisServicesName')]",
            "location": "[parameters('location')]",
            "type": "Microsoft.AnalysisServices/servers",
            "sku": {
                "name": "[parameters('sku')]"
            },
            "properties": {
                "asAdministrators": {
                    "members": [
                        "[parameters('admin')]"
                    ]
                },
                "backupBlobContainerUri": "[parameters('backupBlobContainerUri')]",
                "managedMode": "[parameters('managedMode')]",
                "ipV4FirewallSettings": {
                    "firewallRules": [
                        {
                            "firewallRuleName": "[parameters('firewallRuleName')]",
                            "rangeStart": "[parameters('ipAddressStart')]",
                            "rangeEnd": "[parameters('ipAddressEnd')]"
                        }
                    ],
                    "enablePowerBIService": true
                }
            }
        }
    ]
}