{
    "$schema": "https://schema.management.azure.com/schemas/2015-01-01/deploymentTemplate.json#",
    "contentVersion": "1.0.0.0",
    "parameters": {
      "workspaceName": {
        "type": "string",
        "metadata": {
          "description": "The name of the Azure Databricks workspace to create."
        }
      },
      "pricingTier": {
        "type": "string",
        "defaultValue": "premium",
        "allowedValues": [
          "standard",
          "premium"
        ],
        "metadata": {
          "description": "The pricing tier of workspace."
        }
      },
      "location": {
        "type": "string",
        "defaultValue": "[resourceGroup().location]",
        "metadata": {
          "description": "Location for all resources."
        }
      }
    },
    "variables": {
      "managedResourceGroupName": "[concat('databricks-rg-', parameters('workspaceName'), '-', uniqueString(parameters('workspaceName'), resourceGroup().id))]"
    },
    "resources": [
      {
        "type": "Microsoft.Databricks/workspaces",
        "name": "[parameters('workspaceName')]",
        "location": "[parameters('location')]",
        "apiVersion": "2018-04-01",
        "sku": {
          "name": "[parameters('pricingTier')]"
        },
        "properties": {
          "ManagedResourceGroupId": "[concat(subscription().id, '/resourceGroups/', variables('managedResourceGroupName'))]"
        }
      }
    ],
    "outputs": {
      "workspace": {
        "type": "object",
        "value": "[reference(resourceId('Microsoft.Databricks/workspaces', parameters('workspaceName')))]"
      }
    }
  }