{
    "$schema": "http://schema.management.azure.com/schemas/2015-01-01/deploymentTemplate.json#",
    "contentVersion": "1.0.0.0",
    "parameters": {
        "dataFactoryName": {
            "type": "string",
            "metadata": {
                "description" : "The name of the data factory. This must be complaint with the organisation naming standards."
            }
        },
        "location": {
            "type": "string",
            "metadata": {
                "description" : "The location for the data factory. This must be complaint with the organisation approved locations."
            }
        },
        "apiVersion": {
            "type": "string",
            "defaultValue": "2015-10-01",
            "metadata": {
                "description" : "The version of the API to use for deployment"
            }
        },
        "tagValues": {
            "type": "object",
            "metadata": {
                "description": "The custom tags for this component"
            }
        }
    },
    "resources": [
        {
            "type": "Microsoft.DataFactory/dataFactories",
            "apiVersion": "[parameters('apiVersion')]",
            "name": "[parameters('dataFactoryName')]",
            "location": "[parameters('location')]",
            "tags":"[parameters('tagValues')]"
        }
    ]
}