{
    "autoscale": {
        "min_workers": 2,
        "max_workers": 12
    },
    "cluster_name": "prdSharedStandardSpark240",
    "spark_version": "6.4.x-scala2.11",
    "spark_conf": {
        "spark.driver.maxresultsize": "8g",
        "spark.debug.maxToStringFields": "100"
    },
    "node_type_id": "Standard_DS12_v2",
    "driver_node_type_id": "Standard_DS12_v2",
    "ssh_public_keys": [],
    "custom_tags": {
        "Department": "I&A Tech",
        "Project": "empty",
        "support_team": "empty@me.com",
        "Exclude_PMC": "Exclude_PMC"
    },
    "spark_env_vars": {
        "PYSPARK_PYTHON": "/databricks/python3/bin/python3"
    },
    "autotermination_minutes": 20,
    "enable_elastic_disk": true,
    "cluster_source": "API",
    "init_scripts": [],
    "cluster_id": ""
}