{
  "$schema": "https://schema.management.azure.com/schemas/2015-01-01/deploymentTemplate.json#",
  "contentVersion": "1.0.0.0",
  "parameters": {
    
    "parRegions": {
      "type": "string",
      "allowedValues": [
        "northeurope",
        "westeurope"
      ],
      "defaultValue": "westeurope",
      "metadata": {
        "description": "Azure Region"
      }
    },
    "parFunctionAppName": {
      "type": "string",
      "defaultValue": "empty",
      "metadata": {
        "description": "Function App Name"
      }
    },
    "parPlanAppName": {
      "type": "string",
      "defaultValue": "empty",
      "metadata": {
        "description": "Function App Name"
      }
    }
    
  },
  "resources": [
    {
      "type": "Microsoft.Web/serverfarms",
      "apiVersion": "2016-09-01",
      "name": "[parameters('parPlanAppName')]",
      "location": "West Europe",
      "sku": {
          "name": "D1",
          "tier": "Shared",
          "size": "D1",
          "family": "D",
          "capacity": 0
      },
      "kind": "functionapp",
      "properties": {
          "name": "[parameters('parPlanAppName')]",
          "perSiteScaling": false,
          "reserved": false,
          "targetWorkerCount": 0,
          "targetWorkerSizeId": 0
      }
  },
    {
      "type": "Microsoft.Web/sites",
      "apiVersion": "2016-08-01",
      "name": "[parameters('parFunctionAppName')]",
      "dependsOn": [
        "[resourceId('Microsoft.Web/serverfarms', parameters('parPlanAppName'))]"
    ],
      "location": "[parameters('parRegions')]",
           "kind": "functionapp","identity": {
            "principalId": "",
            "tenantId": "",
            "type": "SystemAssigned"
        },
      "properties": {
        "enabled": true,
        "hostNameSslStates": [
          {
            "name": "[concat(parameters('parFunctionAppName'), '.azurewebsites.net')]",
            "sslState": "Disabled",
            "hostType": "Standard"
          },
          {
            "name": "[concat(parameters('parFunctionAppName'), '.scm.azurewebsites.net')]",
            "sslState": "Disabled",
            "hostType": "Repository"
          }
        ],
        "serverFarmId": "[resourceId('Microsoft.Web/serverfarms', parameters('parPlanAppName'))]",
        "reserved": false,
        "scmSiteAlsoStopped": false,
        "clientAffinityEnabled": false,
        "clientCertEnabled": false,
        "hostNamesDisabled": false,
        "containerSize": 1536,
        "dailyMemoryTimeQuota": 0,
        "httpsOnly": true
      }
    },
    {
      "type": "Microsoft.Web/sites/config",
      "apiVersion": "2016-08-01",
      "name": "[concat(parameters('parFunctionAppName'), '/web')]",
      "location": "[parameters('parRegions')]",
      "dependsOn": [
        "[resourceId('Microsoft.Web/sites', parameters('parFunctionAppName'))]"
      ],
      "properties": {
        "numberOfWorkers": 1,
        "defaultDocuments": [
          "Default.htm",
          "Default.html",
          "Default.asp",
          "index.htm",
          "index.html",
          "iisstart.htm",
          "default.aspx",
          "index.php"
        ],
        "netFrameworkVersion": "v4.0",
        "phpVersion": "5.6",
        "pythonVersion": "",
        "nodeVersion": "",
        "linuxFxVersion": "",
        "requestTracingEnabled": false,
        "remoteDebuggingEnabled": false,
        "httpLoggingEnabled": false,
        "logsDirectorySizeLimit": 35,
        "detailedErrorLoggingEnabled": false,
        "publishingUsername": "$neutest999",
        "scmType": "None",
        "use32BitWorkerProcess": true,
        "webSocketsEnabled": false,
        "alwaysOn": false,
        "appCommandLine": "",
        "managedPipelineMode": "Integrated",
        "virtualApplications": [
          {
            "virtualPath": "/",
            "physicalPath": "site\\wwwroot",
            "preloadEnabled": false,
            "virtualDirectories": null
          }
        ],
        "winAuthAdminState": 0,
        "winAuthTenantState": 0,
        "customAppPoolIdentityAdminState": false,
        "customAppPoolIdentityTenantState": false,
        "loadBalancing": "LeastRequests",
        "routingRules": [],
        "experiments": {
          "rampUpRules": []
        },
        "autoHealEnabled": false,
        "vnetName": "",
        "siteAuthEnabled": false,
        "siteAuthSettings": {
          "enabled": null,
          "unauthenticatedClientAction": null,
          "tokenStoreEnabled": null,
          "allowedExternalRedirectUrls": null,
          "defaultProvider": null,
          "clientId": null,
          "clientSecret": null,
          "clientSecretCertificateThumbprint": null,
          "issuer": null,
          "allowedAudiences": null,
          "additionalLoginParams": null,
          "isAadAutoProvisioned": false,
          "googleClientId": null,
          "googleClientSecret": null,
          "googleOAuthScopes": null,
          "facebookAppId": null,
          "facebookAppSecret": null,
          "facebookOAuthScopes": null,
          "twitterConsumerKey": null,
          "twitterConsumerSecret": null,
          "microsoftAccountClientId": null,
          "microsoftAccountClientSecret": null,
          "microsoftAccountOAuthScopes": null
        },
        "cors": {
          "allowedOrigins": [
            "https://functions.azure.com",
            "https://functions-staging.azure.com",
            "https://functions-next.azure.com"
          ],
          "supportCredentials": false
        },
        "localMySqlEnabled": false,
        "http20Enabled": false,
        "minTlsVersion": "1.2",
        "ftpsState": "AllAllowed",
        "reservedInstanceCount": 0
      }
    },
    {
      "type": "Microsoft.Web/sites/hostNameBindings",
      "apiVersion": "2016-08-01",
      "name": "[concat(parameters('parFunctionAppName'), '/', parameters('parFunctionAppName'), '.azurewebsites.net')]",
      "location": "[parameters('parRegions')]",
      "dependsOn": [
        "[resourceId('Microsoft.Web/sites', parameters('parFunctionAppName'))]"
      ],
      "properties": {
        "siteName": "[parameters('parFunctionAppName')]",
        "hostNameType": "Verified"
      }
    }
  ],
  "outputs": {}
}
