{
    "$schema": "https://schema.management.azure.com/schemas/2015-01-01/deploymentTemplate.json#",
    "contentVersion": "1.0.0.0",
    "parameters": {
        "clusterName": {
            "type": "string",
            "metadata": {
                "description": "The name of the HDInsight cluster to create."
            }
        },
        "clusterVersion": {
            "type": "string",
            "metadata": {
                "description": "The version of the HDInsight cluster to create."
            }
        },
        "clusterOSType": {
            "type": "string",
            "defaultValue": "Linux",
            "metadata": {
                "description": "The ostype of the HDInsight cluster to create."
            }
        },
        "clusterAdminLogin": {
            "type": "string",
            "defaultValue": "cladmin",
            "metadata": {
                "description": "These credentials can be used to submit jobs to the cluster and to log into cluster dashboards."
            }
        },
        "clusterAdminPassword": {
            "type": "securestring",
            "metadata": {
                "description": "The password must be at least 10 characters in length and must contain at least one digit, one non-alphanumeric character, and one upper or lower case letter."
            }
        },
        "clusterSSHUserName": {
            "type": "string",
            "defaultValue": "sshuser",
            "metadata": {
                "description": "These credentials can be used to remotely access the cluster."
            }
        },
        "clusterSSHUserPassword": {
            "type": "securestring",
            "metadata": {
                "description": "The password must be at least 10 characters in length and must contain at least one digit, one non-alphanumeric character, and one upper or lower case letter."
            }
        },
        "location": {
            "type": "string",
            "defaultValue": "East US",
            "allowedValues": [
                "East US",
                "East US 2",
                "North Central US",
                "South Central US",
                "West US",
                "North Europe",
                "West Europe",
                "East Asia",
                "Southeast Asia",
                "Japan East",
                "Japan West",
                "Australia East",
                "Australia Southeast"
            ],
            "metadata": {
                "description": "The location where all azure resources will be deployed."
            }
        },
        "clusterStorageAccountResourceGroupName": {
            "type": "string",
            "metadata": {
                "description": "Name of the resource group containing the cluster storage account"
            }
        },        
        "clusterStorageAccountName": {
            "type": "string",
            "metadata": {
                "description": "Name of the cluster storage account"
            }
        },        
        "clusterType": {
            "type": "string",
            "defaultValue": "Standard",
            "allowedValues": [
                "Standard",
                "Premium"
            ],
            "metadata": {
                "description": "The type of cluster Standard or Premium"
            }
        },
        "clusterKind": {
            "type": "string",
            "defaultValue": "spark",
            "allowedValues": [
                "hadoop",
                "hbase",
                "storm",
                "spark"
            ],
            "metadata": {
                "description": "The type of the HDInsight cluster to create."
            }
        },
        "clusterHeadNodeCount": {
            "type": "int",
            "defaultValue": 2,
            "metadata": {
                "description": "The number of head nodes in the HDInsight cluster."
            }
        },
        "clusterHeadNodeVMSize": {
            "type": "string",
            "metadata": {
                "description": "The size of head nodes VMs in the HDInsight cluster."
            }
        },
        "clusterWorkerNodeCount": {
            "type": "int",
            "defaultValue": 2,
            "metadata": {
                "description": "The number of worker nodes in the HDInsight cluster."
            }
        },
        "clusterWorkerNodeVMSize": {
            "type": "string",
            "metadata": {
                "description": "The size of worker nodes VMs in the HDInsight cluster."
            }
        },
        "clusterApiVersion": {
            "type": "string",
            "defaultValue": "2015-03-01-preview",
            "metadata": {
                "description": "The number of nodes in the HDInsight cluster."
            }
        },
        "storageApiVersion": {
            "type": "string",
            "defaultValue": "2016-12-01",
            "metadata": {
                "description": "The number of nodes in the HDInsight cluster."
            }
        },
        "tagValues": {
            "type": "object",
            "metadata": {
                "description": "The custom tags for this component"
            }
        }
    },
    "variables": {},
    "resources": [
        {
            "name": "[parameters('clusterName')]",
            "type": "Microsoft.HDInsight/clusters",
            "location": "[parameters('location')]",
            "apiVersion": "[parameters('clusterApiVersion')]",
            "tags":"[parameters('tagValues')]",
            "properties": {
                "clusterVersion": "[parameters('clusterVersion')]",
                "osType": "[parameters('clusterOSType')]",
                "clusterDefinition": {
                    "kind": "[parameters('clusterKind')]",
                    "type" : "[parameters('clusterType')]",
                    "configurations": {
                        "gateway": {
                            "restAuthCredential.isEnabled": true,
                            "restAuthCredential.username": "[parameters('clusterAdminLogin')]",
                            "restAuthCredential.password": "[parameters('clusterAdminPassword')]"
                        }
                    }
                },
                "storageProfile": {
                    "storageaccounts": [
                        {
                            "name": "[replace(replace(reference(resourceId(parameters('clusterStorageAccountResourceGroupName'),'Microsoft.Storage/storageAccounts', parameters('clusterStorageAccountName')), parameters('storageApiVersion')).primaryEndpoints.blob,'https://',''),'/','')]",
                            "isDefault": true,
                            "container": "[parameters('clusterName')]",
                            "key": "[listKeys(resourceId(parameters('clusterStorageAccountResourceGroupName'),'Microsoft.Storage/storageAccounts', parameters('clusterStorageAccountName')), parameters('storageApiVersion')).keys[0].value]"
                        }
                    ]
                },
                "computeProfile": {
                    "roles": [
                        {
                            "name": "headnode",
                            "targetInstanceCount": "[parameters('clusterHeadNodeCount')]",
                            "hardwareProfile": {
                                "vmSize": "[parameters('clusterHeadNodeVMSize')]"
                            },
                            "osProfile": {
                                "linuxOperatingSystemProfile": {
                                    "username": "[parameters('clusterSSHUserName')]",
                                    "password": "[parameters('clusterSSHUserPassword')]"
                                }
                            }
                        },
                        {
                            "name": "workernode",
                            "targetInstanceCount": "[parameters('clusterWorkerNodeCount')]",
                            "hardwareProfile": {
                                "vmSize": "[parameters('clusterWorkerNodeVMSize')]"
                            },
                            "osProfile": {
                                "linuxOperatingSystemProfile": {
                                    "username": "[parameters('clusterSSHUserName')]",
                                    "password": "[parameters('clusterSSHUserPassword')]"
                                }
                            }
                        }
                    ]
                }
            }
        }
    ],
    "outputs": {}
}