{
  "$schema": "https://schema.management.azure.com/schemas/2015-01-01/deploymentTemplate.json#",
  "contentVersion": "1.0.0.0",
  "parameters": {
    "keyVaultName": {
      "type": "string",
      "metadata": {
        "description": "Name of the Vault"
      }
    },
    "location": {
      "type": "string",
      "metadata": {
        "Description": "The location of the storage account."
      }
    },    
    "tenantId": {
      "type": "string",
      "metadata": {
        "description": "Tenant Id of the subscription. Get using Get-AzureSubscription cmdlet or Get Subscription API"
      }
    },
    "objectId": {
      "type": "string",
      "metadata": {
        "description": "Object Id of the AD user or Service Principal."
      }
    },
    "skuName": {
      "type": "string",
      "allowedValues": [
        "Standard",
        "Premium"
      ],
      "metadata": {
        "description": "SKU for the vault"
      }
    },
    "enableVaultForDeployment": {
      "type": "bool",
      "allowedValues": [
        true,
        false
      ],
      "metadata": {
        "description": "Specifies if the vault is enabled for a VM deployment"
      }
    },
    "enableVaultForDiskEncryption": {
      "type": "bool",
      "allowedValues": [
        true,
        false
      ],
      "metadata": {
        "description": "Specifies if the vault is enabled for a disk encryption "
      }
    },
    "enabledForTemplateDeployment": {
      "type": "bool",
      "allowedValues": [
        true,
        false
      ],
      "metadata": {
        "description": "Specifies if the vault is enabled for a template deployment"
      }
    },
    "keysPermissions": {
      "type": "string",
      "metadata": {
        "description": "Specifies the vault key permissions"
      }
    },
    "secretsPermissions": {
      "type": "string",
      "metadata": {
        "description": "Specifies the vault secret permissions"
      }
    },
    "tagValues": {
      "type": "object",
      "metadata": {
        "description": "The custom tags for this component"
      }
    }
  },
  "resources": [
    {
      "type": "Microsoft.KeyVault/vaults",
      "name": "[parameters('keyVaultName')]",
      "apiVersion": "2015-06-01",
      "location": "[parameters('location')]",
      "tags":"[parameters('tagValues')]",
      "properties": {
        "enabledForDeployment": "[parameters('enableVaultForDeployment')]",
        "enabledForDiskEncryption": "[parameters('enableVaultForDiskEncryption')]",
        "enabledForTemplateDeployment": "[parameters('enabledForTemplateDeployment')]",
        "tenantId": "[parameters('tenantId')]",
        "accessPolicies": [
          {
            "tenantId": "[parameters('tenantId')]",
            "objectId": "[parameters('objectId')]",
            "permissions": {              
              "secrets": ["[parameters('secretsPermissions')]"]
            }
          }
        ],
        "sku": {
          "name": "[parameters('skuName')]",
          "family": "A"
        }
      }
    }
  ]
}
