{
    "$schema": "https://schema.management.azure.com/schemas/2015-01-01/deploymentTemplate.json#",
    "contentVersion": "1.0.0.0",
    "parameters": {
        "workspace_name": {
            "type": "String"
        },
        "location": {
            "defaultValue": "westeurope",
            "type": "String"
        }
    },
    "variables": {},
    "resources": [
        {
            "type": "microsoft.operationalinsights/workspaces",
            "apiVersion": "2015-11-01-preview",
            "name": "[parameters('workspace_name')]",
            "location": "[parameters('location')]",
            "properties": {
                "sku": {
                    "name": "pergb2018"
                },
               
                "retentionInDays": 30
            }
        }
    ]
}