{
  "$schema": "https://schema.management.azure.com/schemas/2015-01-01/deploymentTemplate.json#",
  "contentVersion": "1.0.0.0",
  "parameters": {
    "logicAppName": {
      "type": "string",
      "defaultValue": "",
      "metadata": {
        "description": "Name of the Logic App."
      }
    },
    "logicAppLocation": {
      "type": "string",
      "defaultValue": "[resourceGroup().location]",
      "allowedValues": [
        "[resourceGroup().location]",
        "northeurope",
        "westeurope"
      ],
      "metadata": {
        "description": "Location of the Logic App."
      }
    },
    "logicAppO365apiConnection": {
      "type": "string",
      "defaultValue": "office365"
    },
    "office365_displayName": {
      "type": "string",
      "defaultValue": ""
    },
    "logicAppSqlDWapiConnection": {
      "type": "string",
      "defaultValue": "sqldw"
    },
    "logicAppSqlDWapiConnectionDisplay": {
      "type": "string",
      "defaultValue": "azuresqldw"
    },
    "sqldw_server": {
      "type": "string",
      "defaultValue": "",
      "metadata": {
        "description": "Azure SQL Data Warehouse server name"
      }
    },
    "sqldw_database": {
      "type": "string",
      "defaultValue": "",
      "metadata": {
        "description": "Azure SQL Data Warehouse database name"
      }
    },
    "sqldw_username": {
      "type": "securestring",
      "defaultValue": "",
      "metadata": {
        "description": "Username credential"
      }
    },
    "sqldw_password": {
      "type": "securestring",
      "defaultValue": "",
      "metadata": {
        "description": "Password credential"
      }
    },
    "azuremonitorlogs_name": {
      "type": "string",
      "defaultValue": "bnlwe-da0x-x-xxxxx-logicapp-loganalytics-01"
    },
    "azuremonitorlogs_displayName": {
      "type": "string",
      "defaultValue": "bnlwe-da0x-x-xxxxx-logicapp-loganalytics-01"
    },
    "azuremonitorlogs_token_clientId": {
      "type": "string",
      "defaultValue": "xxxxxxxx-xxxx-xxxx-xxxx-xxxxxxxxxxxx",
      "metadata": {
        "description": "Client (or Application) ID of the Azure Active Directory application."
      }
    },
    "azuremonitorlogs_token_clientSecret": {
      "type": "securestring",
      "defaultValue": "",
      "metadata": {
        "description": "Client secret of the Azure Active Directory application."
      }
    },
    "azuremonitorlogs_token_TenantId": {
      "type": "string",
      "defaultValue": "f66fae02-5d36-495b-bfe0-78a6ff9f8e6e",
      "metadata": {
        "description": "The tenant ID of the Azure Active Directory application."
      }
    },
    "azuremonitorlogs_token_resourceUri": {
      "type": "string",
      "defaultValue": "https://management.core.windows.net/",
      "metadata": {
        "description": "The resource you are requesting authorization to use."
      }
    },
    "azuremonitorlogs_token_grantType": {
      "type": "string",
      "defaultValue": "client_credentials",
      "allowedValues": [
        "code",
        "client_credentials"
      ],
      "metadata": {
        "description": "Grant type"
      }
    },
    "logicAppDatalakeapiConnection": {
      "type": "string",
      "defaultValue": "azuredatalake"
    },
    "logicAppDatalakeapiConnectionDisplay": {
      "type": "string",
      "defaultValue": "azuredatalake"
    },
    "azuredatalake_token_clientId": {
      "type": "string",
      "defaultValue": "xxxxxxxx-xxxx-xxxx-xxxx-xxxxxxxxxxxx",
      "metadata": {
        "description": "Client (or Application) ID of the Azure Active Directory application."
      }
    },
    "azuredatalake_token_clientSecret": {
      "type": "securestring",
      "defaultValue": "",
      "metadata": {
        "description": "Client secret of the Azure Active Directory application."
      }
    },
    "azuredatalake_token_TenantId": {
      "type": "string",
      "defaultValue": "f66fae02-5d36-495b-bfe0-78a6ff9f8e6e",
      "metadata": {
        "description": "The tenant ID of for the Azure Active Directory application"
      }
    },
    "azuredatalake_token_resourceUri": {
      "type": "string",
      "defaultValue": "https://management.core.windows.net/",
      "metadata": {
        "description": "The resource you are requesting authorization to use."
      }
    },
    "azuredatalake_token_grantType": {
      "type": "string",
      "defaultValue": "client_credentials",
      "allowedValues": [
        "code",
        "client_credentials"
      ],
      "metadata": {
        "description": "Grant type"
      }
    },
    "apiconnection_adlsgen2_name": {
      "type": "string",
      "defaultValue": "adls2"
    },
    "apiconnection_adlsgen2_accountName": {
      "type": "string",
      "defaultValue": "",
      "metadata": {
        "description": "Name of the storage account the connector should use."
      }
    },
    "apiconnection_adlsgen2_displayname": {
      "type": "string",
      "defaultValue": "",
      "metadata": {
        "description": "Display Name of the connector should use."
      }
    },
    "apiconnection-adlsgen2_resourceGroupName": {
      "type": "string",
      "defaultValue": "daxx-xx-x-xxxxx-rg"
    },
    "createSqlDwConnection": {
      "type": "bool",
      "defaultValue": false,
      "metadata": {
        "description": "The switch to create SQL DW connection."
      }
    },
    "createSqlConnection": {
      "type": "bool",
      "defaultValue": false,
      "metadata": {
        "description": "The switch to create SQL connection."
      }
    },
    "logicAppSqlapiConnection": {
      "type": "string",
      "defaultValue": "sql"
    },
    "logicAppSqlapiConnectionDisplay": {
      "type": "string",
      "defaultValue": "azuresql"
    },
    "sql_server": {
      "type": "string",
      "defaultValue": "",
      "metadata": {
        "description": "Azure SQL server name"
      }
    },
    "sql_database": {
      "type": "string",
      "defaultValue": "",
      "metadata": {
        "description": "Azure SQL database name"
      }
    },
    "sql_username": {
      "type": "securestring",
      "defaultValue": "",
      "metadata": {
        "description": "Username credential"
      }
    },
    "sql_password": {
      "type": "securestring",
      "defaultValue": "",
      "metadata": {
        "description": "Password credential"
      }
    },
    "sqldb_sqlConnectionString": {
      "type": "string",
      "defaultValue": "",
      "metadata": {
        "description": "SQL Connection String"
      }
    },
    "createMonitorLogsConnection": {
      "type": "bool",
      "defaultValue": false,
      "metadata": {
        "description": "The switch to create Monitor Logs connection."
      }
    },
    "createDatalakeConnection": {
      "type": "bool",
      "defaultValue": false,
      "metadata": {
        "description": "The switch to create Datalake connection."
      }
    },
    "createADLSGen2Connection": {
      "type": "bool",
      "defaultValue": false,
      "metadata": {
        "description": "The switch to create ADLS Gen 2 connection."
      }
    }
  },
  "variables": {
  },
  "resources": [
    {
      "type": "Microsoft.Logic/workflows",
      "apiVersion": "2016-06-01",
      "name": "[parameters('logicAppName')]",
      "location": "[parameters('logicAppLocation')]",
      "properties": {
        "definition": {
          "$schema": "https://schema.management.azure.com/providers/Microsoft.Logic/schemas/2016-06-01/workflowdefinition.json#",
          "contentVersion": "1.0.0.0"
        }
      }
    },
    {
      "type": "Microsoft.Web/connections",     
      "apiVersion": "2016-06-01",
      "location": "[parameters('logicAppLocation')]",
      "name": "[parameters('logicAppO365apiConnection')]",
      "properties": {
        "api": {
          "id": "[concat('/subscriptions/',subscription().subscriptionId,'/providers/Microsoft.Web/locations/',parameters('logicAppLocation'),'/managedApis/office365')]"
        },
        "displayName": "[parameters('office365_displayName')]"
      }
    },
    {
      "type": "Microsoft.Web/connections",
      "condition": "[parameters('createSqlDwConnection')]",
      "apiVersion": "2016-06-01",
      "location": "[parameters('logicAppLocation')]",
      "name": "[parameters('logicAppSqlDWapiConnection')]",
      "properties": {
        "api": {
          "id": "[concat('/subscriptions/',subscription().subscriptionId,'/providers/Microsoft.Web/locations/',parameters('logicAppLocation'),'/managedApis/sqldw')]"
        },
        "displayName": "[parameters('logicAppSqlDWapiConnectionDisplay')]",
        "parameterValues": {
          "server": "[parameters('sqldw_server')]",
          "database": "[parameters('sqldw_database')]",
          "username": "[parameters('sqldw_username')]",
          "password": "[parameters('sqldw_password')]"
        }
      }
    },
    {
      "type": "Microsoft.Web/connections",
      "condition": "[parameters('createMonitorLogsConnection')]",
      "apiVersion": "2016-06-01",
      "location": "[parameters('logicAppLocation')]",
      "name": "[parameters('azuremonitorlogs_name')]",
      "properties": {
        "api": {
          "id": "[concat('/subscriptions/',subscription().subscriptionId,'/providers/Microsoft.Web/locations/',parameters('logicAppLocation'),'/managedApis/azuremonitorlogs')]"
        },
        "displayName": "[parameters('azuremonitorlogs_displayName')]",
        "parameterValues": {
          "token:clientId": "[parameters('azuremonitorlogs_token_clientId')]",
          "token:clientSecret": "[parameters('azuremonitorlogs_token_clientSecret')]",
          "token:TenantId": "[parameters('azuremonitorlogs_token_TenantId')]",
          "token:resourceUri": "[parameters('azuremonitorlogs_token_resourceUri')]",
          "token:grantType": "[parameters('azuremonitorlogs_token_grantType')]"
        }
      }
    },
    {
      "type": "Microsoft.Web/connections",
      "condition": "[parameters('createDatalakeConnection')]",    
      "apiVersion": "2016-06-01",
      "location": "[parameters('logicAppLocation')]",
      "name": "[parameters('logicAppDatalakeapiConnection')]",
      "properties": {
        "api": {
          "id": "[concat('/subscriptions/',subscription().subscriptionId,'/providers/Microsoft.Web/locations/',parameters('logicAppLocation'),'/managedApis/azuredatalake')]"
        },
        "displayName": "[parameters('logicAppDatalakeapiConnectionDisplay')]",
        "parameterValues": {
          "token:clientId": "[parameters('azuredatalake_token_clientId')]",
          "token:clientSecret": "[parameters('azuredatalake_token_clientSecret')]",
          "token:TenantId": "[parameters('azuredatalake_token_TenantId')]",
          "token:resourceUri": "[parameters('azuredatalake_token_resourceUri')]",
          "token:grantType": "[parameters('azuredatalake_token_grantType')]"
        }
      }
    },
    {
      "type": "Microsoft.Web/connections",
      "condition": "[parameters('createADLSGen2Connection')]",
      "apiVersion": "2016-06-01",     
      "location": "[parameters('logicAppLocation')]",
      "name": "[parameters('apiconnection_adlsgen2_name')]",
      "properties": {
        "api": {
          "id": "[concat('/subscriptions/',subscription().subscriptionId,'/providers/Microsoft.Web/locations/',parameters('logicAppLocation'),'/managedApis/azureblob')]"
        },
        "displayName": "[parameters('apiconnection_adlsgen2_displayname')]",
        "parameterValues": {
          "accountName": "[parameters('apiconnection_adlsgen2_accountName')]",
          "accessKey": "[if(parameters('createADLSGen2Connection'), listKeys(resourceId(parameters('apiconnection-adlsgen2_resourceGroupName'),'Microsoft.Storage/storageAccounts', parameters('apiconnection_adlsgen2_accountName')), '2018-02-01').keys[0].value, json('null'))]"
        }
      }
    },    
    {
      "type": "Microsoft.Web/connections",        
      "condition": "[parameters('createSqlConnection')]",
      "apiVersion": "2016-06-01",
      "location": "[parameters('logicAppLocation')]",
      "name": "[parameters('logicAppSqlapiConnection')]",
      "properties": {
        "api": {
          "id": "[concat('/subscriptions/',subscription().subscriptionId,'/providers/Microsoft.Web/locations/',parameters('logicAppLocation'),'/managedApis/sql')]"
        },
        "displayName": "[parameters('logicAppSqlapiConnectionDisplay')]",
        "parameterValues": {
          "server": "[parameters('sql_server')]",
          "database": "[parameters('sql_database')]",
          "username": "[parameters('sql_username')]",
          "password": "[parameters('sql_password')]",
          "sqlConnectionString": "[parameters('sqldb_sqlConnectionString')]"
        }
      }
    }
  ]
}
