{
    "$schema": "https://schema.management.azure.com/schemas/2015-01-01/deploymentTemplate.json#",
    "contentVersion": "1.0.0.0",
     "parameters": {
      "connectionLocation": {
        "type": "string",
        "defaultValue": "[resourceGroup().location]",
        "allowedValues": [
          "[resourceGroup().location]",
          "northeurope",
          "westeurope"
        ],
        "metadata": {
          "description": "Location of the Logic App."
        }
      },
      "logicAppDatalakeapiConnection": {
        "type": "string",
        "defaultValue": "azuredatalake"
      },
      "logicAppDatalakeapiConnectionDisplay": {
        "type": "string",
        "defaultValue": "azuredatalake"
      },
      "azuredatalake_token_clientId": {
        "type": "string",
        "defaultValue": "xxxxxxxx-xxxx-xxxx-xxxx-xxxxxxxxxxxx",
        "metadata": {
          "description": "Client (or Application) ID of the Azure Active Directory application."
        }
      },
      "azuredatalake_token_clientSecret": {
        "type": "securestring",
        "defaultValue": null,
        "metadata": {
          "description": "Client secret of the Azure Active Directory application."
        }
      },
      "azuredatalake_token_TenantId": {
        "type": "string",
        "defaultValue": "f66fae02-5d36-495b-bfe0-78a6ff9f8e6e",
        "metadata": {
          "description": "The tenant ID of for the Azure Active Directory application"
        }
      },
      "azuredatalake_token_resourceUri": {
        "type": "string",
        "defaultValue": null,
        "metadata": {
          "description": "The resource you are requesting authorization to use."
        }
      },
      "azuredatalake_token_grantType": {
        "type": "string",
        "defaultValue": "client_credentials",
        "allowedValues": [
          "code",
          "client_credentials"
        ],
        "metadata": {
          "description": "Grant type"
        }
      }
    },
    "variables": {},
    "resources": [
      {
        "type": "Microsoft.Web/connections",
        "apiVersion": "2016-06-01",
        "location": "[parameters('connectionLocation')]",
        "name": "[parameters('logicAppDatalakeapiConnection')]",
        "properties": {
          "api": {
            "id": "[concat('/subscriptions/',subscription().subscriptionId,'/providers/Microsoft.Web/locations/',parameters('connectionLocation'),'/managedApis/azuredatalake')]"
          },
          "displayName": "[parameters('logicAppDatalakeapiConnectionDisplay')]",
          "parameterValues": {
            "token:clientId": "[parameters('azuredatalake_token_clientId')]",
            "token:clientSecret": "[parameters('azuredatalake_token_clientSecret')]",
            "token:TenantId": "[parameters('azuredatalake_token_TenantId')]",
            "token:resourceUri": "[parameters('azuredatalake_token_resourceUri')]",
            "token:grantType": "[parameters('azuredatalake_token_grantType')]"
          }
        }
      }
    ],
    "outputs": {}
  }
  