{
    "$schema": "https://schema.management.azure.com/schemas/2015-01-01/deploymentTemplate.json#",
    "contentVersion": "1.0.0.0",
    "parameters": {
      "connectionLocation": {
        "type": "string",
        "defaultValue": "[resourceGroup().location]",
        "allowedValues": [
          "[resourceGroup().location]",
          "northeurope",
          "westeurope"
        ],
        "metadata": {
          "description": "Location of the Logic App."
        }
      },
      "logicAppO365apiConnection": {
        "type": "string",
        "defaultValue": "office365"
      },
      "office365_displayName": {
        "type": "string",
        "defaultValue": ""
      }
    },
    "variables": {},
    "resources": [
      {
        "type": "Microsoft.Web/connections",
        "apiVersion": "2016-06-01",
        "location": "[parameters('connectionLocation')]",
        "name": "[parameters('logicAppO365apiConnection')]",
        "properties": {
          "api": {
            "id": "[concat('/subscriptions/',subscription().subscriptionId,'/providers/Microsoft.Web/locations/',parameters('connectionLocation'),'/managedApis/office365')]"
          },
          "displayName": "[parameters('office365_displayName')]"
        }
      }
    ],
    "outputs": {}
  }