{
    "$schema": "https://schema.management.azure.com/schemas/2015-01-01/deploymentTemplate.json#",
    "contentVersion": "1.0.0.0",
    "parameters": {
      "connectionLocation": {
        "type": "string",
        "defaultValue": "[resourceGroup().location]",
        "allowedValues": [
          "[resourceGroup().location]",
          "northeurope",
          "westeurope"
        ],
        "metadata": {
          "description": "Location of the Logic App."
        }
      },
      "logicAppSqlDWapiConnection": {
        "type": "string",
        "defaultValue": "sqldw"
      },
      "logicAppSqlDWapiConnectionDisplay": {
        "type": "string",
        "defaultValue": "azuresqldw"
      },
      "sqldw_server": {
        "type": "string",
        "defaultValue": "",
        "metadata": {
          "description": "Azure SQL Data Warehouse server name"
        }
      },
      "sqldw_database": {
        "type": "string",
        "defaultValue": "",
        "metadata": {
          "description": "Azure SQL Data Warehouse database name"
        }
      },
      "sqldw_username": {
        "type": "securestring",
        "defaultValue": null,
        "metadata": {
          "description": "Username credential"
        }
      },
      "sqldw_password": {
        "type": "securestring",
        "defaultValue": null,
        "metadata": {
          "description": "Password credential"
        }
      }
    },
    "variables": {},
    "resources": [
      {
        "type": "Microsoft.Web/connections",
        "apiVersion": "2016-06-01",
        "location": "[parameters('connectionLocation')]",
        "name": "[parameters('logicAppSqlDWapiConnection')]",
        "properties": {
          "api": {
            "id": "[concat('/subscriptions/',subscription().subscriptionId,'/providers/Microsoft.Web/locations/',parameters('connectionLocation'),'/managedApis/sqldw')]"
          },
          "displayName": "[parameters('logicAppSqlDWapiConnectionDisplay')]",
          "parameterValues": {
            "server": "[parameters('sqldw_server')]",
            "database": "[parameters('sqldw_database')]",
            "username": "[parameters('sqldw_username')]",
            "password": "[parameters('sqldw_password')]"
          }
        }
      }
    ],
    "outputs": {}
  }
  