{
  "$schema": "https://schema.management.azure.com/schemas/2015-01-01/deploymentTemplate.json#",
  "contentVersion": "1.0.0.0",
  "parameters": {
    "workspaceName": {
      "type": "string",
      "metadata": {
        "description": "Specifies the name of the Azure Machine Learning workspace."
      }
    },
    "storageAccountName": {
      "type": "string",
      "metadata": {
        "description": "Specifies the name of the storage account to use."
      }
    },
    "keyVaultName": {
      "type": "string",
      "metadata": {
        "description": "Specifies the name of the Key Vault Machine Learning will use."
      }
    },
    "applicationInsightsName": {
      "type": "string",
      "metadata": {
        "description": "Specifies the name of Application Insights Machine Learning will use."
      }
    },
    "containerRegistryName": {
      "type": "string",
      "metadata": {
        "description": "Specifies the name of Azure Container Machine Learning will use."
      }
    },
    "location": {
      "type": "string",
      "defaultValue": "westeurope",
      "metadata": {
        "description": "Specifies the location for all resources."
      }
    },
    "sku":{
      "type": "string",
      "defaultValue": "enterprise",
        "allowedValues": [
          "basic",
          "enterprise"
        ],
        "metadata": {
          "description": "Specifies the sku, also referred as 'edition' of the Azure Machine Learning workspace."
          }
          },
          "tagValues": {
            "type": "object",
            "metadata": {
              "description": "The custom tags for this component"
            }
          }
        },
  "variables": {
    "storageAccountType": "Standard_LRS",
    "tenantId": "[subscription().tenantId]"
  },
  "resources": [
    {
      "type": "Microsoft.Storage/storageAccounts",
      "apiVersion": "2018-07-01",
      "name": "[parameters('storageAccountName')]",
      "location": "[parameters('location')]",
      "sku": {
        "name": "[variables('storageAccountType')]"
      },     
      "tags": "[parameters('tagValues')]",
      "kind": "StorageV2",
      "properties": {
        "encryption": {
          "services": {
            "blob": {
              "enabled": true
            },
            "file": {
              "enabled": true
            }
          },
          "keySource": "Microsoft.Storage"
        },
        "supportsHttpsTrafficOnly": true
    }
  },
  {
    "type": "Microsoft.KeyVault/vaults",
    "apiVersion": "2018-02-14",
    "name": "[parameters('keyVaultName')]",
    "location": "[parameters('location')]",
    "tags": "[parameters('tagValues')]",
    "properties": {
      "tenantId": "[variables('tenantId')]",
      "sku": {
        "name": "standard",
        "family": "A"
      },
      "accessPolicies": []
      }
    },
    {
      "type": "Microsoft.Insights/components",
      "apiVersion": "2015-05-01",
      "name": "[parameters('applicationInsightsName')]",
      "location": "[if(or(equals(parameters('location'),'eastus2'),equals(parameters('location'),'westcentralus')),'southcentralus',parameters('location'))]",
      "kind": "web",
      "properties": {
        "Application_Type": "web"
      }
    },
    {
      "type": "Microsoft.ContainerRegistry/registries",
      "apiVersion": "2017-10-01",
      "name": "[parameters('containerRegistryName')]",
      "location": "[parameters('location')]",
      "sku": {
        "name": "Standard"
      },
      "properties": {
        "adminUserEnabled": true
      }
    },
    {
      "type": "Microsoft.MachineLearningServices/workspaces",
      "apiVersion": "2019-11-01",
      "name": "[parameters('workspaceName')]",
      "location": "[parameters('location')]",
      "dependsOn": [
        "[resourceId('Microsoft.Storage/storageAccounts', parameters('storageAccountName'))]",
        "[resourceId('Microsoft.KeyVault/vaults', parameters('keyVaultName'))]",
        "[resourceId('Microsoft.Insights/components', parameters('applicationInsightsName'))]",
        "[resourceId('Microsoft.ContainerRegistry/registries', parameters('containerRegistryName'))]"
      ],
      "identity": {
        "type": "systemAssigned"
      },
      "sku": {
        "tier": "[parameters('sku')]",
        "name": "[parameters('sku')]"
      },
      "properties": {
        "friendlyName": "[parameters('workspaceName')]",
        "keyVault": "[resourceId('Microsoft.KeyVault/vaults',parameters('keyVaultName'))]",
        "applicationInsights": "[resourceId('Microsoft.Insights/components',parameters('applicationInsightsName'))]",
        "containerRegistry": "[resourceId('Microsoft.ContainerRegistry/registries',parameters('containerRegistryName'))]",
        "storageAccount": "[resourceId('Microsoft.Storage/storageAccounts/',parameters('storageAccountName'))]"
      }
    }
  ]
}