{
    "$schema": "https://schema.management.azure.com/schemas/2014-04-01-preview/deploymentTemplate.json#",
    "contentVersion": "1.0.0.0",
    "parameters": {
      "gatewayApiVersion": {
        "type": "String",
        "defaultValue": "2015-08-01-preview"
      },
        "gatewayName": {
            "type": "String"
        },
        "location": {
            "type": "String"
        },
        "gatewayInstallationId": {
            "type": "String"
        }
    },
    "resources": [
        {
            "type": "Microsoft.Web/connectionGateways",
            "name": "[parameters('gatewayName')]",
            "apiVersion": "[parameters('gatewayApiVersion')]",
            "location": "[parameters('location')]",
            "properties": {
                "connectionGatewayInstallation": {
                    "Id": "[parameters('gatewayInstallationId')]"
                }
            }
        }
    ]
}