{
    "$schema": "http://schema.management.azure.com/schemas/2015-01-01/deploymentParameters.json#",
    "contentVersion": "1.0.0.0",
    "parameters": {

        "adlStoreFoldersFile": {
            "value": "",
            "metadata": {
                "description": "The name of the Azure Data Lake Store folders config file. Defines the folders and ACL permissions"
            }
        },
        "sqlDatabaseName": {
            "value": "",
            "metadata": {
                "description": "The name of the SQL Database."
            }
        },
        "sqlDatabaseEdition": {
            "value": "Standard",
            "metadata": {
                "description": "The SQL Database Edition."
            }
        },
        "sqlDatabaseSku": {
            "value": "S0",
            "metadata": {
                "description": "The SQL Database Sku."
            }
        },
        "sqlDataWarehouseName": {
            "value": "",
            "metadata": {
                "description": "The name of the SQL Data Warehouse."
            }
        },
        "sqlDataWarehouseEdition": {
            "value": "DataWarehouse",
            "metadata": {
                "description": "The SQL Data Warehouse Edition. This MUST be set to DataWarehouse to create a SQL Data Warehouse."
            }
        },
        "sqlDataWarehouseSku": {
            "value": "DW100C",
            "metadata": {
                "description": "The SQL Data Warehouse SKU."
            }
        },
        "sqlDataWarehouseMaxSizeInBytes": {
            "value": "10995116277760",
            "metadata": {
                "description": "The maximum size of the SQL Data Warehouse. Default is 10TB."
            }
        },
        "dataFactoryName": {
            "value": "",
            "metadata": {
                "description": "The name of the Data Factory."
            }
        },
        "dataFactoryGatewayName": {
            "value": "",
            "metadata": {
                "description": "The name of the on prem self hosted IR"
            }
        },
        "batchPoolName": {
            "value": "",
            "metadata": {
                "description": "The name of the Batch Pool."
            }
        },
        "batchAccountPoolMaxTasksPerComputeNode": {
            "value": 4,
            "metadata": {
                "description": "The maximum number of tasks per compute node in the Batch Account. Default is 4."
            }
        },
        "batchVMSize": {
            "value": "Standard_D1_v2",
            "metadata": {
                "description": "The VM size used in the Batch Account."
            }
        },
        "batchAutoScaleFormula": {
            "value": "$TargetDedicated=1;",
            "metadata": {
                "description": "The auto scale formula. Default is a single dedicated account."
            }
        },
        "batchSelfHostedIRName": {
            "value": "",
            "metadata": {
                "description": "Set this if you want to use a self host IR for your ADF batch linked service."
            }
        },
        "clusterName": {
            "value": "",
            "metadata": {
                "description": "The name of the HDInsight cluster to create."
            }
        },
        "clusterVersion": {
            "value": "3.6",
            "metadata": {
                "description": "The version of the HDInsight cluster to create."
            }
        },
        "clusterOSType": {
            "value": "Linux",
            "metadata": {
                "description": "The ostype of the HDInsight cluster to create."
            }
        },
        "clusterType": {
            "value": "Standard",
            "metadata": {
                "description": "The kind of the HDInsight cluster to create Standard or Premium."
            }
        },
        "clusterKind": {
            "value": "spark",
            "metadata": {
                "description": "The type of the HDInsight cluster to create."
            }
        },
        "sparkVersion": {
            "value": "2.1",
            "metadata": {
                "description": "The version of Spark in the HDInsight cluster."
            }
        },
        "clusterHeadNodeCount": {
            "value": "2",
            "metadata": {
                "description": "The number of head nodes in the HDInsight cluster."
            }
        },
        "clusterHeadNodeVMSize": {
            "value": "Standard_A3",
            "metadata": {
                "description": "The size of head nodes VMs in the HDInsight cluster."
            }
        },
        "clusterWorkerNodeCount": {
            "value": 2,
            "metadata": {
                "description": "The number of worker nodes in the HDInsight cluster."
            }
        },
        "clusterWorkerNodeVMSize": {
            "value": "Standard_A3",
            "metadata": {
                "description": "The size of worker nodes VMs in the HDInsight cluster."
            }
        },
        "clusterEdgeNodeCount": {
            "value": 1,
            "metadata": {
                "description": "The number of edge nodes in the HDInsight cluster."
            }
        },
        "clusterEdgeNodeVMSize": {
            "value": "Standard_A3",
            "metadata": {
                "description": "The size of edge nodes VMs in the HDInsight cluster."
            }
        },
        "clusterZookeeperNodeCount": {
            "value": 3,
            "metadata": {
                "description": "The number of edge nodes in the HDInsight cluster."
            }
        },
        "clusterZookeeperNodeVMSize": {
            "value": "Standard_A2",
            "metadata": {
                "description": "The size of edge nodes VMs in the HDInsight cluster."
            }
        },
        "clusterApiVersion": {
            "value": "2015-03-01-preview",
            "metadata": {
                "description": "The api version for the provisioning the cluster."
            }
        },
        "storageApiVersion": {
            "value": "2016-12-01",
            "metadata": {
                "description": "The api version for provisioning the storage system."
            }
        },
        "OnPremiseFileServerHostName": {
            "value": "OnPremiseFileServerHostName",
            "metadata": {
                "description": "The secret name for on premise file server host name for use in an ADF linked service."
            }
        },
        "OnPremiseFileServerUserName": {
            "value": "OnPremiseFileServerUserName",
            "metadata": {
                "description": "The secret name for on premise file server user name  for use in an ADF linked service."
            }
        },
        "OnPremiseFileServerPassword": {
            "value": "OnPremiseFileServerPassword",
            "metadata": {
                "description": "The secret name for on premise file server password for use in an ADF linked service."
            }
        },
        "analysisServicesName": {
            "value": "",
            "metadata": {
                "description": "The name of the Analysis Services"
            }
        },
        "analysisServicesSku": {
            "value": "D1",
            "metadata": {
                "description": ""
            }
        },
        "analysisServicesSqlUserLogin": {
            "value": "sqlssasuser",
            "metadata": {
                "description": "The name of the sql user login used by Analysis Services"
            }
        },
        "analysisServicesOpdgName": {
            "value": "",
            "metadata": {
                "description": "The name of the PaaS OPDG used by Analysis Services"
            }
        },
        "analysisServicesOpdgInstallationName": {
            "value": "",
            "metadata": {
                "description": "The name of the OPDG installation that was registered in Azure"
            }
        },
        "azureSSISName": {
            "value": "",
            "metadata": {
                "description": "SSIS Integration Runtime (IR) Name"
            }
        },
        "azureSSISNodeSize": {
            "value": "Standard_A4_v2",
            "metadata": {
                "description": "SSIS Node Sku"
            }
        },
        "azureSSISNodeNumber": {
            "value": "1",
            "metadata": {
                "description": "Number of SSIS nodes"
            }
        },
        "azureSSISMaxParallelExecutionsPerNode": {
            "value": "1",
            "metadata": {
                "description": "Number of parallel SSIS executions per node"
            }
        },
        "azureSSISDBServerEndpoint": {
            "value": "",
            "metadata": {
                "description": "The Sql Server hosting the SSIS packages"
            }
        },
        "azureSSISDBPricingTier": {
            "value": "Basic",
            "metadata": {
                "description": "Pricing tier for SSIS IR"
            }
        },
        "iotHubName": {
            "value": "",
            "metadata": {
                "description": "The name of the IoT Hub"
            }
        },
        "storageAccountLinkedServiceName": {
            "value": "LS_ABLB",
            "metadata": {
                "description": "Linked Service name for Storage Account"
            }
        },
        "storageAccountLinkedServiceNameUdl": {
            "value": "LS_ABLB_UDL",
            "metadata": {
                "description": "Linked Service name for Storage Account in t he UDL resorce group"
            }
        },
        "dataLakeStoreLinkedServiceNameUdl": {
            "value": "LS_ADLS_UDL",
            "metadata": {
                "description": "Linked Service name for Data Lake Store"
            }
        },
        "dataLakeStoreLinkedServiceName": {
            "value": "LS_ADLS",
            "metadata": {
                "description": "Linked Service name for Data Lake Store"
            }
        },
        "sqlDataWarehouseLinkedServiceName": {
            "value": "LS_ASDW",
            "metadata": {
                "description": "Linked Service name for Sql data warehouse"
            }
        },
        "sqlDatabaseLinkedServiceName": {
            "value": "LS_ASQL",
            "metadata": {
                "description": "Linked Service name for Sql database"
            }
        },
        "batchAccountLinkedServiceName": {
            "value": "LS_BATCH",
            "metadata": {
                "description": "Linked Service name for Batch Account"
            }
        },
        "sftpLinkedServiceName": {
            "value": "LS_SFTP",
            "metadata": {
                "description": "Linked Service name for sftp"
            }
        },
        "OnPremisesFileServerLinkedServiceName": {
            "value": "LS_FILE_ONPREM",
            "metadata": {
                "description": "Linked Service name for on prem file server"
            }
        },
        "dataLakeAnalyticsLinkedServiceName": {
            "value": "LS_ADLA",
            "metadata": {
                "description": "Linked Service name for Data Lake Analytics"
            }
        },
        "keyVaultLinkedServiceName": {
            "value": "LS_KV_LOCAL",
            "metadata": {
                "description": "Linked Service name for your private keyvault"
            }
        },
        "databricksWorkspaceName": {
            "value": "",
            "metadata": {
                "description": "The name of your databrick workspace."
            }
        },
        "databricksTokenSecretName": {
            "value": "DatabricksAccessToken",
            "metadata": {
                "description": "The name of the key vault secret for the databrick workspace."
            }
        },
        "databricksPricingTier": {
            "value": "standard",
            "metadata": {
                "description": "The name pricing tier for your databrick workspace."
            }
        },
        "databricksSelfHostedIRName": {
            "value": "",
            "metadata": {
                "description": "The name of the self hosted IR for the databricks linked service. To use MS hosted leave blank"
            }
        },
        "databricksLinkedServiceName": {
            "value": "LS_ADB",
            "metadata": {
                "description": "The name of the ADF linked service for on demand databrick"
            }
        },
        "databricksCluster1": {
            "value": "",
            "metadata": {
                "description": "The config for a databrick cluster1"
            }
        },
        "databricksCluster2": {
            "value": "",
            "metadata": {
                "description": "The config for a databrick cluster2"
            }
        },
        "sftpHostSecretName": {
            "value": "sftp-host-name",
            "metadata": {
                "description": "The name of the keyvault secret that stores the sftp linked service host name."
            }
        },
        "sftpPortSecretName": {
            "value": "sftp-port",
            "metadata": {
                "description": "The name of the keyvault secret that stores the sftp linked service port."
            }
        },
        "sftpUserSecretName": {
            "value": "sftp-username",
            "metadata": {
                "description": "The name of the keyvault secret that stores the sftp linked service user name."
            }
        },
        "sftpPrivateKeySecretName": {
            "value": "sftp-privateKeyContent",
            "metadata": {
                "description": "The name of the keyvault secret that stores the sftp linked service private key content."
            }
        },
        "sftpPassPhraseSecretName": {
            "value": "sftp-passPhrase",
            "metadata": {
                "description": "The name of the keyvault secret that stores the sftp linked service host name."
            }
        },
        "sftpSelfHostedIRName": {
            "value": "",
            "metadata": {
                "description": "Set this if you want to use a self host IR for your ADF sftp linked service."
            }
        },
        "ftpHostSecretName": {
            "value": "ftp-host-name",
            "metadata": {
                "description": "The name of the keyvault secret that stores the ftp linked service host name."
            }
        },
        "ftpUserNameSecretName": {
            "value": "ftp-username",
            "metadata": {
                "description": "The name of the keyvault secret that stores the ftp linked service user name."
            }
        },
        "ftpPortSecretName": {
            "value": "ftp-port",
            "metadata": {
                "description": "The name of the keyvault secret that stores the ftp linked service private key content."
            }
        },
        "ftpPasswordSecretName": {
            "value": "ftp-password",
            "metadata": {
                "description": "The name of the keyvault secret that stores the ftp linked service private key content."
            }
        },
        "ftpSelfHostedIRName": {
            "value": "",
            "metadata": {
                "description": "Set this if you want to use a self host IR for your ADF ftp linked service."
            }
        },
        "logicAppResourceGroupName" :{
            "value": "",
            "metadata": {
                "description": "Logic App Resource Group name"
            }
        },
        "logicAppName" :{
            "value": "",
            "metadata": {
                "description": "Logic App name"
            }
        },
        "logicAppSqlUserLogin" :{
            "value": "sqllogicappuser",
            "metadata": {
                "description": "Logic App SQLDW login name"
            }
        },
        "logicAppDatalakeapiConnection" :{
            "value": "azuredatalake",
            "metadata": {
                "description": "Logic App Data Lake API connection name"
            }
        },        
        "logicAppDatalakeapiConnectionDisplay" :{
            "value": "azuredatalake",
            "metadata": {
                "description": "Logic App Data Lake API connection Display name"
            }
        },
        "logicAppO365apiConnection" :{
            "value": "office365",
            "metadata": {
                "description": "Logic App O365 API connection name"
            }
        },
        "logicAppSqlDWapiConnection" :{
            "value": "azuewSqlDw",
            "metadata": {
                "description": "Logic App Azure SQLDW API connection name"
            }
        },
        "logicAppSqlDWapiConnectionDisplay" :{
            "value": "azuewSqlDw",
            "metadata": {
                "description": "Logic App Azure SQLDW API connection Display name"
            }
        },
        "logicAppSqlapiConnection" :{
            "value": "azuewSql",
            "metadata": {
                "description": "Logic App Azure SQL API connection name"
            }
        },
        "logicAppSqlapiConnectionDisplay" :{
            "value": "azuewSql",
            "metadata": {
                "description": "Logic App Azure SQL API connection Display name"
            }
        },
       "azuremonitorlogs_name" :{
            "value": "monotorlogsapi",
            "metadata": {
                "description": "Logic App Azure Monitor Logs connection name"
            }
        },
        "azuremonitorlogs_DisplayName" :{
            "value": "monitorlogsapi",
            "metadata": {
                "description": "Logic App Azure Monitor Logs connection Display name"
            }
        },
       "streamAnalyticsJobResourceGroupName" :{
            "value": "",
            "metadata": {
                "description": "Stream Analytics Job ResourceGroup Name"
            }
        },
        "streamAnalyticsJobName" :{
            "value": "",
            "metadata": {
                "description": "Stream Analytics Job Name"
            }
        },
        "numberOfStreamingUnits" :{
            "value": "",
            "metadata": {
                "description": "Number Of Streaming Units"
            }
        },
        "apiconnection_adlsgen2_name" :{
            "value": "",
            "metadata": {
                "description": "Logic App ADLS Gen2 API Connection name"
            }
        },
        "machineLearningWorkspaceName" :{
            "value": "",
            "metadata": {
                "description": "The workspace name for Machine Learning Studio."
             }
        },
        "machineLearningComputeClusterName" :{
            "value": "",
            "metadata": {
                "description": ""
             }
        },
        "machineLearningComputeIdleSecondsBeforeScaleDown" :{
            "value": "",
            "metadata": {
                "description": ""
             }
        },
        "machineLearningComputeMaxNodes" :{
            "value": "",
            "metadata": {
                "description": ""
             }
        },
        "machineLearningComputeMinNodes" :{
            "value": "",
            "metadata": {
                "description": ""
             }
        },
        "machineLearningComputeVmSize" :{
            "value": "",
            "metadata": {
                "description": ""
             }
        },
        "machineLearningLocation" :{
            "value": "",
            "metadata": {
                "description": ""
             }
        },
        "machineLearningExperimentName" :{
            "value": "",
            "metadata": {
                "description": ""
             }
        },
        "machineLearningModelName" :{
            "value": "",
            "metadata": {
                "description": ""
             }
        },
        "machineLearningKeyVaultName" :{
            "value": "",
            "metadata": {
                "description": "The name for Key Vault used by Machine Leanring Studio."
             }
        },
        "machineLearningResourceGroupName" :{
            "value": "",
            "metadata": {
                "description": "The name for Resource Group Name Machine Leanring Studio."
             }
        },        
        "machineLearningAKSClusterName" :{
            "value": "",
            "metadata": {
                "description": "AKS cluster name."
             }
        },
        "containerRegistryName" :{
            "value": "",
            "metadata": {
                "description": "The name for Container registry inside Machine Leanring Studio."
             }
        }
    }
}