{
    "$schema": "http://schema.management.azure.com/schemas/2015-01-01/deploymentParameters.json#",
    "contentVersion": "1.0.0.0",
    "parameters": {        
        "vstsAccountName" : {
            "value" : "",
            "metadata": {
                "description" : "The VSTS accout name."
            }
        },
        "vstsTeamProjectName" : {
            "value" : "",
            "metadata": {
                "description" : "The name of the VSTS Team Project to create."
            }
        },
        "vstsProjectTemplateType" : {
            "value" : "Agile",
            "metadata": {
                "description" : "The template to use for creating the project. Available options are Agile|Scrum|CMMI"
            }
        },
        "vstsSourceControlType": {
            "value": "Git",
            "metadata": {
                "description" : "The type of source control to create. Available options are Git|Tfvc."
            }
        },
        "vstsSourceControlDevBranch": {
            "value": "develop",
            "metadata": {
                "description" : "The branch in Git."
            }
        },
        "vstsTeamProjectCIBuildDefinitionName": {
            "value": "CI_Build_Environment",
            "metadata": {
                "description" : "The name of the continuous integration build definition."
            }
        },
        "vstsTeamProjectScheduledBuildDefinitionName": {
            "value": "Nightly_Build_Environment",
            "metadata": {
                "description" : "The name of the nightly build definition."
            }
        },
        "vstsTeamProjectCIReleaseDefinitionName": {
            "value": "CI_Deploy_Environment",
            "metadata": {
                "description" : "The name of the release definition for continuous integration builds."
            }
        },
        "vstsTeamProjectScheduledReleaseDefinitionName": {
            "value": "Nightly_Deploy_Environment",
            "metadata": {
                "description" : "The name of the release definition for nightly builds."
            }
        },
        "vstsTeamProjectCIBuildDefinitionNameMLOps": {
            "value": "CI_Build_Environment_MLOps",
            "metadata": {
                "description" : "The name of the continuous integration build definition MLOps."
            }
        },
        "vstsTeamProjectScheduledBuildDefinitionNameMLOps": {
            "value": "Nightly_Build_Environment_MLOps",
            "metadata": {
                "description" : "The name of the nightly build definition MLOps."
            }
        },
        "vstsTeamProjectCIReleaseDefinitionNameMLOps": {
            "value": "CI_Deploy_Environment_MLOps",
            "metadata": {
                "description" : "The name of the release definition for continuous integration builds MLOps."
            }
        },
        "vstsTeamProjectScheduledReleaseDefinitionNameMLOps": {
            "value": "Nightly_Deploy_Environment_MLOps",
            "metadata": {
                "description" : "The name of the release definition for nightly builds MLOps."
            }
        },
        "vstsProjectARMServiceEndPointName": {
            "value": "Project-{0}-ServiceEndPoint",
            "metadata": {
                "description": "The name of the vsts service end point for provisioning"
            }
        },
        "vstsHostedAgentName": {
            "value": "Hosted VS2017",
            "metadata": {
                "description": "The name of the VSTS Hosted Agent"
            }
        },
        "vstsTargetAzurePs": {
            "value": "LatestVersion",
            "metadata": {
                "description": "The version of PowerShell to use. LatestVersion or SpecificVersion"
            }
        },
        "vstsCustomTargetAzurePs": {
            "value": "5.0.0",
            "metadata": {
                "description": "The version of PowerShell to use"
            }
        },
        "resourcesToDeploy":{
            "value": "-DataFactory",
            "metadata": {
                "description": "The list of azure resources to deploy"
            }
        }
    }
}