{
    "$schema": "http://schema.management.azure.com/schemas/2015-01-01/deploymentParameters.json#",
    "contentVersion": "1.0.0.0",
    "parameters": {
        "subscriptionId": {
            "value": "",
            "metadata": {
                "description": "The Azure subscription id where these resources are deployed to."
            }
        },
        "tenantId": {
            "value": "",
            "metadata": {
                "description": "The Azure tenant id where the service principal is created."
            }
        },
        "tenantDomainName": {
            "value": "",
            "metadata": {
                "description": "The Azure tenant domain name where the service principal is created."
            }
        },
        "applicationId": {
            "value": "",
            "metadata": {
                "description": "The Azure Active Directory Application id. This is populated when you run the script New-EnvironmentParameterFile.ps1. Otherwise do this manually."
            }
        },
        "applicationCertThumprint": {
            "value": "",
            "metadata": {
                "description": "The certificate thumbprint of the Application SPNs self signed certificate. "
            }
        },
        "servicePrincipalId": {
            "value": "",
            "metadata": {
                "description": "The service principal id for the Azure AD application. This is populated when you run the script New-EnvironmentParameterFile.ps1. Otherwise do this manually."
            }
        },
        "deploymentApplicationId": {
            "value": "",
            "metadata": {
                "description": "The Azure Active Directory Application id that has provisioning permissions. This is populated when you run the script New-EnvironmentParameterFile.ps1. Otherwise do this manually."
            }
        },
        "deploymentServicePrincipalId": {
            "value": "",
            "metadata": {
                "description": "The service principal id for the Azure AD application that has provisioning permissions. This is populated when you run the script New-EnvironmentParameterFile.ps1. Otherwise do this manually."
            }
        },
        "location": {
            "value": "West Europe",
            "metadata": {
                "description": "The location for deploying the Azure resources. West Europe is the default."
            }
        },
        "landscapeResourceGroupName": {
            "value": "",
            "metadata": {
                "description": "The name of the landscape's private resource group"
            }
        },
        "landscapeAutomationResourceGroupName": {
            "value": "",
            "metadata": {
                "description": "The name of the landscape's private resource group that hosts the automation account."
            }
        },
        "landscapeAutomationAccountName": {
            "value": "",
            "metadata": {
                "description": "The name of the landscape's private automation account"
            }
        },
        "landscapeAutomationAccountApplicationId": {
            "value": "",
            "metadata": {
                "description": "The SPN applicationId of the landscape's private automation account"
            }
        },
        "landscapeAutomationAccountObjectId": {
            "value": "",
            "metadata": {
                "description": "The SPN objectId of the landscape's private automation account"
            }
        },
        "workStationIPStart": {
            "value": "104.45.79.114",
            "metadata": {
                "description": "The first ip address for developer workstations. This is actually the ZScaler exit IP."
            }
        },
        "workStationIPEnd": {
            "value": "104.45.79.114",
            "metadata": {
                "description": "The last ip address for developer workstations. This is actually the ZScaler exit IP."
            }
        },
        "workStationFirewallRuleName": {
            "value": "DTL",
            "metadata": {
                "description": "The name of the Firewall Rule for workstations in the DTL subnet"
            }
        },
        "rdsIPStart": {
            "value": "52.169.12.129",
            "metadata": {
                "description": "The first ip address for myApps2.unileverservices.com"
            }
        },
        "rdsIPEnd": {
            "value": "52.169.12.129",
            "metadata": {
                "description": "The last ip address for myApps2.unileverservices.com"
            }
        },
        "rdsFirewallRuleName": {
            "value": "RDS",
            "metadata": {
                "description": "The name of the Firewall Rule for myApps2.unileverservices.com"
            }
        },
        "vstsAccountName": {
            "value": "bnlwe-p-56728-ia-01-unilevercom-vsts",
            "metadata": {
                "description": "The name of the I&A's VSTS account"
            }
        },
        "vstsTeamProjectName": {
            "value": "",
            "metadata": {
                "description": "The name of your VSTS team project"
            }
        },
        "landscapeStorageAccountName": {
            "value": "",
            "metadata": {
                "description": "The name of the landscape's private storage account"
            }
        },
        "landscapeKeyVaultName": {
            "value": "",
            "metadata": {
                "description": "The name of the landscape's private key vault"
            }
        },
        "landscapeDataFactoryResourceGroupName": {
            "value": "",
            "metadata": {
                "description": "The name of the landscape's private resource group that contains the shared ADF"
            }
        },
        "landscapeDataFactoryName": {
            "value": "",
            "metadata": {
                "description": "The name of the landscape's private data factory.  This has the master self hosted IR that applications can share"
            }
        },
        "landscapeDataFactorySelfHostedIRName": {
            "value": "",
            "metadata": {
                "description": "The name of the landscape's self hosted IR that can be shared."
            }
        },
        "dataLakeLocation": {
            "value": "West Europe",
            "metadata": {
                "description": "The location for deploying the Azure Data Lake resources. East US 2 is the default."
            }
        },
        "keyVaultResourceGroupName": {
            "value": "",
            "metadata": {
                "description": "The Azure Resource Group where the key vault is to be created."
            }
        },
        "keyVaultName": {
            "value": "",
            "metadata": {
                "description": "The name of the Azure Key Vault."
            }
        },
         "keyVaultNameWA": {
            "value": "",
            "metadata": {
                "description": "The name of the Web App Azure Key Vault."
            }
        },
        "keyVaultSecretExpiryTerm": {
            "value": 4,
            "metadata": {
                "description": "The duration in years for the keyVault Secrets. Default is 4 years."
            }
        },
         "redisCacheName": {
            "value": "",
            "metadata": {
                "description": "The name of redisCache."
            }
        },
        "keyVaultAuditStorageAccountResourceGroupName": {
            "value": "",
            "metadata": {
                "description": "The key vault audit storage account resource group."
            }
        },
        "keyVaultAuditStorageAccountName": {
            "value": "",
            "metadata": {
                "description": "The key vault audit storage account"
            }
        },
        "storageAccountResourceGroupName": {
            "value": "",
            "metadata": {
                "description": "The Azure Resource Group containing the storage account."
            }
        },
        "storageAccountName": {
            "value": "",
            "metadata": {
                "description": "The name of the storage account."
            }
        },
        "storageAccountType": {
            "value": "",
            "metadata": {
                "description": "Type of data redundancy required."
            }
        },
        "adlStoreResourceGroupName": {
            "value": "",
            "metadata": {
                "description": "The Azure Resource Group for creating the Azure Data Lake Store."
            }
        },
        "adlStoreName": {
            "value": "",
            "metadata": {
                "description": "The name of the Gen2 Azure Data Lake Store."
            }
        },
        "adlStoreNameSecondary": {
            "value": "",
            "metadata": {
                "description": "The name of the Gen2 Azure Data Lake Store Redundant Store Name."
            }
        },
        "adlStoreSku": {
            "value": "",
            "metadata": {
                "description": "The type of ADLStore provisioned for Data Redundancy."
            }
        },
        "adlStoreNameGen1": {
            "value": "",
            "metadata": {
                "description": "The name of the Gen1 Azure Data Lake Store."
            }
        },
        "adlStoreFoldersFile": {
            "value": "",
            "metadata": {
                "description": "The name of the Azure Data Lake Store folders config file. Defines the folders and ACL permissions"
            }
        },
        "sharedStorageAccountResourceGroupName": {
            "value": "",
            "metadata": {
                "description": "The Azure Resource Group containing the UDL shared storage account."
            }
        },
        "sharedStorageAccountName": {
            "value": "",
            "metadata": {
                "description": "The name of the UDL shared storage account."
            }
        },
        "sharedAdlStoreResourceGroupName": {
            "value": "",
            "metadata": {
                "description": "The Azure Resource Group for creating the UDL shared Azure Data Lake Store."
            }
        },
        "sharedAdlStoreName": {
            "value": "",
            "metadata": {
                "description": "The name of the UDL Azure Data Lake Store."
            }
        },
        "adlAnalyticsResourceGroupName": {
            "value": "",
            "metadata": {
                "description": "The Azure Resource Group for creating the Azure Data Lake Analytics."
            }
        },
        "adlAnalyticsName": {
            "value": "",
            "metadata": {
                "description": "The name of the Azure Data Analytics."
            }
        },
        "sqlServerResourceGroupName": {
            "value": "",
            "metadata": {
                "description": "The Azure Resource Group for creating the SQL Server."
            }
        },
        "sqlServerName": {
            "value": "",
            "metadata": {
                "description": "The name of the SQL Server."
            }
        },
        "sqlServerAdminGroupName": {
            "value": "",
            "metadata": {
                "description": "The name of the AD Group which is the administrator for SQL Server."
            }
        },
        "sqlServerAdminGroupObjectId": {
            "value": "",
            "metadata": {
                "description": "The azure object id of the AD Group which is the administrator for SQL Server."
            }
        },
        "sqlServerAuditStorageAccountResourceGroupName": {
            "value": "",
            "metadata": {
                "description": "The Azure Resource Group where the audit storage account exists for the SQL Server."
            }
        },
        "sqlServerAuditStorageAccountName": {
            "value": "",
            "metadata": {
                "description": "The name of the storage account where SQL Server audit information is stored."
            }
        },
        "sqlServerSubnetName1": {
            "value": "",
            "metadata": {
                "description": "The name of the subnet to include in the firewall rules."
            }
        },
        "sqlDatabaseName": {
            "value": "",
            "metadata": {
                "description": "The name of the SQL Database."
            }
        },
        "sqlDatabaseEdition": {
            "value": "Standard",
            "metadata": {
                "description": "The SQL Database Edition."
            }
        },
        "sqlDatabaseSku": {
            "value": "S0",
            "metadata": {
                "description": "The SQL Database Sku."
            }
        },
        "sqlDatabaseMaxSizeInBytes": {
            "value": "268435456000",
            "metadata": {
                "description": "The maximum size of the SQL Database. Default is 250GB."
            }
        },
        "sqlDataWarehouseName": {
            "value": "",
            "metadata": {
                "description": "The name of the SQL Data Warehouse."
            }
        },
        "sqlDataWarehouseEdition": {
            "value": "DataWarehouse",
            "metadata": {
                "description": "The SQL Data Warehouse Edition. This MUST be set to DataWarehouse to create a SQL Data Warehouse."
            }
        },
        "sqlDataWarehouseSku": {
            "value": "DW100C",
            "metadata": {
                "description": "The SQL Data Warehouse SKU."
            }
        },
        "sqlDataWarehouseMaxSizeInBytes": {
            "value": "10995116277760",
            "metadata": {
                "description": "The maximum size of the SQL Data Warehouse. Default is 10TB."
            }
        },
        "sqlSelfHostedIRName": {
            "value": "",
            "metadata": {
                "description": "Set this if you want to use a self hosted IR for your ADF sql linked service."
            }
        },
        "sqlServerAdminLogin": {
            "value": "sqladmin",
            "metadata": {
                "description": "The SQL Server Administrator username. Note that you cannot use this credential because the password is always unknown"
            }
        },
        "sqlServerUserLogin": {
            "value": "sqldeployuser",
            "metadata": {
                "description": "The SQL Server User for SQL Authentication.  Has read and write permissions."
            }
        },
        "dataFactoryResourceGroupName": {
            "value": "",
            "metadata": {
                "description": "The Azure Resource Group to create the Data Factory."
            }
        },
        "dataFactoryName": {
            "value": "",
            "metadata": {
                "description": "The name of the Data Factory."
            }
        },
        "dataFactoryRootParameterFileName": {
            "value": "",
            "metadata": {
                "description": "The name of root parameter file for the ADF ARM deployment.  This is auto generated by Landscape, do not edit it."
            }
        },
        "dataFactoryLoggingStorageAccountResourceGroupName": {
            "value": "",
            "metadata": {
                "description": "The data factory logging storage account resource group."
            }
        },
        "dataFactoryLoggingStorageAccountName": {
            "value": "",
            "metadata": {
                "description": "The data factory logging storage account"
            }
        },
        "dataFactoryGatewayName": {
            "value": "",
            "metadata": {
                "description": "The name of the on prem self hosted IR."
            }
        },
        "batchAccountResourceGroupName": {
            "value": "",
            "metadata": {
                "description": "The name of the Azure Resource Group to create the Batch Account."
            }
        },
        "batchAccountName": {
            "value": "",
            "metadata": {
                "description": "The name of the Batch Account."
            }
        },
        "batchPoolName": {
            "value": "",
            "metadata": {
                "description": "The name of the Batch Pool."
            }
        },
        "batchAccountPoolMaxTasksPerComputeNode": {
            "value": 4,
            "metadata": {
                "description": "The maximum number of tasks per compute node in the Batch Account. Default is 4."
            }
        },
        "batchVMSize": {
            "value": "Standard_D1_v2",
            "metadata": {
                "description": "The VM size used in the Batch Account."
            }
        },
        "batchAutoScaleFormula": {
            "value": "$TargetDedicated=1;",
            "metadata": {
                "description": "The auto scale formula. Default is a single dedicated account."
            }
        },
        "batchSelfHostedIRName": {
            "value": "",
            "metadata": {
                "description": "Set this if you want to use a self host IR for your ADF batch linked service."
            }
        },
        "adApplicationName": {
            "value": "",
            "metadata": {
                "description": "The name of the Azure AD Application."
            }
        },
        "adApplicationUri": {
            "value": "",
            "metadata": {
                "description": "A unique URI for the AD Application."
            }
        },
        "deploymentAdApplicationName": {
            "value": "",
            "metadata": {
                "description": "The name of the Azure AD Application responsible for deploying the application."
            }
        },
        "deploymentAdApplicationUri": {
            "value": "",
            "metadata": {
                "description": "A unique URI for the AD Application responsible for deploying the application."
            }
        },
        "numberofYearsforClientSecret": {
            "value": 2,
            "metadata": {
                "description": "The duration in years to keep the client secrets."
            }
        },
        "clusterResourceGroupName": {
            "value": "",
            "metadata": {
                "description": "The name of the resource group for the HDInsight cluster."
            }
        },
        "clusterName": {
            "value": "",
            "metadata": {
                "description": "The name of the HDInsight cluster to create."
            }
        },
        "clusterVersion": {
            "value": "3.6",
            "metadata": {
                "description": "The version of the HDInsight cluster to create."
            }
        },
        "clusterOSType": {
            "value": "Linux",
            "metadata": {
                "description": "The ostype of the HDInsight cluster to create."
            }
        },
        "clusterAdminLogin": {
            "value": "clsadmin",
            "metadata": {
                "description": "These credentials can be used to submit jobs to the cluster and to log into cluster dashboards."
            }
        },
        "clusterSSHUserName": {
            "value": "sshuser",
            "metadata": {
                "description": "These credentials can be used to remotely access the cluster."
            }
        },
        "clusterStorageAccountResourceGroupName": {
            "value": "",
            "metadata": {
                "description": "Name of the resource group containing the cluster storage account"
            }
        },
        "clusterStorageAccountName": {
            "value": "",
            "metadata": {
                "description": "Name of the cluster storage account"
            }
        },
        "clusterType": {
            "value": "Standard",
            "metadata": {
                "description": "The kind of the HDInsight cluster to create Standard or Premium."
            }
        },
        "clusterKind": {
            "value": "spark",
            "metadata": {
                "description": "The type of the HDInsight cluster to create."
            }
        },
        "sparkVersion": {
            "value": "2.1",
            "metadata": {
                "description": "The version of Spark in the HDInsight cluster."
            }
        },
        "clusterHeadNodeCount": {
            "value": "2",
            "metadata": {
                "description": "The number of head nodes in the HDInsight cluster."
            }
        },
        "clusterHeadNodeVMSize": {
            "value": "Standard_A3",
            "metadata": {
                "description": "The size of head nodes VMs in the HDInsight cluster."
            }
        },
        "clusterWorkerNodeCount": {
            "value": 2,
            "metadata": {
                "description": "The number of worker nodes in the HDInsight cluster."
            }
        },
        "clusterWorkerNodeVMSize": {
            "value": "Standard_A3",
            "metadata": {
                "description": "The size of worker nodes VMs in the HDInsight cluster."
            }
        },
        "clusterEdgeNodeCount": {
            "value": 1,
            "metadata": {
                "description": "The number of edge nodes in the HDInsight cluster."
            }
        },
        "clusterEdgeNodeVMSize": {
            "value": "Standard_A3",
            "metadata": {
                "description": "The size of edge nodes VMs in the HDInsight cluster."
            }
        },
        "clusterZookeeperNodeCount": {
            "value": 3,
            "metadata": {
                "description": "The number of edge nodes in the HDInsight cluster."
            }
        },
        "clusterZookeeperNodeVMSize": {
            "value": "Standard_A2",
            "metadata": {
                "description": "The size of edge nodes VMs in the HDInsight cluster."
            }
        },
        "clusterApiVersion": {
            "value": "2015-03-01-preview",
            "metadata": {
                "description": "The api version for the provisioning the cluster."
            }
        },
        "storageApiVersion": {
            "value": "2016-12-01",
            "metadata": {
                "description": "The api version for provisioning the storage system."
            }
        },
        "projectName": {
            "value": "",
            "metadata": {
                "description": "The display name of the application. Used in cost tagging."
            }
        },
        "projectNumber": {
            "value": "",
            "metadata": {
                "description": "The ITSG number assigned to the application operating environment."
            }
        },
        "projectEnvironment": {
            "value": "",
            "metadata": {
                "description": "The letter than denotes the environment type. d|q|u|b|p|r|x : dev|qa|preprod|UAT|prod|DR|Experiment"
            }
        },
        "tagValues": {
            "value": {
                "tagCostCentre": "",
                "tagIcc": "",
                "tagEnvironmentName": "Development",
                "tagServiceName": "",
                "tagPlatform": "Core Data Ecosystem",
                "tagOptInOptOut": "In"
            },
            "metadata": {
                "description": "The tag values to set on all components"
            }
        },
        "adlshdinmountpoint": {
            "value": "/",
            "metadata": {
                "description": "The root folder for the hdinsight cluster connected to azure data lake store."
            }
        },
        "applicationIdentityCertificateName": {
            "value": "",
            "metadata": {
                "description": "The applications identity certificate name to retrieve from key vault."
            }
        },
        "projectAdminADGroupId": {
            "value": "",
            "metadata": {
                "description": "The Azure AD Group containing the admin of projects who becomes owners of all other project related AD groups."
            }
        },
        "projectAdminADGroupName": {
            "value": "SEC-ES-DA-D-XXXX-ProjectAdmins",
            "metadata": {
                "description": "The Azure AD Group containing the admin of projects who becomes owners of all other project related AD groups."
            }
        },
        "developerADGroupName": {
            "value": "",
            "metadata": {
                "description": "The Azure AD Group containing the developers for this project."
            }
        },
        "developerADGroupId": {
            "value": "",
            "metadata": {
                "description": "The Azure AD Group ID containing the developers for this project."
            }
        },
        "developerSharepointADGroupName": {
            "value": "",
            "metadata": {
                "description": "The Azure AD Group containing the Sharepoint Access for this project."
            }
        },
        "developerSharepointADGroupId": {
            "value": "",
            "metadata": {
                "description": "The Azure AD Group ID containing the Sharepoint Access for this project."
            }
        },
        "managerADGroupName": {
            "value": "",
            "metadata": {
                "description": "The Azure AD Group containing the eco system managers."
            }
        },
        "managerADGroupId": {
            "value": "",
            "metadata": {
                "description": "The Azure AD Group ID containing the eco system managers."
            }
        },
        "testerADGroupName": {
            "value": "",
            "metadata": {
                "description": "The Azure AD Group containing the testers for this project."
            }
        },
        "testerADGroupId": {
            "value": "",
            "metadata": {
                "description": "The Azure AD Group ID containing the testers for this project."
            }
        },
        "dataScientistADGroupName": {
            "value": "",
            "metadata": {
                "description": "The Azure AD Group containing the data scientists for this project."
            }
        },        
        "dataEngineerADGroupName": {
            "value": "",
            "metadata": {
                "description": "The Azure AD Group containing the data engineers for this project."
            }
        },
        "dataReaderADGroupName": {
            "value": "",
            "metadata": {
                "description": "The Azure AD Group containing the developers for this project."
            }
        },
        "dataReaderADGroupId": {
            "value": "",
            "metadata": {
                "description": "The Azure AD Group ID containing the developers for this project."
            }
        },
        "dataWriterADGroupName": {
            "value": "",
            "metadata": {
                "description": "The Azure AD Group containing the developers for this project."
            }
        },
        "dataWriterADGroupId": {
            "value": "",
            "metadata": {
                "description": "The Azure AD Group ID containing the developers for this project."
            }
        },
        "dataOwnerADGroupName": {
            "value": "",
            "metadata": {
                "description": "The Azure AD Group containing the data owners for this project. Can grant access to the data"
            }
        },
        "dataOwnerADGroupId": {
            "value": "",
            "metadata": {
                "description": "The Azure AD Group ID containing the data owners for this project."
            }
        },
        "supportADGroupName": {
            "value": "",
            "metadata": {
                "description": "The Azure AD Group containing the support for this project."
            }
        },
        "supportADGroupId": {
            "value": "",
            "metadata": {
                "description": "The Azure AD Group ID containing the support for this project."
            }
        },
        "supportLevel1ADGroupName": {
            "value": "",
            "metadata": {
                "description": "The Azure AD Group containing the support level1 for this project."
            }
        },
        "supportLevel1ADGroupId": {
            "value": "",
            "metadata": {
                "description": "The Azure AD Group ID containing the support level1 for this project."
            }
        },
        "dataScientistADGroupId": {
            "value": "",
            "metadata": {
                "description": "The objectId of the Azure AD Group containing the data scientists for this project."
            }
        },        
        "dataEngineerADGroupId": {
            "value": "",
            "metadata": {
                "description": "The objectId of the Azure AD Group containing the data engineers for this project."
            }
        },
        "OnPremiseFileServerHostName": {
            "value": "OnPremiseFileServerHostName",
            "metadata": {
                "description": "The key vault secret name for on premise file server host name."
            }
        },
        "OnPremiseFileServerUserName": {
            "value": "OnPremiseFileServerUserName",
            "metadata": {
                "description": "The key vault secret name for on premise file server user name."
            }
        },
        "OnPremiseFileServerPassword": {
            "value": "OnPremiseFileServerPassword",
            "metadata": {
                "description": "The key vault secret name for on premise file server password."
            }
        },
        "analysisServicesStorageAccountResourceGroupName": {
            "value": "",
            "metadata": {
                "description": "The resource group for the storage account for Analysis Services backup"
            }
        },
        "analysisServicesStorageAccountName": {
            "value": "",
            "metadata": {
                "description": "The storage account for Analysis Services"
            }
        },
        "numberofYearsforAnalysisServicesContainerKey": {
            "value": "2",
            "metadata": {
                "description": "The number of years for the storage key"
            }
        },
        "analysisServicesName": {
            "value": "",
            "metadata": {
                "description": "The name of the Analysis Services"
            }
        },
        "analysisServicesResourceGroupName": {
            "value": "",
            "metadata": {
                "description": "The resource group name where the Analysis Services resides"
            }
        },
        "analysisServicesAdminEmailId": {
            "value": "",
            "metadata": {
                "description": "The Analysis Services administrator email address"
            }
        },
        "analysisServicesSku": {
            "value": "D1",
            "metadata": {
                "description": ""
            }
        },
        "analysisServicesSqlUserLogin": {
            "value": "sqlssasuser",
            "metadata": {
                "description": "The name of the sql user login used by Analysis Services connections to SQLDW/SQLDB"
            }
        },
        "analysisServicesOpdgName": {
            "value": "",
            "metadata": {
                "description": "The name of the PaaS OPDG used by Analysis Services"
            }
        },
        "analysisServicesOpdgInstallationName": {
            "value": "",
            "metadata": {
                "description": "The name of the OPDG installation that was registered in Azure"
            }
        },
        "azureSSISResourceGroupName": {
            "value": "",
            "metadata": {
                "description": "Resource Group for SSIS"
            }
        },
        "azureSSISName": {
            "value": "",
            "metadata": {
                "description": "SSIS Integration Runtime (IR) Name"
            }
        },
        "azureSSISLocation": {
            "value": "West Europe",
            "metadata": {
                "description": "Location for the SSIS IR"
            }
        },
        "azureSSISNodeSize": {
            "value": "Standard_A4_v2",
            "metadata": {
                "description": "SSIS Node Sku"
            }
        },
        "azureSSISNodeNumber": {
            "value": "1",
            "metadata": {
                "description": "Number of SSIS nodes"
            }
        },
        "azureSSISMaxParallelExecutionsPerNode": {
            "value": "1",
            "metadata": {
                "description": "Number of parallel SSIS executions per node"
            }
        },
        "azureSSISDBServerEndpoint": {
            "value": "",
            "metadata": {
                "description": "The Sql Server hosting the SSIS packages"
            }
        },
        "azureSSISDBPricingTier": {
            "value": "Basic",
            "metadata": {
                "description": "Pricing tier for SSIS IR"
            }
        },
        "iotHubResourceGroupName": {
            "value": "",
            "metadata": {
                "description": "The name of the IoT Hub Resoruce Group"
            }
        },
        "iotHubName": {
            "value": "",
            "metadata": {
                "description": "The name of the IoT Hub"
            }
        },
        "iotHubSku": {
            "value": "F1",
            "metadata": {
                "description": "The IoT Hub Sku"
            }
        },
        "capacityUnits": {
            "value": "1",
            "metadata": {
                "description": "The capacity units"
            }
        },
        "d2cMessageRetentionInDaysPeriod": {
            "value": "1",
            "metadata": {
                "description": "The number of days to retain messages from the device to cloud"
            }
        },
        "d2cPartitionCount": {
            "value": "2",
            "metadata": {
                "description": "Number of desired partitions for device-to-cloud event ingestion."
            }
        },
        "c2dMessagesTTLAsIso8601": {
          "value": "PT1H",
          "metadata": {
            "description": "Default TTL in ISO_8601 format for cloud-to-device messages. The value can range from PT1M to PT2D (or any other format as per ISO_8601 standards for duration)."
          }
        },
        "c2dMessagesMaxDeliveryCount": {
          "value": 10,
          "metadata": {
            "description": "Maximum delivery count for cloud-to-device messages per-device queues."
          }
        },
        "c2dFeebackMessagesTTLAsIso8601": {
          "value": "PT1H",
          "metadata": {
            "description": "TTL in ISO_8601 format for service-bound feedback messages. The value can range from PT1M to PT2D (or any other format as per ISO_8601 standards for duration)."
          }
        },
        "c2dFeedbackMessagesMaxDeliveryCount": {
          "value": 10,
          "metadata": {
            "description": "Maximum delivery count for feedback queue."
          }
        },
        "c2dFeedbackMessagesLockDurationAsIso8601": {
          "value": "PT60S",
          "metadata": {
            "description": "Lock duration in ISO_8601 format for service-bound feedback messages. The value can range from PT5S to PT300S (or any other format as per ISO_8601 standards for duration)."
          }
        },
        "d2cConsumerGroupName": {
          "value": "cg1",
          "metadata": {
            "description": "Name of device-to-cloud consumer group to provision on the IoT Hub instance."
          }
        },
        "tsInsightsResourceGroupName": {
            "value": "",
            "metadata": {
                "description": "The name of the resource group for time series insights service"
            }
        },
        "tsInsightsName": {
            "value": "",
            "metadata": {
                "description": "The name of the time series insights service"
            }
        },
        "tsInsightsSkuName": {
            "value": "S1",
            "metadata": {
                "description": "The sku for the time series insights service"
            }
        },
        "tsInsightsSkuTier": {
            "value": "Standard",
            "metadata": {
                "description": "The tier for the time series insights service"
            }
        },
        "tsInsightsSkuSize": {
            "value": "1",
            "metadata": {
                "description": "The size for the time series service"
            }
        },
        "tsInsightsSkuCapacity": {
            "value": "1",
            "metadata": {
                "description": "The capacity unites for the time series service"
            }
        },
        "tsInsightsDataRetentionTime": {
            "value": "P31D",
            "metadata": {
                "description": "The data retention time for the messages in the time series store"
            }
        },
        "tsInsightsFieldName": {
            "value": "deviceTimestamp",
            "metadata": {
                "description": "Timestamp field to use for time series insights"
            }
        },
        "tsInsightsKeyName": {
            "value": "service",
            "metadata": {
                "description": "key to use to access iot hub"
            }
        },
        "storageAccountLinkedServiceName": {
            "value": "LS_ABLB",
            "metadata": {
                "description": "Linked Service name for Storage Account"
            }
        },
        "storageAccountLinkedServiceNameUdl": {
            "value": "LS_ABLB_UDL",
            "metadata": {
                "description": "Linked Service name for Storage Account in t he UDL resorce group"
            }
        },
        "dataSeedLinkedServiceName": {
            "value": "LS_ABLB_DATASEED",
            "metadata": {
                "description": "The BLOB storage container where you deployment seed data is stored.  You can read data from here as part of your scripted deployment in any environment."
            }
        },
        "dataLakeStoreLinkedServiceNameUdl": {
            "value": "LS_ADLS_UDL",
            "metadata": {
                "description": "Linked Service name for Data Lake Store"
            }
        },
        "dataLakeStoreLinkedServiceName": {
            "value": "LS_ADLS",
            "metadata": {
                "description": "Linked Service name for Data Lake Store"
            }
        },
        "sqlDataWarehouseLinkedServiceName": {
            "value": "LS_ASDW",
            "metadata": {
                "description": "Linked Service name for Sql data warehouse"
            }
        },
        "sqlDatabaseLinkedServiceName": {
            "value": "LS_ASQL",
            "metadata": {
                "description": "Linked Service name for Sql database"
            }
        },
        "batchAccountLinkedServiceName": {
            "value": "LS_BATCH",
            "metadata": {
                "description": "Linked Service name for Batch Account"
            }
        },
        "sftpLinkedServiceName": {
            "value": "LS_SFTP",
            "metadata": {
                "description": "Linked Service name for sftp"
            }
        },
        "OnPremisesFileServerLinkedServiceName": {
            "value": "LS_FILE_ONPREM",
            "metadata": {
                "description": "Linked Service name for on prem file server"
            }
        },
        "dataLakeAnalyticsLinkedServiceName": {
            "value": "LS_ADLA",
            "metadata": {
                "description": "Linked Service name for Data Lake Analytics"
            }
        },
        "keyVaultLinkedServiceName": {
            "value": "LS_KV_LOCAL",
            "metadata": {
                "description": "Linked Service name for your private keyvault"
            }
        },
        "pslzlinkedServiceName": {
            "value": "LS_UDL_PSLZ",
            "metadata": {
                "description": "Linked Service name for your private keyvault"
            }
        },
        "pslzFolderName": {
            "value": "",
            "metadata": {
                "description": "Folder location of PSLZ in UDL"
            }
        },
        "pslzADGroupName": {
            "value": "",
            "metadata": {
                "description": "AAD Group name for PSLZ in UDL permissions"
            }
        },
        "pslzStoreName": {
            "value": "",
            "metadata": {
                "description": "UDL store name for Product specific landing zone"
            }
        },
        "pslzStoreResourceGroupName": {
            "value": "",
            "metadata": {
                "description": "Resource Group of UDL store for PSLZ "
            }
        },
        "pslzSubscriptionId": {
            "value": "",
            "metadata": {
                "description": "Subscription ID of UDL for PSLZ"
            }
        },
        "appContributorGroupName": {
            "value": "",
            "metadata": {
                "description": "Non functional AD group - App Contributor Group Name"
            }
        },
        "appContributorGroupId": {
            "value": "",
            "metadata": {
                "description": "Non functional AD group - App Contributor Group ID"
            }
        },
        "appReaderGroupName": {
            "value": "",
            "metadata": {
                "description": "Non functional AD group - App Reader Group Name"
            }
        },
        "appReaderGroupId": {
            "value": "",
            "metadata": {
                "description": "Non functional AD group - App Reader Group Id"
            }
        },
        "dataReaderGroupName": {
            "value": "",
            "metadata": {
                "description": "Non functional AD group - Data Reader Group Name"
            }
        },
        "stgReaderGroupName": {
            "value": "",
            "metadata": {
                "description": "Non functional AD group - Storage Reader Group Name"
            }
        },
        "databricksResourceGroupName": {
            "value": "",
            "metadata": {
                "description": "The name of the resource group for your databrick workspace."
            }
        },
        "databricksWorkspaceName": {
            "value": "",
            "metadata": {
                "description": "The name of your databrick workspace."
            }
        },
        "databricksTokenSecretName": {
            "value": "DatabricksAccessToken",
            "metadata": {
                "description": "The name of the key vault secret for the databrick workspace."
            }
        },
        "databricksPricingTier": {
            "value": "standard",
            "metadata": {
                "description": "The name pricing tier for your databrick workspace."
            }
        },
        "databricksSelfHostedIRName": {
            "value": "",
            "metadata": {
                "description": "The name of the self hosted IR for the databricks linked service. To use MS hosted leave blank"
            }
        },
        "databricksLinkedServiceName": {
            "value": "LS_ADB",
            "metadata": {
                "description": "The name of the ADF linked service for a databrick cluster1"
            }
        },
        "databricksCluster1": {
            "value": "",
            "metadata": {
                "description": "The config for a databrick cluster1"
            }
        },
        "databricksCluster2": {
            "value": "",
            "metadata": {
                "description": "The config for a databrick cluster2"
            }
        },
        "sftpHostSecretName": {
            "value": "sftp-host-name",
            "metadata": {
                "description": "The name of the keyvault secret that stores the sftp linked service host name."
            }
        },
        "sftpPortSecretName": {
            "value": "sftp-port",
            "metadata": {
                "description": "The name of the keyvault secret that stores the sftp linked service port."
            }
        },
        "sftpUserSecretName": {
            "value": "sftp-username",
            "metadata": {
                "description": "The name of the keyvault secret that stores the sftp linked service user name."
            }
        },
        "sftpPrivateKeySecretName": {
            "value": "sftp-privateKeyContent",
            "metadata": {
                "description": "The name of the keyvault secret that stores the sftp linked service private key content."
            }
        },
        "sftpPassPhraseSecretName": {
            "value": "sftp-passPhrase",
            "metadata": {
                "description": "The name of the keyvault secret that stores the sftp linked service host name."
            }
        },
        "sftpSelfHostedIRName": {
            "value": "",
            "metadata": {
                "description": "Set this if you want to use a self host IR for your ADF sftp linked service."
            }
        },
        "ftpHostSecretName": {
            "value": "ftp-host-name",
            "metadata": {
                "description": "The name of the keyvault secret that stores the ftp linked service host name."
            }
        },
        "ftpUserNameSecretName": {
            "value": "ftp-username",
            "metadata": {
                "description": "The name of the keyvault secret that stores the ftp linked service user name."
            }
        },
        "ftpPortSecretName": {
            "value": "ftp-port",
            "metadata": {
                "description": "The name of the keyvault secret that stores the ftp linked service private key content."
            }
        },
        "ftpPasswordSecretName": {
            "value": "ftp-password",
            "metadata": {
                "description": "The name of the keyvault secret that stores the ftp linked service private key content."
            }
        },
        "ftpSelfHostedIRName": {
            "value": "",
            "metadata": {
                "description": "Set this if you want to use a self host IR for your ADF ftp linked service."
            }
        },
        "virtualNetworkResourceGroupName": {
            "value": "",
            "metadata": {
                "description": "The name of the central resource group that houses virtual networks."
            }
        },
        "virtualNetworkName": {
            "value": "",
            "metadata": {
                "description": "The name of the central virtual network."
            }
        },
        "webhookSqlDwPause": {
            "value": "",
            "metadata": {
                "description": "The webhook Uri to pause sqldw."
            }
        },
        "webhookSqlDwResume": {
            "value": "",
            "metadata": {
                "description": "The webhook Uri to resume sqldw."
            }
        },
        "webhookAasPause": {
            "value": "",
            "metadata": {
                "description": "The webhook Uri to pause Azure analysis services."
            }
        },
        "webhookAasResume": {
            "value": "",
            "metadata": {
                "description": "The webhook Uri to resume Azure analysis services."
            }
        },
        "webhookScaleUpDownAAS": {
            "value": "",
            "metadata": {
                "description": "The webhook Uri to Scale Azure analysis services."
            }
        },
        "webhookScaleUpDownSql": {
            "value": "",
            "metadata": {
                "description": "The webhook Uri to Scale Azure SQL DB/DW services."
            }
        },
        "webhookProcessAAS": {
            "value": "",
            "metadata": {
                "description": "The webhook Uri to process a cube using TMSL refresh command."
            }
        },
        "webhookScaleUpDownWeb": {
            "value": "",
            "metadata": {
                "description": "The webhook Uri to scale up down web app service plan."
            }
        },
        "storageAccountConnectionSecretName": {
            "value": "LocalStorageAccountConnection",
            "metadata": {
                "description": ""
            }
        },
        "appServicePlanName": {
            "value": "",
            "metadata": {
                "description": "The name for the web application service plan."
            }
        },
        "webAppResourceGroupName": {
            "value": "",
            "metadata": {
                "description": "The name of the resource group web app resource group"
            }
        },
        "webAppName": {
            "value": "",
            "metadata": {
                "description": "The name of the web application."
            }
        },
        "webAppStack": {
            "value": "dotnet",
            "metadata": {
                "description": "Set this for the web application platform."
            }
        },
        "webAppNetFrameworkVersion": {
            "value": "4.7",
            "metadata": {
                "description": "Set this for the web application dotnet platform."
            }
        },
        "actionGroupSupportEmail" : {
            "value": "IATech.AzureLandscape@unilever.com",
            "metadata": {
                "description": "Email support address for automatic alerts metrics in ADF. Change to project support team"
            }
            
        },
        "functionAppName" :{
            "value": "",
            "metadata": {
                "description": "The function application name."
             }
        },
        "logAnalyticsResourceGroupName" :{
            "value": "",
            "metadata": {
                "description": "The resource group name for log analytics."
             }
        },
        "logAnalyticsWorkspaceName" :{
            "value": "",
            "metadata": {
                "description": "The workspace name for log analytics."
             }
        },
        "machineLearningWorkspaceName" :{
            "value": "",
            "metadata": {
                "description": "The workspace name for Machine Learning Studio."
             }
        },
        "machineLearningComputeClusterName" :{
            "value": "",
            "metadata": {
                "description": ""
             }
        },
        "machineLearningComputeIdleSecondsBeforeScaleDown" :{
            "value": "",
            "metadata": {
                "description": ""
             }
        },
        "machineLearningComputeMaxNodes" :{
            "value": "",
            "metadata": {
                "description": ""
             }
        },
        "machineLearningComputeMinNodes" :{
            "value": "",
            "metadata": {
                "description": ""
             }
        },
        "machineLearningComputeVmSize" :{
            "value": "",
            "metadata": {
                "description": ""
             }
        },
        "machineLearningLocation" :{
            "value": "",
            "metadata": {
                "description": ""
             }
        },
        "machineLearningExperimentName" :{
            "value": "",
            "metadata": {
                "description": ""
             }
        },
        "machineLearningModelName" :{
            "value": "",
            "metadata": {
                "description": ""
             }
        },
        "machineLearningModelGitFolder" :{
            "value": "",
            "metadata": {
                "description": ""
             }
        },
        "machineLearningKeyVaultName" :{
            "value": "",
            "metadata": {
                "description": "The name for Key Vault used by Machine Leanring Studio."
             }
        },
        "machineLearningResourceGroupName" :{
            "value": "",
            "metadata": {
                "description": "The name for Resource Group Name Machine Leanring Studio."
             }
        },
        "machineLearningAKSClusterName" :{
            "value": "",
            "metadata": {
                "description": "AKS cluster name."
             }
        },
        "machineLearningACIInstance" :{
            "value": "",
            "metadata": {
                "description": "ACI Instance name."
             }
        },
        "containerRegistryName" :{
            "value": "",
            "metadata": {
                "description": "The name for Container registry inside Machine Leanring Studio."
             }
        },
        "applicationInsightsName" :{
            "value": "",
            "metadata": {
                "description": "The name for Application Insights."
             }
        },
        "budgetAlertResourceGroupName" :{
            "value": "",
            "metadata": {
                "description": "The resource group which the budget alert will be set to."
             }
        },
        "budgetAlertName" :{
            "value": "",
            "metadata": {
                "description": "The resource group budget alert name."
             }
        },
        "budgetLimitGBP" :{
            "value": "840",
            "metadata": {
                "description": "The month budget limit for a resource group in GBP"
            }
        },
        "logicAppResourceGroupName" :{
            "value": "",
            "metadata": {
                "description": "Logic App Resource Group name"
            }
        },
        "logicAppName" :{
            "value": "",
            "metadata": {
                "description": "Logic App name"
            }
        },
        "logicAppSqlUserLogin" :{
            "value": "sqllogicappuser",
            "metadata": {
                "description": "Logic App SQLDW login name"
            }
        },
        "logicAppO365apiConnection" :{
            "value": "office365",
            "metadata": {
                "description": "Logic App O365 API connection name"
            }
        },        
        "logicAppDatalakeapiConnection" :{
            "value": "azuredatalake",
            "metadata": {
                "description": "Logic App Data Lake API connection name"
            }
        },        
        "logicAppDatalakeapiConnectionDisplay" :{
            "value": "azuredatalake",
            "metadata": {
                "description": "Logic App Data Lake API connection Display name"
            }
        },
        "logicAppSqlDWapiConnection" :{
            "value": "azuewSqlDw",
            "metadata": {
                "description": "Logic App Azure SQLDW API connection name"
            }
        },
        "logicAppSqlDWapiConnectionDisplay" :{
            "value": "azuewSqlDw",
            "metadata": {
                "description": "Logic App Azure SQLDW API connection Display name"
            }
        },
        "logicAppSqlapiConnection" :{
            "value": "azuewSql",
            "metadata": {
                "description": "Logic App Azure SQL API connection name"
            }
        },
        "logicAppSqlapiConnectionDisplay" :{
            "value": "azuewSql",
            "metadata": {
                "description": "Logic App Azure SQL API connection Display name"
            }
        },
        "azuremonitorlogs_name" :{
            "value": "monotorlogsapi",
            "metadata": {
                "description": "Logic App Azure Monitor Logs connection name"
            }
        },
        "azuremonitorlogs_DisplayName" :{
            "value": "monitorlogsapi",
            "metadata": {
                "description": "Logic App Azure Monitor Logs connection Display name"
            }
        },
        "streamAnalyticsJobResourceGroupName" :{
            "value": "",
            "metadata": {
                "description": "Stream Analytics Job ResourceGroup Name"
            }
        },
        "streamAnalyticsJobName" :{
            "value": "",
            "metadata": {
                "description": "Stream Analytics Job Name"
            }
        },
        "numberOfStreamingUnits" :{
            "value": "",
            "metadata": {
                "description": "Number Of Streaming Units"
            }
        },
        "apiconnection_adlsgen2_name" :{
            "value": "",
            "metadata": {
                "description": "Logic App ADLS Gen2 API Connection name"
            }
        }
    }
}