{
    "$schema": "https://schema.management.azure.com/schemas/2019-04-01/deploymentTemplate.json#",
    "contentVersion": "1.0.0.0",
    "parameters": {
      "redisCacheName": {
        "type": "string",
        "metadata": {
          "description": "The name of the Azure Redis Cache to create."
        }
      },
      "redisCacheSKU": {
        "type": "string",
        "allowedValues": [
          "Basic",
          "Standard",
          "Premium"
        ],
        "defaultValue": "Standard",
        "metadata": {
          "description": "The pricing tier of the new Azure Redis Cache."
        }
      },
      "redisCacheFamily": {
        "type": "string",
        "defaultValue": "C",
        "metadata": {
          "description": "The family for the sku."
        },
        "allowedValues": [
          "C",
          "P"
        ]
      },
      "redisCacheCapacity": {
        "type": "int",
        "allowedValues": [
          0,
          1,
          2,
          3,
          4,
          5,
          6
        ],
        "defaultValue": 1,
        "metadata": {
          "description": "The size of the new Azure Redis Cache instance. "
        }
      },
      "enableNonSslPort": {
        "type": "bool",
        "defaultValue": false,
        "metadata": {
          "description": "A boolean value that indicates whether to allow access via non-SSL ports."
        }
      },
      "diagnosticsEnabled": {
        "type": "bool",
        "defaultValue": false,
        "metadata": {
          "description": "A value that indicates whether diagnostics should be saved to the specified storage account."
        }
      }
    },
    "resources": [
      {
        "apiVersion": "2015-08-01",
        "name": "[parameters('redisCacheName')]",
        "type": "Microsoft.Cache/Redis",
        "location": "[resourceGroup().location]",
        "properties": {
          "enableNonSslPort": "[parameters('enableNonSslPort')]",
          "sku": {
            "capacity": "[parameters('redisCacheCapacity')]",
            "family": "[parameters('redisCacheFamily')]",
            "name": "[parameters('redisCacheSKU')]"
          }
        }
      }
    ]
  }