{
  "$schema": "https://schema.management.azure.com/schemas/2015-01-01/deploymentTemplate.json#",
  "contentVersion": "1.0.0.0",
  "parameters": {
    "storageAccountName": {
      "type": "string",
      "metadata": {
        "description": "Unique DNS name for the storage account where the sql audit information will be placed."
      }
    },
    "storageType": {
      "type": "string",
      "defaultValue": "Standard_LRS",
      "allowedValues": [
        "Standard_LRS",
        "Standard_GRS",
        "Standard_ZRS"
      ],
      "metadata": {
          "description" : "The type of storage to use."
      }
    },
    "storageAccessType": {
      "type": "string",
      "defaultValue": "Hot",
      "allowedValues": [
        "Hot",
        "Cool"
      ]
    },    
    "location": {
      "type": "string",
      "metadata": {
        "Description": "The location of the storage account."
      }
    },
    "apiVersion": {
        "type": "string",
        "defaultValue": "2019-04-01",
        "metadata": {
            "description" : "The version of the API to use for deployment"
        }
    },
    "tagValues": {
        "type": "object",
        "metadata": {
            "description": "The custom tags for this component"
        }
    }    
  },
  "variables": {},
  "resources": [
    {
      "type": "Microsoft.Storage/storageAccounts",
      "apiVersion": "[parameters('apiVersion')]",
      "name": "[parameters('storageAccountName')]",
      "location": "[parameters('location')]",
      "tags":"[parameters('tagValues')]",
      "sku": {
          "name": "[parameters('storageType')]",
          "tier": "Standard"
      },
      "kind": "StorageV2",
      "properties": {                          
        "encryption": {
            "keySource": "Microsoft.Storage",
            "services": {
                "blob": {
                    "enabled": true
                }
            }
        },
        "supportsHttpsTrafficOnly": true
      }
    }
  ]
}