{
    "$schema": "https://schema.management.azure.com/schemas/2015-01-01/deploymentTemplate.json#",
    "contentVersion": "1.0.0.0",
    "parameters": {
        "storageAccountName": {
            "defaultValue": "",
            "type": "String"
        },
        "location": {
            "defaultValue": "westeurope",
            "type": "String"
        },
        "tagValues": {
            "type": "object",
            "metadata": {
                "description": "The custom tags for this component"
            }
        },
        "apiVersion": {
            "type": "string",
            "defaultValue": "2019-04-01",
            "metadata": {
                "description": "The api version to deploy the gen2 data lake store."
            }
        },
        "sku": {
            "type": "string",
            "defaultValue": "Standard_RAGRS",
            "metadata": {
                "description": "The sku for standard tier. (We don't use premium)"
            }, "allowedValues": ["Standard_RAGRS","Standard_LRS","Standard_ZRS","Standard_GRS","Standard_GZRS","Standard_RAGZRS"]
        }

    },
    "variables": {},
    "resources": [
        {
            "type": "Microsoft.Storage/storageAccounts",
            "apiVersion": "[parameters('apiVersion')]",
            "name": "[parameters('storageAccountName')]",
            "location": "[parameters('location')]",
            "tags":"[parameters('tagValues')]",
            "sku": {
                "name": "[parameters('sku')]",
                "tier": "Standard"
            },
            "kind": "StorageV2",
            "properties": {
                "isHnsEnabled": true,
                "networkAcls": {
                    "bypass": "AzureServices",
                    "virtualNetworkRules": [],
                    "ipRules": [],
                    "defaultAction": "Allow"
                },
                "supportsHttpsTrafficOnly": true,
                "encryption": {
                    "services": {
                        "file": {
                            "enabled": true
                        },
                        "blob": {
                            "enabled": true
                        }
                    },
                    "keySource": "Microsoft.Storage"
                },
                "accessTier": "Hot"
            }
        }
    ]
}