{
    "$schema": "https://schema.management.azure.com/schemas/2019-04-01/deploymentTemplate.json#",
    "contentVersion": "1.1.0.0",
    "parameters": {
        "location": {
            "type": "string",
            "defaultValue": "[resourceGroup().location]",
            "metadata": {
                "description": "Location for the resources."
            }
        },
        "streamAnalyticsJobName": {
            "type": "string",
            "minLength": 3,
            "maxLength": 63,
            "metadata": {
                "description": "Stream Analytics Job Name, can contain alphanumeric characters and hypen and must be 3-63 characters long"
            }
        },
        "numberOfStreamingUnits": {
            "type": "int",
            "minValue": 1,
            "maxValue": 48,
            "allowedValues": [
                1,
                3,
                6,
                12,
                18,
                24,
                30,
                36,
                42,
                48
            ],
            "metadata": {
                "description": "Number of Streaming Units"
            }
        }
    },
    "resources": [
        {
            "type": "Microsoft.StreamAnalytics/StreamingJobs",
            "apiVersion": "2019-06-01",
            "name": "[parameters('streamAnalyticsJobName')]",
            "location": "[parameters('location')]",
            "properties": {
                "sku": {
                    "name": "standard"
                },
                "outputErrorPolicy": "stop",
                "eventsOutOfOrderPolicy": "adjust",
                "eventsOutOfOrderMaxDelayInSeconds": 0,
                "eventsLateArrivalMaxDelayInSeconds": 5,
                "dataLocale": "en-US",
                "transformation": {
                    "name": "Transformation",
                    "properties": {
                        "streamingUnits": "[parameters('numberOfStreamingUnits')]",
                        "query": "SELECT\r\n    *\r\nINTO\r\n    [YourOutputAlias]\r\nFROM\r\n    [YourInputAlias]"
                    }
                }
            }
        }
    ]
}