{
    "$schema": "http://schema.management.azure.com/schemas/2015-01-01/deploymentTemplate.json#",
    "contentVersion": "1.0.0.0",
    "parameters": {
        "subscriptionId": {
            "type": "string"
        },
        "appServiceName": {
            "type": "string"
        },
        "location": {
            "type": "string"
        },
        "hostingEnvironment": {
            "type": "string"
        },
        "hostingPlanName": {
            "type": "string"
        },
        "serverFarmResourceGroup": {
            "type": "string"
        },
        //"alwaysOn": {
        //    "type": "bool"
        //},
        "currentStack": {
            "type": "string"
        },
        "netFrameworkVersion": {
            "type": "string"
        }
    },
    "resources": [
        {
            "apiVersion": "2018-02-01",
            "name": "[parameters('appServiceName')]",
            "type": "Microsoft.Web/sites",
            "location": "[parameters('location')]",
            "kind": "app",
            "identity": {
                "principalId": null,
                "tenantId": null,
                "type": "SystemAssigned"
            },
            "tags": {},
            "dependsOn": null,
            "properties": {
                "enabled":true,
                "name": "[parameters('appServiceName')]",
                "siteConfig": {
                    "appSettings": [],
                    "metadata": [
                        {
                            "name": "CURRENT_STACK",
                            "value": "[parameters('currentStack')]"
                        }
                    ],
                    "netFrameworkVersion": "[parameters('netFrameworkVersion')]"
                    //"alwaysOn": "[parameters('alwaysOn')]"
                },
                "serverFarmId": "[concat('/subscriptions/', parameters('subscriptionId'),'/resourcegroups/', parameters('serverFarmResourceGroup'), '/providers/Microsoft.Web/serverfarms/', parameters('hostingPlanName'))]",
                "hostingEnvironment": "[parameters('hostingEnvironment')]",
                "clientAffinityEnabled": true,
                "httpsOnly": true
            }
        }
    ]
}