{
    "$schema": "https://schema.management.azure.com/schemas/2015-01-01/deploymentTemplate.json#",
    "contentVersion": "1.0.0.0",
    "parameters": {
        "appServicePlanName": {
            "type": "string"
        },
        "location": {
            "type": "string"
        }
    },
    "variables": {},
    "resources": [
        {
            "type": "Microsoft.Web/serverfarms",
            "apiVersion": "2016-09-01",
            "name": "[parameters('appServicePlanName')]",
            "location": "[parameters('location')]",
            "sku": {
                "name": "D1",
                "tier": "Shared",
                "size": "D1",
                "family": "D",
                "capacity": 0
            },
            "kind": "app",
            "properties": {
                "name": "[parameters('appServicePlanName')]",
                "perSiteScaling": false,
                "reserved": false,
                "targetWorkerCount": 0,
                "targetWorkerSizeId": 0
            }
        }
    ]
}